400 campaigns across 8 cells
/Users/jy/BO/nutrigene-ai-bo-ipsec/.venv/lib/python3.11/site-packages/botorch/optim/optimize.py:844: RuntimeWarning: Optimization failed in `gen_candidates_scipy` with the following warning(s):
[NumericalWarning('A not p.d., added jitter of 1.0e-08 to the diagonal'), OptimizationWarning('Optimization failed within `scipy.optimize.minimize` with status 2 and message ABNORMAL: .')]
Trying again with a new set of initial conditions.
  return _optimize_acqf_batch(opt_inputs=opt_inputs)
/Users/jy/BO/nutrigene-ai-bo-ipsec/.venv/lib/python3.11/site-packages/botorch/optim/optimize.py:844: RuntimeWarning: Optimization failed in `gen_candidates_scipy` with the following warning(s):
[OptimizationWarning('Optimization failed within `scipy.optimize.minimize` with status 2 and message ABNORMAL: .')]
Trying again with a new set of initial conditions.
  return _optimize_acqf_batch(opt_inputs=opt_inputs)
/Users/jy/BO/nutrigene-ai-bo-ipsec/.venv/lib/python3.11/site-packages/botorch/optim/optimize.py:844: RuntimeWarning: Optimization failed in `gen_candidates_scipy` with the following warning(s):
[NumericalWarning('A not p.d., added jitter of 1.0e-08 to the diagonal'), OptimizationWarning('Optimization failed within `scipy.optimize.minimize` with status 2 and message ABNORMAL: .')]
Trying again with a new set of initial conditions.
  return _optimize_acqf_batch(opt_inputs=opt_inputs)
/Users/jy/BO/nutrigene-ai-bo-ipsec/.venv/lib/python3.11/site-packages/botorch/optim/optimize.py:844: RuntimeWarning: Optimization failed in `gen_candidates_scipy` with the following warning(s):
[OptimizationWarning('Optimization failed within `scipy.optimize.minimize` with status 2 and message ABNORMAL: .')]
Trying again with a new set of initial conditions.
  return _optimize_acqf_batch(opt_inputs=opt_inputs)
/Users/jy/BO/nutrigene-ai-bo-ipsec/.venv/lib/python3.11/site-packages/botorch/optim/optimize.py:844: RuntimeWarning: Optimization failed on the second try, after generating a new set of initial conditions.
  return _optimize_acqf_batch(opt_inputs=opt_inputs)
/Users/jy/BO/nutrigene-ai-bo-ipsec/.venv/lib/python3.11/site-packages/botorch/optim/optimize.py:844: RuntimeWarning: Optimization failed in `gen_candidates_scipy` with the following warning(s):
[OptimizationWarning('Optimization failed within `scipy.optimize.minimize` with status 2 and message ABNORMAL: .')]
Trying again with a new set of initial conditions.
  return _optimize_acqf_batch(opt_inputs=opt_inputs)
/Users/jy/BO/nutrigene-ai-bo-ipsec/.venv/lib/python3.11/site-packages/botorch/optim/optimize.py:844: RuntimeWarning: Optimization failed in `gen_candidates_scipy` with the following warning(s):
[OptimizationWarning('Optimization failed within `scipy.optimize.minimize` with status 2 and message ABNORMAL: .')]
Trying again with a new set of initial conditions.
  return _optimize_acqf_batch(opt_inputs=opt_inputs)
/Users/jy/BO/nutrigene-ai-bo-ipsec/.venv/lib/python3.11/site-packages/botorch/optim/optimize.py:844: RuntimeWarning: Optimization failed in `gen_candidates_scipy` with the following warning(s):
[OptimizationWarning('Optimization failed within `scipy.optimize.minimize` with status 2 and message ABNORMAL: .')]
Trying again with a new set of initial conditions.
  return _optimize_acqf_batch(opt_inputs=opt_inputs)
  50/400
/Users/jy/BO/nutrigene-ai-bo-ipsec/.venv/lib/python3.11/site-packages/botorch/optim/optimize.py:844: RuntimeWarning: Optimization failed in `gen_candidates_scipy` with the following warning(s):
[NumericalWarning('A not p.d., added jitter of 1.0e-08 to the diagonal'), OptimizationWarning('Optimization failed within `scipy.optimize.minimize` with status 2 and message ABNORMAL: .'), OptimizationWarning('Optimization failed within `scipy.optimize.minimize` with status 2 and message ABNORMAL: .')]
Trying again with a new set of initial conditions.
  return _optimize_acqf_batch(opt_inputs=opt_inputs)
/Users/jy/BO/nutrigene-ai-bo-ipsec/.venv/lib/python3.11/site-packages/botorch/optim/optimize.py:844: RuntimeWarning: Optimization failed in `gen_candidates_scipy` with the following warning(s):
[OptimizationWarning('Optimization failed within `scipy.optimize.minimize` with status 2 and message ABNORMAL: .')]
Trying again with a new set of initial conditions.
  return _optimize_acqf_batch(opt_inputs=opt_inputs)
/Users/jy/BO/nutrigene-ai-bo-ipsec/.venv/lib/python3.11/site-packages/botorch/optim/optimize.py:844: RuntimeWarning: Optimization failed on the second try, after generating a new set of initial conditions.
  return _optimize_acqf_batch(opt_inputs=opt_inputs)
/Users/jy/BO/nutrigene-ai-bo-ipsec/.venv/lib/python3.11/site-packages/botorch/optim/optimize.py:844: RuntimeWarning: Optimization failed in `gen_candidates_scipy` with the following warning(s):
[NumericalWarning('A not p.d., added jitter of 1.0e-08 to the diagonal'), OptimizationWarning('Optimization failed within `scipy.optimize.minimize` with status 2 and message ABNORMAL: .')]
Trying again with a new set of initial conditions.
  return _optimize_acqf_batch(opt_inputs=opt_inputs)
/Users/jy/BO/nutrigene-ai-bo-ipsec/.venv/lib/python3.11/site-packages/botorch/optim/optimize.py:844: RuntimeWarning: Optimization failed in `gen_candidates_scipy` with the following warning(s):
[NumericalWarning('A not p.d., added jitter of 1.0e-08 to the diagonal'), OptimizationWarning('Optimization failed within `scipy.optimize.minimize` with status 2 and message ABNORMAL: .'), OptimizationWarning('Optimization failed within `scipy.optimize.minimize` with status 2 and message ABNORMAL: .'), NumericalWarning('A not p.d., added jitter of 1.0e-08 to the diagonal')]
Trying again with a new set of initial conditions.
  return _optimize_acqf_batch(opt_inputs=opt_inputs)
/Users/jy/BO/nutrigene-ai-bo-ipsec/.venv/lib/python3.11/site-packages/botorch/optim/optimize.py:844: RuntimeWarning: Optimization failed on the second try, after generating a new set of initial conditions.
  return _optimize_acqf_batch(opt_inputs=opt_inputs)
/Users/jy/BO/nutrigene-ai-bo-ipsec/.venv/lib/python3.11/site-packages/botorch/optim/optimize.py:844: RuntimeWarning: Optimization failed in `gen_candidates_scipy` with the following warning(s):
[NumericalWarning('A not p.d., added jitter of 1.0e-08 to the diagonal'), OptimizationWarning('Optimization failed within `scipy.optimize.minimize` with status 2 and message ABNORMAL: .'), NumericalWarning('A not p.d., added jitter of 1.0e-08 to the diagonal')]
Trying again with a new set of initial conditions.
  return _optimize_acqf_batch(opt_inputs=opt_inputs)
/Users/jy/BO/nutrigene-ai-bo-ipsec/.venv/lib/python3.11/site-packages/botorch/optim/optimize.py:844: RuntimeWarning: Optimization failed in `gen_candidates_scipy` with the following warning(s):
[NumericalWarning('A not p.d., added jitter of 1.0e-08 to the diagonal'), OptimizationWarning('Optimization failed within `scipy.optimize.minimize` with status 2 and message ABNORMAL: .')]
Trying again with a new set of initial conditions.
  return _optimize_acqf_batch(opt_inputs=opt_inputs)
/Users/jy/BO/nutrigene-ai-bo-ipsec/.venv/lib/python3.11/site-packages/botorch/optim/optimize.py:844: RuntimeWarning: Optimization failed in `gen_candidates_scipy` with the following warning(s):
[NumericalWarning('A not p.d., added jitter of 1.0e-08 to the diagonal'), OptimizationWarning('Optimization failed within `scipy.optimize.minimize` with status 2 and message ABNORMAL: .'), NumericalWarning('A not p.d., added jitter of 1.0e-08 to the diagonal')]
Trying again with a new set of initial conditions.
  return _optimize_acqf_batch(opt_inputs=opt_inputs)
/Users/jy/BO/nutrigene-ai-bo-ipsec/.venv/lib/python3.11/site-packages/botorch/optim/optimize.py:844: RuntimeWarning: Optimization failed in `gen_candidates_scipy` with the following warning(s):
[NumericalWarning('A not p.d., added jitter of 1.0e-08 to the diagonal'), OptimizationWarning('Optimization failed within `scipy.optimize.minimize` with status 2 and message ABNORMAL: .'), NumericalWarning('A not p.d., added jitter of 1.0e-08 to the diagonal')]
Trying again with a new set of initial conditions.
  return _optimize_acqf_batch(opt_inputs=opt_inputs)
/Users/jy/BO/nutrigene-ai-bo-ipsec/.venv/lib/python3.11/site-packages/botorch/optim/optimize.py:844: RuntimeWarning: Optimization failed on the second try, after generating a new set of initial conditions.
  return _optimize_acqf_batch(opt_inputs=opt_inputs)
/Users/jy/BO/nutrigene-ai-bo-ipsec/.venv/lib/python3.11/site-packages/botorch/optim/optimize.py:844: RuntimeWarning: Optimization failed in `gen_candidates_scipy` with the following warning(s):
[NumericalWarning('A not p.d., added jitter of 1.0e-08 to the diagonal'), OptimizationWarning('Optimization failed within `scipy.optimize.minimize` with status 2 and message ABNORMAL: .'), NumericalWarning('A not p.d., added jitter of 1.0e-08 to the diagonal')]
Trying again with a new set of initial conditions.
  return _optimize_acqf_batch(opt_inputs=opt_inputs)
/Users/jy/BO/nutrigene-ai-bo-ipsec/.venv/lib/python3.11/site-packages/botorch/optim/optimize.py:844: RuntimeWarning: Optimization failed in `gen_candidates_scipy` with the following warning(s):
[NumericalWarning('A not p.d., added jitter of 1.0e-08 to the diagonal'), OptimizationWarning('Optimization failed within `scipy.optimize.minimize` with status 2 and message ABNORMAL: .'), NumericalWarning('A not p.d., added jitter of 1.0e-08 to the diagonal')]
Trying again with a new set of initial conditions.
  return _optimize_acqf_batch(opt_inputs=opt_inputs)
/Users/jy/BO/nutrigene-ai-bo-ipsec/.venv/lib/python3.11/site-packages/botorch/optim/optimize.py:844: RuntimeWarning: Optimization failed in `gen_candidates_scipy` with the following warning(s):
[NumericalWarning('A not p.d., added jitter of 1.0e-08 to the diagonal'), OptimizationWarning('Optimization failed within `scipy.optimize.minimize` with status 2 and message ABNORMAL: .'), OptimizationWarning('Optimization failed within `scipy.optimize.minimize` with status 2 and message ABNORMAL: .'), NumericalWarning('A not p.d., added jitter of 1.0e-08 to the diagonal')]
Trying again with a new set of initial conditions.
  return _optimize_acqf_batch(opt_inputs=opt_inputs)
/Users/jy/BO/nutrigene-ai-bo-ipsec/.venv/lib/python3.11/site-packages/botorch/optim/optimize.py:844: RuntimeWarning: Optimization failed in `gen_candidates_scipy` with the following warning(s):
[NumericalWarning('A not p.d., added jitter of 1.0e-08 to the diagonal'), OptimizationWarning('Optimization failed within `scipy.optimize.minimize` with status 2 and message ABNORMAL: .'), NumericalWarning('A not p.d., added jitter of 1.0e-08 to the diagonal')]
Trying again with a new set of initial conditions.
  return _optimize_acqf_batch(opt_inputs=opt_inputs)
/Users/jy/BO/nutrigene-ai-bo-ipsec/.venv/lib/python3.11/site-packages/botorch/optim/optimize.py:844: RuntimeWarning: Optimization failed in `gen_candidates_scipy` with the following warning(s):
[NumericalWarning('A not p.d., added jitter of 1.0e-08 to the diagonal'), OptimizationWarning('Optimization failed within `scipy.optimize.minimize` with status 2 and message ABNORMAL: .'), NumericalWarning('A not p.d., added jitter of 1.0e-08 to the diagonal')]
Trying again with a new set of initial conditions.
  return _optimize_acqf_batch(opt_inputs=opt_inputs)
/Users/jy/BO/nutrigene-ai-bo-ipsec/.venv/lib/python3.11/site-packages/botorch/optim/optimize.py:844: RuntimeWarning: Optimization failed on the second try, after generating a new set of initial conditions.
  return _optimize_acqf_batch(opt_inputs=opt_inputs)
/Users/jy/BO/nutrigene-ai-bo-ipsec/.venv/lib/python3.11/site-packages/botorch/optim/optimize.py:844: RuntimeWarning: Optimization failed in `gen_candidates_scipy` with the following warning(s):
[NumericalWarning('A not p.d., added jitter of 1.0e-08 to the diagonal'), OptimizationWarning('Optimization failed within `scipy.optimize.minimize` with status 2 and message ABNORMAL: .')]
Trying again with a new set of initial conditions.
  return _optimize_acqf_batch(opt_inputs=opt_inputs)
/Users/jy/BO/nutrigene-ai-bo-ipsec/.venv/lib/python3.11/site-packages/botorch/optim/optimize.py:844: RuntimeWarning: Optimization failed in `gen_candidates_scipy` with the following warning(s):
[NumericalWarning('A not p.d., added jitter of 1.0e-08 to the diagonal'), OptimizationWarning('Optimization failed within `scipy.optimize.minimize` with status 2 and message ABNORMAL: .'), NumericalWarning('A not p.d., added jitter of 1.0e-08 to the diagonal')]
Trying again with a new set of initial conditions.
  return _optimize_acqf_batch(opt_inputs=opt_inputs)
/Users/jy/BO/nutrigene-ai-bo-ipsec/.venv/lib/python3.11/site-packages/botorch/optim/optimize.py:844: RuntimeWarning: Optimization failed in `gen_candidates_scipy` with the following warning(s):
[NumericalWarning('A not p.d., added jitter of 1.0e-08 to the diagonal'), OptimizationWarning('Optimization failed within `scipy.optimize.minimize` with status 2 and message ABNORMAL: .'), NumericalWarning('A not p.d., added jitter of 1.0e-08 to the diagonal')]
Trying again with a new set of initial conditions.
  return _optimize_acqf_batch(opt_inputs=opt_inputs)
/Users/jy/BO/nutrigene-ai-bo-ipsec/.venv/lib/python3.11/site-packages/botorch/optim/optimize.py:844: RuntimeWarning: Optimization failed in `gen_candidates_scipy` with the following warning(s):
[NumericalWarning('A not p.d., added jitter of 1.0e-08 to the diagonal'), OptimizationWarning('Optimization failed within `scipy.optimize.minimize` with status 2 and message ABNORMAL: .'), NumericalWarning('A not p.d., added jitter of 1.0e-08 to the diagonal')]
Trying again with a new set of initial conditions.
  return _optimize_acqf_batch(opt_inputs=opt_inputs)
/Users/jy/BO/nutrigene-ai-bo-ipsec/.venv/lib/python3.11/site-packages/botorch/optim/optimize.py:844: RuntimeWarning: Optimization failed in `gen_candidates_scipy` with the following warning(s):
[NumericalWarning('A not p.d., added jitter of 1.0e-08 to the diagonal'), OptimizationWarning('Optimization failed within `scipy.optimize.minimize` with status 2 and message ABNORMAL: .'), NumericalWarning('A not p.d., added jitter of 1.0e-08 to the diagonal')]
Trying again with a new set of initial conditions.
  return _optimize_acqf_batch(opt_inputs=opt_inputs)
/Users/jy/BO/nutrigene-ai-bo-ipsec/.venv/lib/python3.11/site-packages/botorch/optim/optimize.py:844: RuntimeWarning: Optimization failed in `gen_candidates_scipy` with the following warning(s):
[NumericalWarning('A not p.d., added jitter of 1.0e-08 to the diagonal'), OptimizationWarning('Optimization failed within `scipy.optimize.minimize` with status 2 and message ABNORMAL: .'), NumericalWarning('A not p.d., added jitter of 1.0e-08 to the diagonal')]
Trying again with a new set of initial conditions.
  return _optimize_acqf_batch(opt_inputs=opt_inputs)
/Users/jy/BO/nutrigene-ai-bo-ipsec/.venv/lib/python3.11/site-packages/botorch/optim/optimize.py:844: RuntimeWarning: Optimization failed in `gen_candidates_scipy` with the following warning(s):
[NumericalWarning('A not p.d., added jitter of 1.0e-08 to the diagonal'), OptimizationWarning('Optimization failed within `scipy.optimize.minimize` with status 2 and message ABNORMAL: .'), NumericalWarning('A not p.d., added jitter of 1.0e-08 to the diagonal')]
Trying again with a new set of initial conditions.
  return _optimize_acqf_batch(opt_inputs=opt_inputs)
/Users/jy/BO/nutrigene-ai-bo-ipsec/.venv/lib/python3.11/site-packages/botorch/optim/optimize.py:844: RuntimeWarning: Optimization failed on the second try, after generating a new set of initial conditions.
  return _optimize_acqf_batch(opt_inputs=opt_inputs)
/Users/jy/BO/nutrigene-ai-bo-ipsec/.venv/lib/python3.11/site-packages/botorch/optim/optimize.py:844: RuntimeWarning: Optimization failed in `gen_candidates_scipy` with the following warning(s):
[NumericalWarning('A not p.d., added jitter of 1.0e-08 to the diagonal'), OptimizationWarning('Optimization failed within `scipy.optimize.minimize` with status 2 and message ABNORMAL: .'), NumericalWarning('A not p.d., added jitter of 1.0e-08 to the diagonal')]
Trying again with a new set of initial conditions.
  return _optimize_acqf_batch(opt_inputs=opt_inputs)
/Users/jy/BO/nutrigene-ai-bo-ipsec/.venv/lib/python3.11/site-packages/botorch/optim/optimize.py:844: RuntimeWarning: Optimization failed in `gen_candidates_scipy` with the following warning(s):
[NumericalWarning('A not p.d., added jitter of 1.0e-08 to the diagonal'), OptimizationWarning('Optimization failed within `scipy.optimize.minimize` with status 2 and message ABNORMAL: .'), NumericalWarning('A not p.d., added jitter of 1.0e-08 to the diagonal')]
Trying again with a new set of initial conditions.
  return _optimize_acqf_batch(opt_inputs=opt_inputs)
/Users/jy/BO/nutrigene-ai-bo-ipsec/.venv/lib/python3.11/site-packages/botorch/optim/optimize.py:844: RuntimeWarning: Optimization failed in `gen_candidates_scipy` with the following warning(s):
[OptimizationWarning('Optimization failed within `scipy.optimize.minimize` with status 2 and message ABNORMAL: .')]
Trying again with a new set of initial conditions.
  return _optimize_acqf_batch(opt_inputs=opt_inputs)
/Users/jy/BO/nutrigene-ai-bo-ipsec/.venv/lib/python3.11/site-packages/botorch/optim/optimize.py:844: RuntimeWarning: Optimization failed in `gen_candidates_scipy` with the following warning(s):
[NumericalWarning('A not p.d., added jitter of 1.0e-08 to the diagonal'), OptimizationWarning('Optimization failed within `scipy.optimize.minimize` with status 2 and message ABNORMAL: .'), NumericalWarning('A not p.d., added jitter of 1.0e-08 to the diagonal')]
Trying again with a new set of initial conditions.
  return _optimize_acqf_batch(opt_inputs=opt_inputs)
/Users/jy/BO/nutrigene-ai-bo-ipsec/.venv/lib/python3.11/site-packages/botorch/optim/optimize.py:844: RuntimeWarning: Optimization failed in `gen_candidates_scipy` with the following warning(s):
[OptimizationWarning('Optimization failed within `scipy.optimize.minimize` with status 2 and message ABNORMAL: .')]
Trying again with a new set of initial conditions.
  return _optimize_acqf_batch(opt_inputs=opt_inputs)
/Users/jy/BO/nutrigene-ai-bo-ipsec/.venv/lib/python3.11/site-packages/botorch/optim/optimize.py:844: RuntimeWarning: Optimization failed in `gen_candidates_scipy` with the following warning(s):
[NumericalWarning('A not p.d., added jitter of 1.0e-08 to the diagonal'), OptimizationWarning('Optimization failed within `scipy.optimize.minimize` with status 2 and message ABNORMAL: .'), NumericalWarning('A not p.d., added jitter of 1.0e-08 to the diagonal')]
Trying again with a new set of initial conditions.
  return _optimize_acqf_batch(opt_inputs=opt_inputs)
/Users/jy/BO/nutrigene-ai-bo-ipsec/.venv/lib/python3.11/site-packages/botorch/optim/optimize.py:844: RuntimeWarning: Optimization failed in `gen_candidates_scipy` with the following warning(s):
[NumericalWarning('A not p.d., added jitter of 1.0e-08 to the diagonal'), OptimizationWarning('Optimization failed within `scipy.optimize.minimize` with status 2 and message ABNORMAL: .')]
Trying again with a new set of initial conditions.
  return _optimize_acqf_batch(opt_inputs=opt_inputs)
/Users/jy/BO/nutrigene-ai-bo-ipsec/.venv/lib/python3.11/site-packages/botorch/optim/optimize.py:844: RuntimeWarning: Optimization failed in `gen_candidates_scipy` with the following warning(s):
[OptimizationWarning('Optimization failed within `scipy.optimize.minimize` with status 2 and message ABNORMAL: .')]
Trying again with a new set of initial conditions.
  return _optimize_acqf_batch(opt_inputs=opt_inputs)
/Users/jy/BO/nutrigene-ai-bo-ipsec/.venv/lib/python3.11/site-packages/botorch/optim/optimize.py:844: RuntimeWarning: Optimization failed in `gen_candidates_scipy` with the following warning(s):
[NumericalWarning('A not p.d., added jitter of 1.0e-08 to the diagonal'), OptimizationWarning('Optimization failed within `scipy.optimize.minimize` with status 2 and message ABNORMAL: .'), NumericalWarning('A not p.d., added jitter of 1.0e-08 to the diagonal')]
Trying again with a new set of initial conditions.
  return _optimize_acqf_batch(opt_inputs=opt_inputs)
/Users/jy/BO/nutrigene-ai-bo-ipsec/.venv/lib/python3.11/site-packages/botorch/optim/optimize.py:844: RuntimeWarning: Optimization failed in `gen_candidates_scipy` with the following warning(s):
[OptimizationWarning('Optimization failed within `scipy.optimize.minimize` with status 2 and message ABNORMAL: .')]
Trying again with a new set of initial conditions.
  return _optimize_acqf_batch(opt_inputs=opt_inputs)
/Users/jy/BO/nutrigene-ai-bo-ipsec/.venv/lib/python3.11/site-packages/botorch/optim/optimize.py:844: RuntimeWarning: Optimization failed in `gen_candidates_scipy` with the following warning(s):
[NumericalWarning('A not p.d., added jitter of 1.0e-08 to the diagonal'), OptimizationWarning('Optimization failed within `scipy.optimize.minimize` with status 2 and message ABNORMAL: .'), NumericalWarning('A not p.d., added jitter of 1.0e-08 to the diagonal')]
Trying again with a new set of initial conditions.
  return _optimize_acqf_batch(opt_inputs=opt_inputs)
/Users/jy/BO/nutrigene-ai-bo-ipsec/.venv/lib/python3.11/site-packages/botorch/optim/optimize.py:844: RuntimeWarning: Optimization failed on the second try, after generating a new set of initial conditions.
  return _optimize_acqf_batch(opt_inputs=opt_inputs)
/Users/jy/BO/nutrigene-ai-bo-ipsec/.venv/lib/python3.11/site-packages/botorch/optim/optimize.py:844: RuntimeWarning: Optimization failed in `gen_candidates_scipy` with the following warning(s):
[OptimizationWarning('Optimization failed within `scipy.optimize.minimize` with status 2 and message ABNORMAL: .')]
Trying again with a new set of initial conditions.
  return _optimize_acqf_batch(opt_inputs=opt_inputs)
/Users/jy/BO/nutrigene-ai-bo-ipsec/.venv/lib/python3.11/site-packages/botorch/optim/optimize.py:844: RuntimeWarning: Optimization failed in `gen_candidates_scipy` with the following warning(s):
[NumericalWarning('A not p.d., added jitter of 1.0e-08 to the diagonal'), OptimizationWarning('Optimization failed within `scipy.optimize.minimize` with status 2 and message ABNORMAL: .'), OptimizationWarning('Optimization failed within `scipy.optimize.minimize` with status 2 and message ABNORMAL: .'), OptimizationWarning('Optimization failed within `scipy.optimize.minimize` with status 2 and message ABNORMAL: .'), NumericalWarning('A not p.d., added jitter of 1.0e-08 to the diagonal')]
Trying again with a new set of initial conditions.
  return _optimize_acqf_batch(opt_inputs=opt_inputs)
/Users/jy/BO/nutrigene-ai-bo-ipsec/.venv/lib/python3.11/site-packages/botorch/optim/optimize.py:844: RuntimeWarning: Optimization failed on the second try, after generating a new set of initial conditions.
  return _optimize_acqf_batch(opt_inputs=opt_inputs)
/Users/jy/BO/nutrigene-ai-bo-ipsec/.venv/lib/python3.11/site-packages/botorch/optim/optimize.py:844: RuntimeWarning: Optimization failed in `gen_candidates_scipy` with the following warning(s):
[NumericalWarning('A not p.d., added jitter of 1.0e-08 to the diagonal'), OptimizationWarning('Optimization failed within `scipy.optimize.minimize` with status 2 and message ABNORMAL: .'), OptimizationWarning('Optimization failed within `scipy.optimize.minimize` with status 2 and message ABNORMAL: .'), NumericalWarning('A not p.d., added jitter of 1.0e-08 to the diagonal')]
Trying again with a new set of initial conditions.
  return _optimize_acqf_batch(opt_inputs=opt_inputs)
/Users/jy/BO/nutrigene-ai-bo-ipsec/.venv/lib/python3.11/site-packages/botorch/optim/optimize.py:844: RuntimeWarning: Optimization failed in `gen_candidates_scipy` with the following warning(s):
[NumericalWarning('A not p.d., added jitter of 1.0e-08 to the diagonal'), OptimizationWarning('Optimization failed within `scipy.optimize.minimize` with status 2 and message ABNORMAL: .'), OptimizationWarning('Optimization failed within `scipy.optimize.minimize` with status 2 and message ABNORMAL: .'), NumericalWarning('A not p.d., added jitter of 1.0e-08 to the diagonal')]
Trying again with a new set of initial conditions.
  return _optimize_acqf_batch(opt_inputs=opt_inputs)
/Users/jy/BO/nutrigene-ai-bo-ipsec/.venv/lib/python3.11/site-packages/botorch/optim/optimize.py:844: RuntimeWarning: Optimization failed in `gen_candidates_scipy` with the following warning(s):
[NumericalWarning('A not p.d., added jitter of 1.0e-08 to the diagonal'), OptimizationWarning('Optimization failed within `scipy.optimize.minimize` with status 2 and message ABNORMAL: .'), NumericalWarning('A not p.d., added jitter of 1.0e-08 to the diagonal')]
Trying again with a new set of initial conditions.
  return _optimize_acqf_batch(opt_inputs=opt_inputs)
/Users/jy/BO/nutrigene-ai-bo-ipsec/.venv/lib/python3.11/site-packages/botorch/optim/optimize.py:844: RuntimeWarning: Optimization failed in `gen_candidates_scipy` with the following warning(s):
[NumericalWarning('A not p.d., added jitter of 1.0e-08 to the diagonal'), OptimizationWarning('Optimization failed within `scipy.optimize.minimize` with status 2 and message ABNORMAL: .'), NumericalWarning('A not p.d., added jitter of 1.0e-08 to the diagonal')]
Trying again with a new set of initial conditions.
  return _optimize_acqf_batch(opt_inputs=opt_inputs)
/Users/jy/BO/nutrigene-ai-bo-ipsec/.venv/lib/python3.11/site-packages/botorch/optim/optimize.py:844: RuntimeWarning: Optimization failed in `gen_candidates_scipy` with the following warning(s):
[NumericalWarning('A not p.d., added jitter of 1.0e-08 to the diagonal'), OptimizationWarning('Optimization failed within `scipy.optimize.minimize` with status 2 and message ABNORMAL: .')]
Trying again with a new set of initial conditions.
  return _optimize_acqf_batch(opt_inputs=opt_inputs)
  100/400
/Users/jy/BO/nutrigene-ai-bo-ipsec/.venv/lib/python3.11/site-packages/botorch/optim/optimize.py:844: RuntimeWarning: Optimization failed in `gen_candidates_scipy` with the following warning(s):
[NumericalWarning('A not p.d., added jitter of 1.0e-08 to the diagonal'), OptimizationWarning('Optimization failed within `scipy.optimize.minimize` with status 2 and message ABNORMAL: .')]
Trying again with a new set of initial conditions.
  return _optimize_acqf_batch(opt_inputs=opt_inputs)
  150/400
/Users/jy/BO/nutrigene-ai-bo-ipsec/.venv/lib/python3.11/site-packages/botorch/optim/optimize.py:844: RuntimeWarning: Optimization failed in `gen_candidates_scipy` with the following warning(s):
[NumericalWarning('A not p.d., added jitter of 1.0e-08 to the diagonal'), OptimizationWarning('Optimization failed within `scipy.optimize.minimize` with status 2 and message ABNORMAL: .')]
Trying again with a new set of initial conditions.
  return _optimize_acqf_batch(opt_inputs=opt_inputs)
/Users/jy/BO/nutrigene-ai-bo-ipsec/.venv/lib/python3.11/site-packages/botorch/optim/optimize.py:844: RuntimeWarning: Optimization failed in `gen_candidates_scipy` with the following warning(s):
[NumericalWarning('A not p.d., added jitter of 1.0e-08 to the diagonal'), OptimizationWarning('Optimization failed within `scipy.optimize.minimize` with status 2 and message ABNORMAL: .')]
Trying again with a new set of initial conditions.
  return _optimize_acqf_batch(opt_inputs=opt_inputs)
/Users/jy/BO/nutrigene-ai-bo-ipsec/.venv/lib/python3.11/site-packages/botorch/optim/optimize.py:844: RuntimeWarning: Optimization failed on the second try, after generating a new set of initial conditions.
  return _optimize_acqf_batch(opt_inputs=opt_inputs)
/Users/jy/BO/nutrigene-ai-bo-ipsec/.venv/lib/python3.11/site-packages/botorch/optim/optimize.py:844: RuntimeWarning: Optimization failed in `gen_candidates_scipy` with the following warning(s):
[NumericalWarning('A not p.d., added jitter of 1.0e-08 to the diagonal'), OptimizationWarning('Optimization failed within `scipy.optimize.minimize` with status 2 and message ABNORMAL: .'), NumericalWarning('A not p.d., added jitter of 1.0e-08 to the diagonal')]
Trying again with a new set of initial conditions.
  return _optimize_acqf_batch(opt_inputs=opt_inputs)
  200/400
/Users/jy/BO/nutrigene-ai-bo-ipsec/.venv/lib/python3.11/site-packages/gpytorch/distributions/multivariate_normal.py:375: NumericalWarning: Negative variance values detected. This is likely due to numerical instabilities. Rounding negative variances up to 1e-10.
  warnings.warn(
/Users/jy/BO/nutrigene-ai-bo-ipsec/.venv/lib/python3.11/site-packages/gpytorch/distributions/multivariate_normal.py:375: NumericalWarning: Negative variance values detected. This is likely due to numerical instabilities. Rounding negative variances up to 1e-10.
  warnings.warn(
/Users/jy/BO/nutrigene-ai-bo-ipsec/.venv/lib/python3.11/site-packages/gpytorch/distributions/multivariate_normal.py:375: NumericalWarning: Negative variance values detected. This is likely due to numerical instabilities. Rounding negative variances up to 1e-10.
  warnings.warn(
/Users/jy/BO/nutrigene-ai-bo-ipsec/.venv/lib/python3.11/site-packages/gpytorch/distributions/multivariate_normal.py:375: NumericalWarning: Negative variance values detected. This is likely due to numerical instabilities. Rounding negative variances up to 1e-10.
  warnings.warn(
  250/400
/Users/jy/BO/nutrigene-ai-bo-ipsec/.venv/lib/python3.11/site-packages/gpytorch/distributions/multivariate_normal.py:375: NumericalWarning: Negative variance values detected. This is likely due to numerical instabilities. Rounding negative variances up to 1e-10.
  warnings.warn(
/Users/jy/BO/nutrigene-ai-bo-ipsec/.venv/lib/python3.11/site-packages/gpytorch/distributions/multivariate_normal.py:375: NumericalWarning: Negative variance values detected. This is likely due to numerical instabilities. Rounding negative variances up to 1e-10.
  warnings.warn(
/Users/jy/BO/nutrigene-ai-bo-ipsec/.venv/lib/python3.11/site-packages/gpytorch/distributions/multivariate_normal.py:375: NumericalWarning: Negative variance values detected. This is likely due to numerical instabilities. Rounding negative variances up to 1e-10.
  warnings.warn(
/Users/jy/BO/nutrigene-ai-bo-ipsec/.venv/lib/python3.11/site-packages/gpytorch/distributions/multivariate_normal.py:375: NumericalWarning: Negative variance values detected. This is likely due to numerical instabilities. Rounding negative variances up to 1e-10.
  warnings.warn(
/Users/jy/BO/nutrigene-ai-bo-ipsec/.venv/lib/python3.11/site-packages/gpytorch/distributions/multivariate_normal.py:375: NumericalWarning: Negative variance values detected. This is likely due to numerical instabilities. Rounding negative variances up to 1e-10.
  warnings.warn(
/Users/jy/BO/nutrigene-ai-bo-ipsec/.venv/lib/python3.11/site-packages/gpytorch/distributions/multivariate_normal.py:375: NumericalWarning: Negative variance values detected. This is likely due to numerical instabilities. Rounding negative variances up to 1e-10.
  warnings.warn(
/Users/jy/BO/nutrigene-ai-bo-ipsec/.venv/lib/python3.11/site-packages/gpytorch/distributions/multivariate_normal.py:375: NumericalWarning: Negative variance values detected. This is likely due to numerical instabilities. Rounding negative variances up to 1e-10.
  warnings.warn(
/Users/jy/BO/nutrigene-ai-bo-ipsec/.venv/lib/python3.11/site-packages/gpytorch/distributions/multivariate_normal.py:375: NumericalWarning: Negative variance values detected. This is likely due to numerical instabilities. Rounding negative variances up to 1e-10.
  warnings.warn(
/Users/jy/BO/nutrigene-ai-bo-ipsec/.venv/lib/python3.11/site-packages/gpytorch/distributions/multivariate_normal.py:375: NumericalWarning: Negative variance values detected. This is likely due to numerical instabilities. Rounding negative variances up to 1e-10.
  warnings.warn(
/Users/jy/BO/nutrigene-ai-bo-ipsec/.venv/lib/python3.11/site-packages/gpytorch/distributions/multivariate_normal.py:375: NumericalWarning: Negative variance values detected. This is likely due to numerical instabilities. Rounding negative variances up to 1e-10.
  warnings.warn(
/Users/jy/BO/nutrigene-ai-bo-ipsec/.venv/lib/python3.11/site-packages/gpytorch/distributions/multivariate_normal.py:375: NumericalWarning: Negative variance values detected. This is likely due to numerical instabilities. Rounding negative variances up to 1e-10.
  warnings.warn(
/Users/jy/BO/nutrigene-ai-bo-ipsec/.venv/lib/python3.11/site-packages/gpytorch/distributions/multivariate_normal.py:375: NumericalWarning: Negative variance values detected. This is likely due to numerical instabilities. Rounding negative variances up to 1e-10.
  warnings.warn(
/Users/jy/BO/nutrigene-ai-bo-ipsec/.venv/lib/python3.11/site-packages/gpytorch/distributions/multivariate_normal.py:375: NumericalWarning: Negative variance values detected. This is likely due to numerical instabilities. Rounding negative variances up to 1e-10.
  warnings.warn(
/Users/jy/BO/nutrigene-ai-bo-ipsec/.venv/lib/python3.11/site-packages/gpytorch/distributions/multivariate_normal.py:375: NumericalWarning: Negative variance values detected. This is likely due to numerical instabilities. Rounding negative variances up to 1e-10.
  warnings.warn(
/Users/jy/BO/nutrigene-ai-bo-ipsec/.venv/lib/python3.11/site-packages/gpytorch/distributions/multivariate_normal.py:375: NumericalWarning: Negative variance values detected. This is likely due to numerical instabilities. Rounding negative variances up to 1e-10.
  warnings.warn(
/Users/jy/BO/nutrigene-ai-bo-ipsec/.venv/lib/python3.11/site-packages/gpytorch/distributions/multivariate_normal.py:375: NumericalWarning: Negative variance values detected. This is likely due to numerical instabilities. Rounding negative variances up to 1e-10.
  warnings.warn(
/Users/jy/BO/nutrigene-ai-bo-ipsec/.venv/lib/python3.11/site-packages/gpytorch/distributions/multivariate_normal.py:375: NumericalWarning: Negative variance values detected. This is likely due to numerical instabilities. Rounding negative variances up to 1e-10.
  warnings.warn(
/Users/jy/BO/nutrigene-ai-bo-ipsec/.venv/lib/python3.11/site-packages/gpytorch/distributions/multivariate_normal.py:375: NumericalWarning: Negative variance values detected. This is likely due to numerical instabilities. Rounding negative variances up to 1e-10.
  warnings.warn(
/Users/jy/BO/nutrigene-ai-bo-ipsec/.venv/lib/python3.11/site-packages/gpytorch/distributions/multivariate_normal.py:375: NumericalWarning: Negative variance values detected. This is likely due to numerical instabilities. Rounding negative variances up to 1e-10.
  warnings.warn(
/Users/jy/BO/nutrigene-ai-bo-ipsec/.venv/lib/python3.11/site-packages/gpytorch/distributions/multivariate_normal.py:375: NumericalWarning: Negative variance values detected. This is likely due to numerical instabilities. Rounding negative variances up to 1e-10.
  warnings.warn(
/Users/jy/BO/nutrigene-ai-bo-ipsec/.venv/lib/python3.11/site-packages/gpytorch/distributions/multivariate_normal.py:375: NumericalWarning: Negative variance values detected. This is likely due to numerical instabilities. Rounding negative variances up to 1e-10.
  warnings.warn(
/Users/jy/BO/nutrigene-ai-bo-ipsec/.venv/lib/python3.11/site-packages/gpytorch/distributions/multivariate_normal.py:375: NumericalWarning: Negative variance values detected. This is likely due to numerical instabilities. Rounding negative variances up to 1e-10.
  warnings.warn(
/Users/jy/BO/nutrigene-ai-bo-ipsec/.venv/lib/python3.11/site-packages/gpytorch/distributions/multivariate_normal.py:375: NumericalWarning: Negative variance values detected. This is likely due to numerical instabilities. Rounding negative variances up to 1e-10.
  warnings.warn(
/Users/jy/BO/nutrigene-ai-bo-ipsec/.venv/lib/python3.11/site-packages/gpytorch/distributions/multivariate_normal.py:375: NumericalWarning: Negative variance values detected. This is likely due to numerical instabilities. Rounding negative variances up to 1e-10.
  warnings.warn(
/Users/jy/BO/nutrigene-ai-bo-ipsec/.venv/lib/python3.11/site-packages/gpytorch/distributions/multivariate_normal.py:375: NumericalWarning: Negative variance values detected. This is likely due to numerical instabilities. Rounding negative variances up to 1e-10.
  warnings.warn(
/Users/jy/BO/nutrigene-ai-bo-ipsec/.venv/lib/python3.11/site-packages/gpytorch/distributions/multivariate_normal.py:375: NumericalWarning: Negative variance values detected. This is likely due to numerical instabilities. Rounding negative variances up to 1e-10.
  warnings.warn(
/Users/jy/BO/nutrigene-ai-bo-ipsec/.venv/lib/python3.11/site-packages/gpytorch/distributions/multivariate_normal.py:375: NumericalWarning: Negative variance values detected. This is likely due to numerical instabilities. Rounding negative variances up to 1e-10.
  warnings.warn(
/Users/jy/BO/nutrigene-ai-bo-ipsec/.venv/lib/python3.11/site-packages/gpytorch/distributions/multivariate_normal.py:375: NumericalWarning: Negative variance values detected. This is likely due to numerical instabilities. Rounding negative variances up to 1e-10.
  warnings.warn(
/Users/jy/BO/nutrigene-ai-bo-ipsec/.venv/lib/python3.11/site-packages/gpytorch/distributions/multivariate_normal.py:375: NumericalWarning: Negative variance values detected. This is likely due to numerical instabilities. Rounding negative variances up to 1e-10.
  warnings.warn(
/Users/jy/BO/nutrigene-ai-bo-ipsec/.venv/lib/python3.11/site-packages/gpytorch/distributions/multivariate_normal.py:375: NumericalWarning: Negative variance values detected. This is likely due to numerical instabilities. Rounding negative variances up to 1e-10.
  warnings.warn(
/Users/jy/BO/nutrigene-ai-bo-ipsec/.venv/lib/python3.11/site-packages/gpytorch/distributions/multivariate_normal.py:375: NumericalWarning: Negative variance values detected. This is likely due to numerical instabilities. Rounding negative variances up to 1e-10.
  warnings.warn(
/Users/jy/BO/nutrigene-ai-bo-ipsec/.venv/lib/python3.11/site-packages/gpytorch/distributions/multivariate_normal.py:375: NumericalWarning: Negative variance values detected. This is likely due to numerical instabilities. Rounding negative variances up to 1e-10.
  warnings.warn(
/Users/jy/BO/nutrigene-ai-bo-ipsec/.venv/lib/python3.11/site-packages/gpytorch/distributions/multivariate_normal.py:375: NumericalWarning: Negative variance values detected. This is likely due to numerical instabilities. Rounding negative variances up to 1e-10.
  warnings.warn(
/Users/jy/BO/nutrigene-ai-bo-ipsec/.venv/lib/python3.11/site-packages/gpytorch/distributions/multivariate_normal.py:375: NumericalWarning: Negative variance values detected. This is likely due to numerical instabilities. Rounding negative variances up to 1e-10.
  warnings.warn(
/Users/jy/BO/nutrigene-ai-bo-ipsec/.venv/lib/python3.11/site-packages/gpytorch/distributions/multivariate_normal.py:375: NumericalWarning: Negative variance values detected. This is likely due to numerical instabilities. Rounding negative variances up to 1e-10.
  warnings.warn(
/Users/jy/BO/nutrigene-ai-bo-ipsec/.venv/lib/python3.11/site-packages/gpytorch/distributions/multivariate_normal.py:375: NumericalWarning: Negative variance values detected. This is likely due to numerical instabilities. Rounding negative variances up to 1e-10.
  warnings.warn(
/Users/jy/BO/nutrigene-ai-bo-ipsec/.venv/lib/python3.11/site-packages/gpytorch/distributions/multivariate_normal.py:375: NumericalWarning: Negative variance values detected. This is likely due to numerical instabilities. Rounding negative variances up to 1e-10.
  warnings.warn(
/Users/jy/BO/nutrigene-ai-bo-ipsec/.venv/lib/python3.11/site-packages/gpytorch/distributions/multivariate_normal.py:375: NumericalWarning: Negative variance values detected. This is likely due to numerical instabilities. Rounding negative variances up to 1e-10.
  warnings.warn(
/Users/jy/BO/nutrigene-ai-bo-ipsec/.venv/lib/python3.11/site-packages/gpytorch/distributions/multivariate_normal.py:375: NumericalWarning: Negative variance values detected. This is likely due to numerical instabilities. Rounding negative variances up to 1e-10.
  warnings.warn(
/Users/jy/BO/nutrigene-ai-bo-ipsec/.venv/lib/python3.11/site-packages/gpytorch/distributions/multivariate_normal.py:375: NumericalWarning: Negative variance values detected. This is likely due to numerical instabilities. Rounding negative variances up to 1e-10.
  warnings.warn(
/Users/jy/BO/nutrigene-ai-bo-ipsec/.venv/lib/python3.11/site-packages/gpytorch/distributions/multivariate_normal.py:375: NumericalWarning: Negative variance values detected. This is likely due to numerical instabilities. Rounding negative variances up to 1e-10.
  warnings.warn(
/Users/jy/BO/nutrigene-ai-bo-ipsec/.venv/lib/python3.11/site-packages/gpytorch/distributions/multivariate_normal.py:375: NumericalWarning: Negative variance values detected. This is likely due to numerical instabilities. Rounding negative variances up to 1e-10.
  warnings.warn(
/Users/jy/BO/nutrigene-ai-bo-ipsec/.venv/lib/python3.11/site-packages/gpytorch/distributions/multivariate_normal.py:375: NumericalWarning: Negative variance values detected. This is likely due to numerical instabilities. Rounding negative variances up to 1e-10.
  warnings.warn(
/Users/jy/BO/nutrigene-ai-bo-ipsec/.venv/lib/python3.11/site-packages/gpytorch/distributions/multivariate_normal.py:375: NumericalWarning: Negative variance values detected. This is likely due to numerical instabilities. Rounding negative variances up to 1e-10.
  warnings.warn(
/Users/jy/BO/nutrigene-ai-bo-ipsec/.venv/lib/python3.11/site-packages/gpytorch/distributions/multivariate_normal.py:375: NumericalWarning: Negative variance values detected. This is likely due to numerical instabilities. Rounding negative variances up to 1e-10.
  warnings.warn(
/Users/jy/BO/nutrigene-ai-bo-ipsec/.venv/lib/python3.11/site-packages/gpytorch/distributions/multivariate_normal.py:375: NumericalWarning: Negative variance values detected. This is likely due to numerical instabilities. Rounding negative variances up to 1e-10.
  warnings.warn(
/Users/jy/BO/nutrigene-ai-bo-ipsec/.venv/lib/python3.11/site-packages/gpytorch/distributions/multivariate_normal.py:375: NumericalWarning: Negative variance values detected. This is likely due to numerical instabilities. Rounding negative variances up to 1e-10.
  warnings.warn(
/Users/jy/BO/nutrigene-ai-bo-ipsec/.venv/lib/python3.11/site-packages/gpytorch/distributions/multivariate_normal.py:375: NumericalWarning: Negative variance values detected. This is likely due to numerical instabilities. Rounding negative variances up to 1e-10.
  warnings.warn(
/Users/jy/BO/nutrigene-ai-bo-ipsec/.venv/lib/python3.11/site-packages/gpytorch/distributions/multivariate_normal.py:375: NumericalWarning: Negative variance values detected. This is likely due to numerical instabilities. Rounding negative variances up to 1e-10.
  warnings.warn(
/Users/jy/BO/nutrigene-ai-bo-ipsec/.venv/lib/python3.11/site-packages/gpytorch/distributions/multivariate_normal.py:375: NumericalWarning: Negative variance values detected. This is likely due to numerical instabilities. Rounding negative variances up to 1e-10.
  warnings.warn(
/Users/jy/BO/nutrigene-ai-bo-ipsec/.venv/lib/python3.11/site-packages/gpytorch/distributions/multivariate_normal.py:375: NumericalWarning: Negative variance values detected. This is likely due to numerical instabilities. Rounding negative variances up to 1e-10.
  warnings.warn(
/Users/jy/BO/nutrigene-ai-bo-ipsec/.venv/lib/python3.11/site-packages/gpytorch/distributions/multivariate_normal.py:375: NumericalWarning: Negative variance values detected. This is likely due to numerical instabilities. Rounding negative variances up to 1e-10.
  warnings.warn(
/Users/jy/BO/nutrigene-ai-bo-ipsec/.venv/lib/python3.11/site-packages/gpytorch/distributions/multivariate_normal.py:375: NumericalWarning: Negative variance values detected. This is likely due to numerical instabilities. Rounding negative variances up to 1e-10.
  warnings.warn(
/Users/jy/BO/nutrigene-ai-bo-ipsec/.venv/lib/python3.11/site-packages/gpytorch/distributions/multivariate_normal.py:375: NumericalWarning: Negative variance values detected. This is likely due to numerical instabilities. Rounding negative variances up to 1e-10.
  warnings.warn(
/Users/jy/BO/nutrigene-ai-bo-ipsec/.venv/lib/python3.11/site-packages/gpytorch/distributions/multivariate_normal.py:375: NumericalWarning: Negative variance values detected. This is likely due to numerical instabilities. Rounding negative variances up to 1e-10.
  warnings.warn(
/Users/jy/BO/nutrigene-ai-bo-ipsec/.venv/lib/python3.11/site-packages/gpytorch/distributions/multivariate_normal.py:375: NumericalWarning: Negative variance values detected. This is likely due to numerical instabilities. Rounding negative variances up to 1e-10.
  warnings.warn(
/Users/jy/BO/nutrigene-ai-bo-ipsec/.venv/lib/python3.11/site-packages/gpytorch/distributions/multivariate_normal.py:375: NumericalWarning: Negative variance values detected. This is likely due to numerical instabilities. Rounding negative variances up to 1e-10.
  warnings.warn(
/Users/jy/BO/nutrigene-ai-bo-ipsec/.venv/lib/python3.11/site-packages/gpytorch/distributions/multivariate_normal.py:375: NumericalWarning: Negative variance values detected. This is likely due to numerical instabilities. Rounding negative variances up to 1e-10.
  warnings.warn(
/Users/jy/BO/nutrigene-ai-bo-ipsec/.venv/lib/python3.11/site-packages/gpytorch/distributions/multivariate_normal.py:375: NumericalWarning: Negative variance values detected. This is likely due to numerical instabilities. Rounding negative variances up to 1e-10.
  warnings.warn(
/Users/jy/BO/nutrigene-ai-bo-ipsec/.venv/lib/python3.11/site-packages/gpytorch/distributions/multivariate_normal.py:375: NumericalWarning: Negative variance values detected. This is likely due to numerical instabilities. Rounding negative variances up to 1e-10.
  warnings.warn(
/Users/jy/BO/nutrigene-ai-bo-ipsec/.venv/lib/python3.11/site-packages/gpytorch/distributions/multivariate_normal.py:375: NumericalWarning: Negative variance values detected. This is likely due to numerical instabilities. Rounding negative variances up to 1e-10.
  warnings.warn(
/Users/jy/BO/nutrigene-ai-bo-ipsec/.venv/lib/python3.11/site-packages/gpytorch/distributions/multivariate_normal.py:375: NumericalWarning: Negative variance values detected. This is likely due to numerical instabilities. Rounding negative variances up to 1e-10.
  warnings.warn(
/Users/jy/BO/nutrigene-ai-bo-ipsec/.venv/lib/python3.11/site-packages/gpytorch/distributions/multivariate_normal.py:375: NumericalWarning: Negative variance values detected. This is likely due to numerical instabilities. Rounding negative variances up to 1e-10.
  warnings.warn(
/Users/jy/BO/nutrigene-ai-bo-ipsec/.venv/lib/python3.11/site-packages/gpytorch/distributions/multivariate_normal.py:375: NumericalWarning: Negative variance values detected. This is likely due to numerical instabilities. Rounding negative variances up to 1e-10.
  warnings.warn(
/Users/jy/BO/nutrigene-ai-bo-ipsec/.venv/lib/python3.11/site-packages/gpytorch/distributions/multivariate_normal.py:375: NumericalWarning: Negative variance values detected. This is likely due to numerical instabilities. Rounding negative variances up to 1e-10.
  warnings.warn(
/Users/jy/BO/nutrigene-ai-bo-ipsec/.venv/lib/python3.11/site-packages/gpytorch/distributions/multivariate_normal.py:375: NumericalWarning: Negative variance values detected. This is likely due to numerical instabilities. Rounding negative variances up to 1e-10.
  warnings.warn(
/Users/jy/BO/nutrigene-ai-bo-ipsec/.venv/lib/python3.11/site-packages/gpytorch/distributions/multivariate_normal.py:375: NumericalWarning: Negative variance values detected. This is likely due to numerical instabilities. Rounding negative variances up to 1e-10.
  warnings.warn(
/Users/jy/BO/nutrigene-ai-bo-ipsec/.venv/lib/python3.11/site-packages/gpytorch/distributions/multivariate_normal.py:375: NumericalWarning: Negative variance values detected. This is likely due to numerical instabilities. Rounding negative variances up to 1e-10.
  warnings.warn(
/Users/jy/BO/nutrigene-ai-bo-ipsec/.venv/lib/python3.11/site-packages/gpytorch/distributions/multivariate_normal.py:375: NumericalWarning: Negative variance values detected. This is likely due to numerical instabilities. Rounding negative variances up to 1e-10.
  warnings.warn(
/Users/jy/BO/nutrigene-ai-bo-ipsec/.venv/lib/python3.11/site-packages/gpytorch/distributions/multivariate_normal.py:375: NumericalWarning: Negative variance values detected. This is likely due to numerical instabilities. Rounding negative variances up to 1e-10.
  warnings.warn(
/Users/jy/BO/nutrigene-ai-bo-ipsec/.venv/lib/python3.11/site-packages/gpytorch/distributions/multivariate_normal.py:375: NumericalWarning: Negative variance values detected. This is likely due to numerical instabilities. Rounding negative variances up to 1e-10.
  warnings.warn(
/Users/jy/BO/nutrigene-ai-bo-ipsec/.venv/lib/python3.11/site-packages/gpytorch/distributions/multivariate_normal.py:375: NumericalWarning: Negative variance values detected. This is likely due to numerical instabilities. Rounding negative variances up to 1e-10.
  warnings.warn(
/Users/jy/BO/nutrigene-ai-bo-ipsec/.venv/lib/python3.11/site-packages/gpytorch/distributions/multivariate_normal.py:375: NumericalWarning: Negative variance values detected. This is likely due to numerical instabilities. Rounding negative variances up to 1e-10.
  warnings.warn(
/Users/jy/BO/nutrigene-ai-bo-ipsec/.venv/lib/python3.11/site-packages/gpytorch/distributions/multivariate_normal.py:375: NumericalWarning: Negative variance values detected. This is likely due to numerical instabilities. Rounding negative variances up to 1e-10.
  warnings.warn(
/Users/jy/BO/nutrigene-ai-bo-ipsec/.venv/lib/python3.11/site-packages/gpytorch/distributions/multivariate_normal.py:375: NumericalWarning: Negative variance values detected. This is likely due to numerical instabilities. Rounding negative variances up to 1e-10.
  warnings.warn(
/Users/jy/BO/nutrigene-ai-bo-ipsec/.venv/lib/python3.11/site-packages/gpytorch/distributions/multivariate_normal.py:375: NumericalWarning: Negative variance values detected. This is likely due to numerical instabilities. Rounding negative variances up to 1e-10.
  warnings.warn(
/Users/jy/BO/nutrigene-ai-bo-ipsec/.venv/lib/python3.11/site-packages/gpytorch/distributions/multivariate_normal.py:375: NumericalWarning: Negative variance values detected. This is likely due to numerical instabilities. Rounding negative variances up to 1e-10.
  warnings.warn(
/Users/jy/BO/nutrigene-ai-bo-ipsec/.venv/lib/python3.11/site-packages/gpytorch/distributions/multivariate_normal.py:375: NumericalWarning: Negative variance values detected. This is likely due to numerical instabilities. Rounding negative variances up to 1e-10.
  warnings.warn(
/Users/jy/BO/nutrigene-ai-bo-ipsec/.venv/lib/python3.11/site-packages/gpytorch/distributions/multivariate_normal.py:375: NumericalWarning: Negative variance values detected. This is likely due to numerical instabilities. Rounding negative variances up to 1e-10.
  warnings.warn(
/Users/jy/BO/nutrigene-ai-bo-ipsec/.venv/lib/python3.11/site-packages/gpytorch/distributions/multivariate_normal.py:375: NumericalWarning: Negative variance values detected. This is likely due to numerical instabilities. Rounding negative variances up to 1e-10.
  warnings.warn(
/Users/jy/BO/nutrigene-ai-bo-ipsec/.venv/lib/python3.11/site-packages/gpytorch/distributions/multivariate_normal.py:375: NumericalWarning: Negative variance values detected. This is likely due to numerical instabilities. Rounding negative variances up to 1e-10.
  warnings.warn(
/Users/jy/BO/nutrigene-ai-bo-ipsec/.venv/lib/python3.11/site-packages/gpytorch/distributions/multivariate_normal.py:375: NumericalWarning: Negative variance values detected. This is likely due to numerical instabilities. Rounding negative variances up to 1e-10.
  warnings.warn(
/Users/jy/BO/nutrigene-ai-bo-ipsec/.venv/lib/python3.11/site-packages/gpytorch/distributions/multivariate_normal.py:375: NumericalWarning: Negative variance values detected. This is likely due to numerical instabilities. Rounding negative variances up to 1e-10.
  warnings.warn(
/Users/jy/BO/nutrigene-ai-bo-ipsec/.venv/lib/python3.11/site-packages/gpytorch/distributions/multivariate_normal.py:375: NumericalWarning: Negative variance values detected. This is likely due to numerical instabilities. Rounding negative variances up to 1e-10.
  warnings.warn(
/Users/jy/BO/nutrigene-ai-bo-ipsec/.venv/lib/python3.11/site-packages/gpytorch/distributions/multivariate_normal.py:375: NumericalWarning: Negative variance values detected. This is likely due to numerical instabilities. Rounding negative variances up to 1e-10.
  warnings.warn(
/Users/jy/BO/nutrigene-ai-bo-ipsec/.venv/lib/python3.11/site-packages/gpytorch/distributions/multivariate_normal.py:375: NumericalWarning: Negative variance values detected. This is likely due to numerical instabilities. Rounding negative variances up to 1e-10.
  warnings.warn(
/Users/jy/BO/nutrigene-ai-bo-ipsec/.venv/lib/python3.11/site-packages/gpytorch/distributions/multivariate_normal.py:375: NumericalWarning: Negative variance values detected. This is likely due to numerical instabilities. Rounding negative variances up to 1e-10.
  warnings.warn(
/Users/jy/BO/nutrigene-ai-bo-ipsec/.venv/lib/python3.11/site-packages/gpytorch/distributions/multivariate_normal.py:375: NumericalWarning: Negative variance values detected. This is likely due to numerical instabilities. Rounding negative variances up to 1e-10.
  warnings.warn(
/Users/jy/BO/nutrigene-ai-bo-ipsec/.venv/lib/python3.11/site-packages/gpytorch/distributions/multivariate_normal.py:375: NumericalWarning: Negative variance values detected. This is likely due to numerical instabilities. Rounding negative variances up to 1e-10.
  warnings.warn(
/Users/jy/BO/nutrigene-ai-bo-ipsec/.venv/lib/python3.11/site-packages/gpytorch/distributions/multivariate_normal.py:375: NumericalWarning: Negative variance values detected. This is likely due to numerical instabilities. Rounding negative variances up to 1e-10.
  warnings.warn(
/Users/jy/BO/nutrigene-ai-bo-ipsec/.venv/lib/python3.11/site-packages/gpytorch/distributions/multivariate_normal.py:375: NumericalWarning: Negative variance values detected. This is likely due to numerical instabilities. Rounding negative variances up to 1e-10.
  warnings.warn(
/Users/jy/BO/nutrigene-ai-bo-ipsec/.venv/lib/python3.11/site-packages/gpytorch/distributions/multivariate_normal.py:375: NumericalWarning: Negative variance values detected. This is likely due to numerical instabilities. Rounding negative variances up to 1e-10.
  warnings.warn(
/Users/jy/BO/nutrigene-ai-bo-ipsec/.venv/lib/python3.11/site-packages/gpytorch/distributions/multivariate_normal.py:375: NumericalWarning: Negative variance values detected. This is likely due to numerical instabilities. Rounding negative variances up to 1e-10.
  warnings.warn(
/Users/jy/BO/nutrigene-ai-bo-ipsec/.venv/lib/python3.11/site-packages/gpytorch/distributions/multivariate_normal.py:375: NumericalWarning: Negative variance values detected. This is likely due to numerical instabilities. Rounding negative variances up to 1e-10.
  warnings.warn(
/Users/jy/BO/nutrigene-ai-bo-ipsec/.venv/lib/python3.11/site-packages/gpytorch/distributions/multivariate_normal.py:375: NumericalWarning: Negative variance values detected. This is likely due to numerical instabilities. Rounding negative variances up to 1e-10.
  warnings.warn(
/Users/jy/BO/nutrigene-ai-bo-ipsec/.venv/lib/python3.11/site-packages/gpytorch/distributions/multivariate_normal.py:375: NumericalWarning: Negative variance values detected. This is likely due to numerical instabilities. Rounding negative variances up to 1e-10.
  warnings.warn(
/Users/jy/BO/nutrigene-ai-bo-ipsec/.venv/lib/python3.11/site-packages/gpytorch/distributions/multivariate_normal.py:375: NumericalWarning: Negative variance values detected. This is likely due to numerical instabilities. Rounding negative variances up to 1e-10.
  warnings.warn(
/Users/jy/BO/nutrigene-ai-bo-ipsec/.venv/lib/python3.11/site-packages/gpytorch/distributions/multivariate_normal.py:375: NumericalWarning: Negative variance values detected. This is likely due to numerical instabilities. Rounding negative variances up to 1e-10.
  warnings.warn(
/Users/jy/BO/nutrigene-ai-bo-ipsec/.venv/lib/python3.11/site-packages/gpytorch/distributions/multivariate_normal.py:375: NumericalWarning: Negative variance values detected. This is likely due to numerical instabilities. Rounding negative variances up to 1e-10.
  warnings.warn(
/Users/jy/BO/nutrigene-ai-bo-ipsec/.venv/lib/python3.11/site-packages/gpytorch/distributions/multivariate_normal.py:375: NumericalWarning: Negative variance values detected. This is likely due to numerical instabilities. Rounding negative variances up to 1e-10.
  warnings.warn(
/Users/jy/BO/nutrigene-ai-bo-ipsec/.venv/lib/python3.11/site-packages/gpytorch/distributions/multivariate_normal.py:375: NumericalWarning: Negative variance values detected. This is likely due to numerical instabilities. Rounding negative variances up to 1e-10.
  warnings.warn(
/Users/jy/BO/nutrigene-ai-bo-ipsec/.venv/lib/python3.11/site-packages/gpytorch/distributions/multivariate_normal.py:375: NumericalWarning: Negative variance values detected. This is likely due to numerical instabilities. Rounding negative variances up to 1e-10.
  warnings.warn(
/Users/jy/BO/nutrigene-ai-bo-ipsec/.venv/lib/python3.11/site-packages/gpytorch/distributions/multivariate_normal.py:375: NumericalWarning: Negative variance values detected. This is likely due to numerical instabilities. Rounding negative variances up to 1e-10.
  warnings.warn(
/Users/jy/BO/nutrigene-ai-bo-ipsec/.venv/lib/python3.11/site-packages/gpytorch/distributions/multivariate_normal.py:375: NumericalWarning: Negative variance values detected. This is likely due to numerical instabilities. Rounding negative variances up to 1e-10.
  warnings.warn(
/Users/jy/BO/nutrigene-ai-bo-ipsec/.venv/lib/python3.11/site-packages/gpytorch/distributions/multivariate_normal.py:375: NumericalWarning: Negative variance values detected. This is likely due to numerical instabilities. Rounding negative variances up to 1e-10.
  warnings.warn(
/Users/jy/BO/nutrigene-ai-bo-ipsec/.venv/lib/python3.11/site-packages/gpytorch/distributions/multivariate_normal.py:375: NumericalWarning: Negative variance values detected. This is likely due to numerical instabilities. Rounding negative variances up to 1e-10.
  warnings.warn(
/Users/jy/BO/nutrigene-ai-bo-ipsec/.venv/lib/python3.11/site-packages/gpytorch/distributions/multivariate_normal.py:375: NumericalWarning: Negative variance values detected. This is likely due to numerical instabilities. Rounding negative variances up to 1e-10.
  warnings.warn(
/Users/jy/BO/nutrigene-ai-bo-ipsec/.venv/lib/python3.11/site-packages/gpytorch/distributions/multivariate_normal.py:375: NumericalWarning: Negative variance values detected. This is likely due to numerical instabilities. Rounding negative variances up to 1e-10.
  warnings.warn(
/Users/jy/BO/nutrigene-ai-bo-ipsec/.venv/lib/python3.11/site-packages/gpytorch/distributions/multivariate_normal.py:375: NumericalWarning: Negative variance values detected. This is likely due to numerical instabilities. Rounding negative variances up to 1e-10.
  warnings.warn(
/Users/jy/BO/nutrigene-ai-bo-ipsec/.venv/lib/python3.11/site-packages/gpytorch/distributions/multivariate_normal.py:375: NumericalWarning: Negative variance values detected. This is likely due to numerical instabilities. Rounding negative variances up to 1e-10.
  warnings.warn(
/Users/jy/BO/nutrigene-ai-bo-ipsec/.venv/lib/python3.11/site-packages/gpytorch/distributions/multivariate_normal.py:375: NumericalWarning: Negative variance values detected. This is likely due to numerical instabilities. Rounding negative variances up to 1e-10.
  warnings.warn(
/Users/jy/BO/nutrigene-ai-bo-ipsec/.venv/lib/python3.11/site-packages/gpytorch/distributions/multivariate_normal.py:375: NumericalWarning: Negative variance values detected. This is likely due to numerical instabilities. Rounding negative variances up to 1e-10.
  warnings.warn(
/Users/jy/BO/nutrigene-ai-bo-ipsec/.venv/lib/python3.11/site-packages/gpytorch/distributions/multivariate_normal.py:375: NumericalWarning: Negative variance values detected. This is likely due to numerical instabilities. Rounding negative variances up to 1e-10.
  warnings.warn(
/Users/jy/BO/nutrigene-ai-bo-ipsec/.venv/lib/python3.11/site-packages/gpytorch/distributions/multivariate_normal.py:375: NumericalWarning: Negative variance values detected. This is likely due to numerical instabilities. Rounding negative variances up to 1e-10.
  warnings.warn(
/Users/jy/BO/nutrigene-ai-bo-ipsec/.venv/lib/python3.11/site-packages/gpytorch/distributions/multivariate_normal.py:375: NumericalWarning: Negative variance values detected. This is likely due to numerical instabilities. Rounding negative variances up to 1e-10.
  warnings.warn(
/Users/jy/BO/nutrigene-ai-bo-ipsec/.venv/lib/python3.11/site-packages/gpytorch/distributions/multivariate_normal.py:375: NumericalWarning: Negative variance values detected. This is likely due to numerical instabilities. Rounding negative variances up to 1e-10.
  warnings.warn(
/Users/jy/BO/nutrigene-ai-bo-ipsec/.venv/lib/python3.11/site-packages/gpytorch/distributions/multivariate_normal.py:375: NumericalWarning: Negative variance values detected. This is likely due to numerical instabilities. Rounding negative variances up to 1e-10.
  warnings.warn(
/Users/jy/BO/nutrigene-ai-bo-ipsec/.venv/lib/python3.11/site-packages/gpytorch/distributions/multivariate_normal.py:375: NumericalWarning: Negative variance values detected. This is likely due to numerical instabilities. Rounding negative variances up to 1e-10.
  warnings.warn(
/Users/jy/BO/nutrigene-ai-bo-ipsec/.venv/lib/python3.11/site-packages/gpytorch/distributions/multivariate_normal.py:375: NumericalWarning: Negative variance values detected. This is likely due to numerical instabilities. Rounding negative variances up to 1e-10.
  warnings.warn(
/Users/jy/BO/nutrigene-ai-bo-ipsec/.venv/lib/python3.11/site-packages/gpytorch/distributions/multivariate_normal.py:375: NumericalWarning: Negative variance values detected. This is likely due to numerical instabilities. Rounding negative variances up to 1e-10.
  warnings.warn(
/Users/jy/BO/nutrigene-ai-bo-ipsec/.venv/lib/python3.11/site-packages/gpytorch/distributions/multivariate_normal.py:375: NumericalWarning: Negative variance values detected. This is likely due to numerical instabilities. Rounding negative variances up to 1e-10.
  warnings.warn(
/Users/jy/BO/nutrigene-ai-bo-ipsec/.venv/lib/python3.11/site-packages/gpytorch/distributions/multivariate_normal.py:375: NumericalWarning: Negative variance values detected. This is likely due to numerical instabilities. Rounding negative variances up to 1e-10.
  warnings.warn(
/Users/jy/BO/nutrigene-ai-bo-ipsec/.venv/lib/python3.11/site-packages/gpytorch/distributions/multivariate_normal.py:375: NumericalWarning: Negative variance values detected. This is likely due to numerical instabilities. Rounding negative variances up to 1e-10.
  warnings.warn(
/Users/jy/BO/nutrigene-ai-bo-ipsec/.venv/lib/python3.11/site-packages/gpytorch/distributions/multivariate_normal.py:375: NumericalWarning: Negative variance values detected. This is likely due to numerical instabilities. Rounding negative variances up to 1e-10.
  warnings.warn(
/Users/jy/BO/nutrigene-ai-bo-ipsec/.venv/lib/python3.11/site-packages/gpytorch/distributions/multivariate_normal.py:375: NumericalWarning: Negative variance values detected. This is likely due to numerical instabilities. Rounding negative variances up to 1e-10.
  warnings.warn(
/Users/jy/BO/nutrigene-ai-bo-ipsec/.venv/lib/python3.11/site-packages/gpytorch/distributions/multivariate_normal.py:375: NumericalWarning: Negative variance values detected. This is likely due to numerical instabilities. Rounding negative variances up to 1e-10.
  warnings.warn(
/Users/jy/BO/nutrigene-ai-bo-ipsec/.venv/lib/python3.11/site-packages/gpytorch/distributions/multivariate_normal.py:375: NumericalWarning: Negative variance values detected. This is likely due to numerical instabilities. Rounding negative variances up to 1e-10.
  warnings.warn(
/Users/jy/BO/nutrigene-ai-bo-ipsec/.venv/lib/python3.11/site-packages/gpytorch/distributions/multivariate_normal.py:375: NumericalWarning: Negative variance values detected. This is likely due to numerical instabilities. Rounding negative variances up to 1e-10.
  warnings.warn(
/Users/jy/BO/nutrigene-ai-bo-ipsec/.venv/lib/python3.11/site-packages/gpytorch/distributions/multivariate_normal.py:375: NumericalWarning: Negative variance values detected. This is likely due to numerical instabilities. Rounding negative variances up to 1e-10.
  warnings.warn(
/Users/jy/BO/nutrigene-ai-bo-ipsec/.venv/lib/python3.11/site-packages/gpytorch/distributions/multivariate_normal.py:375: NumericalWarning: Negative variance values detected. This is likely due to numerical instabilities. Rounding negative variances up to 1e-10.
  warnings.warn(
/Users/jy/BO/nutrigene-ai-bo-ipsec/.venv/lib/python3.11/site-packages/gpytorch/distributions/multivariate_normal.py:375: NumericalWarning: Negative variance values detected. This is likely due to numerical instabilities. Rounding negative variances up to 1e-10.
  warnings.warn(
/Users/jy/BO/nutrigene-ai-bo-ipsec/.venv/lib/python3.11/site-packages/gpytorch/distributions/multivariate_normal.py:375: NumericalWarning: Negative variance values detected. This is likely due to numerical instabilities. Rounding negative variances up to 1e-10.
  warnings.warn(
/Users/jy/BO/nutrigene-ai-bo-ipsec/.venv/lib/python3.11/site-packages/gpytorch/distributions/multivariate_normal.py:375: NumericalWarning: Negative variance values detected. This is likely due to numerical instabilities. Rounding negative variances up to 1e-10.
  warnings.warn(
/Users/jy/BO/nutrigene-ai-bo-ipsec/.venv/lib/python3.11/site-packages/gpytorch/distributions/multivariate_normal.py:375: NumericalWarning: Negative variance values detected. This is likely due to numerical instabilities. Rounding negative variances up to 1e-10.
  warnings.warn(
/Users/jy/BO/nutrigene-ai-bo-ipsec/.venv/lib/python3.11/site-packages/gpytorch/distributions/multivariate_normal.py:375: NumericalWarning: Negative variance values detected. This is likely due to numerical instabilities. Rounding negative variances up to 1e-10.
  warnings.warn(
/Users/jy/BO/nutrigene-ai-bo-ipsec/.venv/lib/python3.11/site-packages/gpytorch/distributions/multivariate_normal.py:375: NumericalWarning: Negative variance values detected. This is likely due to numerical instabilities. Rounding negative variances up to 1e-10.
  warnings.warn(
/Users/jy/BO/nutrigene-ai-bo-ipsec/.venv/lib/python3.11/site-packages/gpytorch/distributions/multivariate_normal.py:375: NumericalWarning: Negative variance values detected. This is likely due to numerical instabilities. Rounding negative variances up to 1e-10.
  warnings.warn(
/Users/jy/BO/nutrigene-ai-bo-ipsec/.venv/lib/python3.11/site-packages/gpytorch/distributions/multivariate_normal.py:375: NumericalWarning: Negative variance values detected. This is likely due to numerical instabilities. Rounding negative variances up to 1e-10.
  warnings.warn(
/Users/jy/BO/nutrigene-ai-bo-ipsec/.venv/lib/python3.11/site-packages/gpytorch/distributions/multivariate_normal.py:375: NumericalWarning: Negative variance values detected. This is likely due to numerical instabilities. Rounding negative variances up to 1e-10.
  warnings.warn(
/Users/jy/BO/nutrigene-ai-bo-ipsec/.venv/lib/python3.11/site-packages/gpytorch/distributions/multivariate_normal.py:375: NumericalWarning: Negative variance values detected. This is likely due to numerical instabilities. Rounding negative variances up to 1e-10.
  warnings.warn(
/Users/jy/BO/nutrigene-ai-bo-ipsec/.venv/lib/python3.11/site-packages/gpytorch/distributions/multivariate_normal.py:375: NumericalWarning: Negative variance values detected. This is likely due to numerical instabilities. Rounding negative variances up to 1e-10.
  warnings.warn(
/Users/jy/BO/nutrigene-ai-bo-ipsec/.venv/lib/python3.11/site-packages/gpytorch/distributions/multivariate_normal.py:375: NumericalWarning: Negative variance values detected. This is likely due to numerical instabilities. Rounding negative variances up to 1e-10.
  warnings.warn(
/Users/jy/BO/nutrigene-ai-bo-ipsec/.venv/lib/python3.11/site-packages/gpytorch/distributions/multivariate_normal.py:375: NumericalWarning: Negative variance values detected. This is likely due to numerical instabilities. Rounding negative variances up to 1e-10.
  warnings.warn(
/Users/jy/BO/nutrigene-ai-bo-ipsec/.venv/lib/python3.11/site-packages/gpytorch/distributions/multivariate_normal.py:375: NumericalWarning: Negative variance values detected. This is likely due to numerical instabilities. Rounding negative variances up to 1e-10.
  warnings.warn(
/Users/jy/BO/nutrigene-ai-bo-ipsec/.venv/lib/python3.11/site-packages/gpytorch/distributions/multivariate_normal.py:375: NumericalWarning: Negative variance values detected. This is likely due to numerical instabilities. Rounding negative variances up to 1e-10.
  warnings.warn(
/Users/jy/BO/nutrigene-ai-bo-ipsec/.venv/lib/python3.11/site-packages/gpytorch/distributions/multivariate_normal.py:375: NumericalWarning: Negative variance values detected. This is likely due to numerical instabilities. Rounding negative variances up to 1e-10.
  warnings.warn(
/Users/jy/BO/nutrigene-ai-bo-ipsec/.venv/lib/python3.11/site-packages/gpytorch/distributions/multivariate_normal.py:375: NumericalWarning: Negative variance values detected. This is likely due to numerical instabilities. Rounding negative variances up to 1e-10.
  warnings.warn(
/Users/jy/BO/nutrigene-ai-bo-ipsec/.venv/lib/python3.11/site-packages/gpytorch/distributions/multivariate_normal.py:375: NumericalWarning: Negative variance values detected. This is likely due to numerical instabilities. Rounding negative variances up to 1e-10.
  warnings.warn(
/Users/jy/BO/nutrigene-ai-bo-ipsec/.venv/lib/python3.11/site-packages/gpytorch/distributions/multivariate_normal.py:375: NumericalWarning: Negative variance values detected. This is likely due to numerical instabilities. Rounding negative variances up to 1e-10.
  warnings.warn(
/Users/jy/BO/nutrigene-ai-bo-ipsec/.venv/lib/python3.11/site-packages/gpytorch/distributions/multivariate_normal.py:375: NumericalWarning: Negative variance values detected. This is likely due to numerical instabilities. Rounding negative variances up to 1e-10.
  warnings.warn(
/Users/jy/BO/nutrigene-ai-bo-ipsec/.venv/lib/python3.11/site-packages/gpytorch/distributions/multivariate_normal.py:375: NumericalWarning: Negative variance values detected. This is likely due to numerical instabilities. Rounding negative variances up to 1e-10.
  warnings.warn(
/Users/jy/BO/nutrigene-ai-bo-ipsec/.venv/lib/python3.11/site-packages/gpytorch/distributions/multivariate_normal.py:375: NumericalWarning: Negative variance values detected. This is likely due to numerical instabilities. Rounding negative variances up to 1e-10.
  warnings.warn(
/Users/jy/BO/nutrigene-ai-bo-ipsec/.venv/lib/python3.11/site-packages/gpytorch/distributions/multivariate_normal.py:375: NumericalWarning: Negative variance values detected. This is likely due to numerical instabilities. Rounding negative variances up to 1e-10.
  warnings.warn(
/Users/jy/BO/nutrigene-ai-bo-ipsec/.venv/lib/python3.11/site-packages/gpytorch/distributions/multivariate_normal.py:375: NumericalWarning: Negative variance values detected. This is likely due to numerical instabilities. Rounding negative variances up to 1e-10.
  warnings.warn(
/Users/jy/BO/nutrigene-ai-bo-ipsec/.venv/lib/python3.11/site-packages/gpytorch/distributions/multivariate_normal.py:375: NumericalWarning: Negative variance values detected. This is likely due to numerical instabilities. Rounding negative variances up to 1e-10.
  warnings.warn(
/Users/jy/BO/nutrigene-ai-bo-ipsec/.venv/lib/python3.11/site-packages/gpytorch/distributions/multivariate_normal.py:375: NumericalWarning: Negative variance values detected. This is likely due to numerical instabilities. Rounding negative variances up to 1e-10.
  warnings.warn(
/Users/jy/BO/nutrigene-ai-bo-ipsec/.venv/lib/python3.11/site-packages/gpytorch/distributions/multivariate_normal.py:375: NumericalWarning: Negative variance values detected. This is likely due to numerical instabilities. Rounding negative variances up to 1e-10.
  warnings.warn(
/Users/jy/BO/nutrigene-ai-bo-ipsec/.venv/lib/python3.11/site-packages/gpytorch/distributions/multivariate_normal.py:375: NumericalWarning: Negative variance values detected. This is likely due to numerical instabilities. Rounding negative variances up to 1e-10.
  warnings.warn(
/Users/jy/BO/nutrigene-ai-bo-ipsec/.venv/lib/python3.11/site-packages/gpytorch/distributions/multivariate_normal.py:375: NumericalWarning: Negative variance values detected. This is likely due to numerical instabilities. Rounding negative variances up to 1e-10.
  warnings.warn(
/Users/jy/BO/nutrigene-ai-bo-ipsec/.venv/lib/python3.11/site-packages/gpytorch/distributions/multivariate_normal.py:375: NumericalWarning: Negative variance values detected. This is likely due to numerical instabilities. Rounding negative variances up to 1e-10.
  warnings.warn(
/Users/jy/BO/nutrigene-ai-bo-ipsec/.venv/lib/python3.11/site-packages/gpytorch/distributions/multivariate_normal.py:375: NumericalWarning: Negative variance values detected. This is likely due to numerical instabilities. Rounding negative variances up to 1e-10.
  warnings.warn(
/Users/jy/BO/nutrigene-ai-bo-ipsec/.venv/lib/python3.11/site-packages/gpytorch/distributions/multivariate_normal.py:375: NumericalWarning: Negative variance values detected. This is likely due to numerical instabilities. Rounding negative variances up to 1e-10.
  warnings.warn(
/Users/jy/BO/nutrigene-ai-bo-ipsec/.venv/lib/python3.11/site-packages/gpytorch/distributions/multivariate_normal.py:375: NumericalWarning: Negative variance values detected. This is likely due to numerical instabilities. Rounding negative variances up to 1e-10.
  warnings.warn(
/Users/jy/BO/nutrigene-ai-bo-ipsec/.venv/lib/python3.11/site-packages/gpytorch/distributions/multivariate_normal.py:375: NumericalWarning: Negative variance values detected. This is likely due to numerical instabilities. Rounding negative variances up to 1e-10.
  warnings.warn(
/Users/jy/BO/nutrigene-ai-bo-ipsec/.venv/lib/python3.11/site-packages/gpytorch/distributions/multivariate_normal.py:375: NumericalWarning: Negative variance values detected. This is likely due to numerical instabilities. Rounding negative variances up to 1e-10.
  warnings.warn(
/Users/jy/BO/nutrigene-ai-bo-ipsec/.venv/lib/python3.11/site-packages/gpytorch/distributions/multivariate_normal.py:375: NumericalWarning: Negative variance values detected. This is likely due to numerical instabilities. Rounding negative variances up to 1e-10.
  warnings.warn(
/Users/jy/BO/nutrigene-ai-bo-ipsec/.venv/lib/python3.11/site-packages/gpytorch/distributions/multivariate_normal.py:375: NumericalWarning: Negative variance values detected. This is likely due to numerical instabilities. Rounding negative variances up to 1e-10.
  warnings.warn(
/Users/jy/BO/nutrigene-ai-bo-ipsec/.venv/lib/python3.11/site-packages/gpytorch/distributions/multivariate_normal.py:375: NumericalWarning: Negative variance values detected. This is likely due to numerical instabilities. Rounding negative variances up to 1e-10.
  warnings.warn(
/Users/jy/BO/nutrigene-ai-bo-ipsec/.venv/lib/python3.11/site-packages/botorch/optim/optimize.py:844: RuntimeWarning: Optimization failed in `gen_candidates_scipy` with the following warning(s):
[NumericalWarning('A not p.d., added jitter of 1.0e-08 to the diagonal'), OptimizationWarning('Optimization failed within `scipy.optimize.minimize` with status 2 and message ABNORMAL: .'), NumericalWarning('A not p.d., added jitter of 1.0e-08 to the diagonal')]
Trying again with a new set of initial conditions.
  return _optimize_acqf_batch(opt_inputs=opt_inputs)
/Users/jy/BO/nutrigene-ai-bo-ipsec/.venv/lib/python3.11/site-packages/gpytorch/distributions/multivariate_normal.py:375: NumericalWarning: Negative variance values detected. This is likely due to numerical instabilities. Rounding negative variances up to 1e-10.
  warnings.warn(
/Users/jy/BO/nutrigene-ai-bo-ipsec/.venv/lib/python3.11/site-packages/gpytorch/distributions/multivariate_normal.py:375: NumericalWarning: Negative variance values detected. This is likely due to numerical instabilities. Rounding negative variances up to 1e-10.
  warnings.warn(
/Users/jy/BO/nutrigene-ai-bo-ipsec/.venv/lib/python3.11/site-packages/gpytorch/distributions/multivariate_normal.py:375: NumericalWarning: Negative variance values detected. This is likely due to numerical instabilities. Rounding negative variances up to 1e-10.
  warnings.warn(
/Users/jy/BO/nutrigene-ai-bo-ipsec/.venv/lib/python3.11/site-packages/gpytorch/distributions/multivariate_normal.py:375: NumericalWarning: Negative variance values detected. This is likely due to numerical instabilities. Rounding negative variances up to 1e-10.
  warnings.warn(
/Users/jy/BO/nutrigene-ai-bo-ipsec/.venv/lib/python3.11/site-packages/gpytorch/distributions/multivariate_normal.py:375: NumericalWarning: Negative variance values detected. This is likely due to numerical instabilities. Rounding negative variances up to 1e-10.
  warnings.warn(
/Users/jy/BO/nutrigene-ai-bo-ipsec/.venv/lib/python3.11/site-packages/gpytorch/distributions/multivariate_normal.py:375: NumericalWarning: Negative variance values detected. This is likely due to numerical instabilities. Rounding negative variances up to 1e-10.
  warnings.warn(
/Users/jy/BO/nutrigene-ai-bo-ipsec/.venv/lib/python3.11/site-packages/gpytorch/distributions/multivariate_normal.py:375: NumericalWarning: Negative variance values detected. This is likely due to numerical instabilities. Rounding negative variances up to 1e-10.
  warnings.warn(
/Users/jy/BO/nutrigene-ai-bo-ipsec/.venv/lib/python3.11/site-packages/gpytorch/distributions/multivariate_normal.py:375: NumericalWarning: Negative variance values detected. This is likely due to numerical instabilities. Rounding negative variances up to 1e-10.
  warnings.warn(
/Users/jy/BO/nutrigene-ai-bo-ipsec/.venv/lib/python3.11/site-packages/gpytorch/distributions/multivariate_normal.py:375: NumericalWarning: Negative variance values detected. This is likely due to numerical instabilities. Rounding negative variances up to 1e-10.
  warnings.warn(
/Users/jy/BO/nutrigene-ai-bo-ipsec/.venv/lib/python3.11/site-packages/gpytorch/distributions/multivariate_normal.py:375: NumericalWarning: Negative variance values detected. This is likely due to numerical instabilities. Rounding negative variances up to 1e-10.
  warnings.warn(
/Users/jy/BO/nutrigene-ai-bo-ipsec/.venv/lib/python3.11/site-packages/gpytorch/distributions/multivariate_normal.py:375: NumericalWarning: Negative variance values detected. This is likely due to numerical instabilities. Rounding negative variances up to 1e-10.
  warnings.warn(
/Users/jy/BO/nutrigene-ai-bo-ipsec/.venv/lib/python3.11/site-packages/gpytorch/distributions/multivariate_normal.py:375: NumericalWarning: Negative variance values detected. This is likely due to numerical instabilities. Rounding negative variances up to 1e-10.
  warnings.warn(
/Users/jy/BO/nutrigene-ai-bo-ipsec/.venv/lib/python3.11/site-packages/gpytorch/distributions/multivariate_normal.py:375: NumericalWarning: Negative variance values detected. This is likely due to numerical instabilities. Rounding negative variances up to 1e-10.
  warnings.warn(
/Users/jy/BO/nutrigene-ai-bo-ipsec/.venv/lib/python3.11/site-packages/gpytorch/distributions/multivariate_normal.py:375: NumericalWarning: Negative variance values detected. This is likely due to numerical instabilities. Rounding negative variances up to 1e-10.
  warnings.warn(
/Users/jy/BO/nutrigene-ai-bo-ipsec/.venv/lib/python3.11/site-packages/gpytorch/distributions/multivariate_normal.py:375: NumericalWarning: Negative variance values detected. This is likely due to numerical instabilities. Rounding negative variances up to 1e-10.
  warnings.warn(
/Users/jy/BO/nutrigene-ai-bo-ipsec/.venv/lib/python3.11/site-packages/gpytorch/distributions/multivariate_normal.py:375: NumericalWarning: Negative variance values detected. This is likely due to numerical instabilities. Rounding negative variances up to 1e-10.
  warnings.warn(
/Users/jy/BO/nutrigene-ai-bo-ipsec/.venv/lib/python3.11/site-packages/gpytorch/distributions/multivariate_normal.py:375: NumericalWarning: Negative variance values detected. This is likely due to numerical instabilities. Rounding negative variances up to 1e-10.
  warnings.warn(
/Users/jy/BO/nutrigene-ai-bo-ipsec/.venv/lib/python3.11/site-packages/gpytorch/distributions/multivariate_normal.py:375: NumericalWarning: Negative variance values detected. This is likely due to numerical instabilities. Rounding negative variances up to 1e-10.
  warnings.warn(
/Users/jy/BO/nutrigene-ai-bo-ipsec/.venv/lib/python3.11/site-packages/gpytorch/distributions/multivariate_normal.py:375: NumericalWarning: Negative variance values detected. This is likely due to numerical instabilities. Rounding negative variances up to 1e-10.
  warnings.warn(
/Users/jy/BO/nutrigene-ai-bo-ipsec/.venv/lib/python3.11/site-packages/gpytorch/distributions/multivariate_normal.py:375: NumericalWarning: Negative variance values detected. This is likely due to numerical instabilities. Rounding negative variances up to 1e-10.
  warnings.warn(
/Users/jy/BO/nutrigene-ai-bo-ipsec/.venv/lib/python3.11/site-packages/gpytorch/distributions/multivariate_normal.py:375: NumericalWarning: Negative variance values detected. This is likely due to numerical instabilities. Rounding negative variances up to 1e-10.
  warnings.warn(
/Users/jy/BO/nutrigene-ai-bo-ipsec/.venv/lib/python3.11/site-packages/gpytorch/distributions/multivariate_normal.py:375: NumericalWarning: Negative variance values detected. This is likely due to numerical instabilities. Rounding negative variances up to 1e-10.
  warnings.warn(
/Users/jy/BO/nutrigene-ai-bo-ipsec/.venv/lib/python3.11/site-packages/gpytorch/distributions/multivariate_normal.py:375: NumericalWarning: Negative variance values detected. This is likely due to numerical instabilities. Rounding negative variances up to 1e-10.
  warnings.warn(
/Users/jy/BO/nutrigene-ai-bo-ipsec/.venv/lib/python3.11/site-packages/gpytorch/distributions/multivariate_normal.py:375: NumericalWarning: Negative variance values detected. This is likely due to numerical instabilities. Rounding negative variances up to 1e-10.
  warnings.warn(
/Users/jy/BO/nutrigene-ai-bo-ipsec/.venv/lib/python3.11/site-packages/gpytorch/distributions/multivariate_normal.py:375: NumericalWarning: Negative variance values detected. This is likely due to numerical instabilities. Rounding negative variances up to 1e-10.
  warnings.warn(
/Users/jy/BO/nutrigene-ai-bo-ipsec/.venv/lib/python3.11/site-packages/gpytorch/distributions/multivariate_normal.py:375: NumericalWarning: Negative variance values detected. This is likely due to numerical instabilities. Rounding negative variances up to 1e-10.
  warnings.warn(
/Users/jy/BO/nutrigene-ai-bo-ipsec/.venv/lib/python3.11/site-packages/gpytorch/distributions/multivariate_normal.py:375: NumericalWarning: Negative variance values detected. This is likely due to numerical instabilities. Rounding negative variances up to 1e-10.
  warnings.warn(
/Users/jy/BO/nutrigene-ai-bo-ipsec/.venv/lib/python3.11/site-packages/gpytorch/distributions/multivariate_normal.py:375: NumericalWarning: Negative variance values detected. This is likely due to numerical instabilities. Rounding negative variances up to 1e-10.
  warnings.warn(
/Users/jy/BO/nutrigene-ai-bo-ipsec/.venv/lib/python3.11/site-packages/gpytorch/distributions/multivariate_normal.py:375: NumericalWarning: Negative variance values detected. This is likely due to numerical instabilities. Rounding negative variances up to 1e-10.
  warnings.warn(
/Users/jy/BO/nutrigene-ai-bo-ipsec/.venv/lib/python3.11/site-packages/gpytorch/distributions/multivariate_normal.py:375: NumericalWarning: Negative variance values detected. This is likely due to numerical instabilities. Rounding negative variances up to 1e-10.
  warnings.warn(
/Users/jy/BO/nutrigene-ai-bo-ipsec/.venv/lib/python3.11/site-packages/gpytorch/distributions/multivariate_normal.py:375: NumericalWarning: Negative variance values detected. This is likely due to numerical instabilities. Rounding negative variances up to 1e-10.
  warnings.warn(
/Users/jy/BO/nutrigene-ai-bo-ipsec/.venv/lib/python3.11/site-packages/gpytorch/distributions/multivariate_normal.py:375: NumericalWarning: Negative variance values detected. This is likely due to numerical instabilities. Rounding negative variances up to 1e-10.
  warnings.warn(
/Users/jy/BO/nutrigene-ai-bo-ipsec/.venv/lib/python3.11/site-packages/gpytorch/distributions/multivariate_normal.py:375: NumericalWarning: Negative variance values detected. This is likely due to numerical instabilities. Rounding negative variances up to 1e-10.
  warnings.warn(
/Users/jy/BO/nutrigene-ai-bo-ipsec/.venv/lib/python3.11/site-packages/gpytorch/distributions/multivariate_normal.py:375: NumericalWarning: Negative variance values detected. This is likely due to numerical instabilities. Rounding negative variances up to 1e-10.
  warnings.warn(
/Users/jy/BO/nutrigene-ai-bo-ipsec/.venv/lib/python3.11/site-packages/gpytorch/distributions/multivariate_normal.py:375: NumericalWarning: Negative variance values detected. This is likely due to numerical instabilities. Rounding negative variances up to 1e-10.
  warnings.warn(
/Users/jy/BO/nutrigene-ai-bo-ipsec/.venv/lib/python3.11/site-packages/gpytorch/distributions/multivariate_normal.py:375: NumericalWarning: Negative variance values detected. This is likely due to numerical instabilities. Rounding negative variances up to 1e-10.
  warnings.warn(
/Users/jy/BO/nutrigene-ai-bo-ipsec/.venv/lib/python3.11/site-packages/gpytorch/distributions/multivariate_normal.py:375: NumericalWarning: Negative variance values detected. This is likely due to numerical instabilities. Rounding negative variances up to 1e-10.
  warnings.warn(
/Users/jy/BO/nutrigene-ai-bo-ipsec/.venv/lib/python3.11/site-packages/gpytorch/distributions/multivariate_normal.py:375: NumericalWarning: Negative variance values detected. This is likely due to numerical instabilities. Rounding negative variances up to 1e-10.
  warnings.warn(
/Users/jy/BO/nutrigene-ai-bo-ipsec/.venv/lib/python3.11/site-packages/gpytorch/distributions/multivariate_normal.py:375: NumericalWarning: Negative variance values detected. This is likely due to numerical instabilities. Rounding negative variances up to 1e-10.
  warnings.warn(
/Users/jy/BO/nutrigene-ai-bo-ipsec/.venv/lib/python3.11/site-packages/gpytorch/distributions/multivariate_normal.py:375: NumericalWarning: Negative variance values detected. This is likely due to numerical instabilities. Rounding negative variances up to 1e-10.
  warnings.warn(
/Users/jy/BO/nutrigene-ai-bo-ipsec/.venv/lib/python3.11/site-packages/gpytorch/distributions/multivariate_normal.py:375: NumericalWarning: Negative variance values detected. This is likely due to numerical instabilities. Rounding negative variances up to 1e-10.
  warnings.warn(
/Users/jy/BO/nutrigene-ai-bo-ipsec/.venv/lib/python3.11/site-packages/gpytorch/distributions/multivariate_normal.py:375: NumericalWarning: Negative variance values detected. This is likely due to numerical instabilities. Rounding negative variances up to 1e-10.
  warnings.warn(
/Users/jy/BO/nutrigene-ai-bo-ipsec/.venv/lib/python3.11/site-packages/gpytorch/distributions/multivariate_normal.py:375: NumericalWarning: Negative variance values detected. This is likely due to numerical instabilities. Rounding negative variances up to 1e-10.
  warnings.warn(
/Users/jy/BO/nutrigene-ai-bo-ipsec/.venv/lib/python3.11/site-packages/gpytorch/distributions/multivariate_normal.py:375: NumericalWarning: Negative variance values detected. This is likely due to numerical instabilities. Rounding negative variances up to 1e-10.
  warnings.warn(
/Users/jy/BO/nutrigene-ai-bo-ipsec/.venv/lib/python3.11/site-packages/gpytorch/distributions/multivariate_normal.py:375: NumericalWarning: Negative variance values detected. This is likely due to numerical instabilities. Rounding negative variances up to 1e-10.
  warnings.warn(
/Users/jy/BO/nutrigene-ai-bo-ipsec/.venv/lib/python3.11/site-packages/gpytorch/distributions/multivariate_normal.py:375: NumericalWarning: Negative variance values detected. This is likely due to numerical instabilities. Rounding negative variances up to 1e-10.
  warnings.warn(
/Users/jy/BO/nutrigene-ai-bo-ipsec/.venv/lib/python3.11/site-packages/gpytorch/distributions/multivariate_normal.py:375: NumericalWarning: Negative variance values detected. This is likely due to numerical instabilities. Rounding negative variances up to 1e-10.
  warnings.warn(
/Users/jy/BO/nutrigene-ai-bo-ipsec/.venv/lib/python3.11/site-packages/gpytorch/distributions/multivariate_normal.py:375: NumericalWarning: Negative variance values detected. This is likely due to numerical instabilities. Rounding negative variances up to 1e-10.
  warnings.warn(
/Users/jy/BO/nutrigene-ai-bo-ipsec/.venv/lib/python3.11/site-packages/gpytorch/distributions/multivariate_normal.py:375: NumericalWarning: Negative variance values detected. This is likely due to numerical instabilities. Rounding negative variances up to 1e-10.
  warnings.warn(
/Users/jy/BO/nutrigene-ai-bo-ipsec/.venv/lib/python3.11/site-packages/gpytorch/distributions/multivariate_normal.py:375: NumericalWarning: Negative variance values detected. This is likely due to numerical instabilities. Rounding negative variances up to 1e-10.
  warnings.warn(
/Users/jy/BO/nutrigene-ai-bo-ipsec/.venv/lib/python3.11/site-packages/gpytorch/distributions/multivariate_normal.py:375: NumericalWarning: Negative variance values detected. This is likely due to numerical instabilities. Rounding negative variances up to 1e-10.
  warnings.warn(
/Users/jy/BO/nutrigene-ai-bo-ipsec/.venv/lib/python3.11/site-packages/gpytorch/distributions/multivariate_normal.py:375: NumericalWarning: Negative variance values detected. This is likely due to numerical instabilities. Rounding negative variances up to 1e-10.
  warnings.warn(
/Users/jy/BO/nutrigene-ai-bo-ipsec/.venv/lib/python3.11/site-packages/gpytorch/distributions/multivariate_normal.py:375: NumericalWarning: Negative variance values detected. This is likely due to numerical instabilities. Rounding negative variances up to 1e-10.
  warnings.warn(
/Users/jy/BO/nutrigene-ai-bo-ipsec/.venv/lib/python3.11/site-packages/gpytorch/distributions/multivariate_normal.py:375: NumericalWarning: Negative variance values detected. This is likely due to numerical instabilities. Rounding negative variances up to 1e-10.
  warnings.warn(
/Users/jy/BO/nutrigene-ai-bo-ipsec/.venv/lib/python3.11/site-packages/gpytorch/distributions/multivariate_normal.py:375: NumericalWarning: Negative variance values detected. This is likely due to numerical instabilities. Rounding negative variances up to 1e-10.
  warnings.warn(
/Users/jy/BO/nutrigene-ai-bo-ipsec/.venv/lib/python3.11/site-packages/gpytorch/distributions/multivariate_normal.py:375: NumericalWarning: Negative variance values detected. This is likely due to numerical instabilities. Rounding negative variances up to 1e-10.
  warnings.warn(
/Users/jy/BO/nutrigene-ai-bo-ipsec/.venv/lib/python3.11/site-packages/gpytorch/distributions/multivariate_normal.py:375: NumericalWarning: Negative variance values detected. This is likely due to numerical instabilities. Rounding negative variances up to 1e-10.
  warnings.warn(
/Users/jy/BO/nutrigene-ai-bo-ipsec/.venv/lib/python3.11/site-packages/gpytorch/distributions/multivariate_normal.py:375: NumericalWarning: Negative variance values detected. This is likely due to numerical instabilities. Rounding negative variances up to 1e-10.
  warnings.warn(
/Users/jy/BO/nutrigene-ai-bo-ipsec/.venv/lib/python3.11/site-packages/gpytorch/distributions/multivariate_normal.py:375: NumericalWarning: Negative variance values detected. This is likely due to numerical instabilities. Rounding negative variances up to 1e-10.
  warnings.warn(
/Users/jy/BO/nutrigene-ai-bo-ipsec/.venv/lib/python3.11/site-packages/gpytorch/distributions/multivariate_normal.py:375: NumericalWarning: Negative variance values detected. This is likely due to numerical instabilities. Rounding negative variances up to 1e-10.
  warnings.warn(
/Users/jy/BO/nutrigene-ai-bo-ipsec/.venv/lib/python3.11/site-packages/gpytorch/distributions/multivariate_normal.py:375: NumericalWarning: Negative variance values detected. This is likely due to numerical instabilities. Rounding negative variances up to 1e-10.
  warnings.warn(
/Users/jy/BO/nutrigene-ai-bo-ipsec/.venv/lib/python3.11/site-packages/gpytorch/distributions/multivariate_normal.py:375: NumericalWarning: Negative variance values detected. This is likely due to numerical instabilities. Rounding negative variances up to 1e-10.
  warnings.warn(
/Users/jy/BO/nutrigene-ai-bo-ipsec/.venv/lib/python3.11/site-packages/gpytorch/distributions/multivariate_normal.py:375: NumericalWarning: Negative variance values detected. This is likely due to numerical instabilities. Rounding negative variances up to 1e-10.
  warnings.warn(
/Users/jy/BO/nutrigene-ai-bo-ipsec/.venv/lib/python3.11/site-packages/gpytorch/distributions/multivariate_normal.py:375: NumericalWarning: Negative variance values detected. This is likely due to numerical instabilities. Rounding negative variances up to 1e-10.
  warnings.warn(
/Users/jy/BO/nutrigene-ai-bo-ipsec/.venv/lib/python3.11/site-packages/gpytorch/distributions/multivariate_normal.py:375: NumericalWarning: Negative variance values detected. This is likely due to numerical instabilities. Rounding negative variances up to 1e-10.
  warnings.warn(
/Users/jy/BO/nutrigene-ai-bo-ipsec/.venv/lib/python3.11/site-packages/gpytorch/distributions/multivariate_normal.py:375: NumericalWarning: Negative variance values detected. This is likely due to numerical instabilities. Rounding negative variances up to 1e-10.
  warnings.warn(
/Users/jy/BO/nutrigene-ai-bo-ipsec/.venv/lib/python3.11/site-packages/gpytorch/distributions/multivariate_normal.py:375: NumericalWarning: Negative variance values detected. This is likely due to numerical instabilities. Rounding negative variances up to 1e-10.
  warnings.warn(
/Users/jy/BO/nutrigene-ai-bo-ipsec/.venv/lib/python3.11/site-packages/gpytorch/distributions/multivariate_normal.py:375: NumericalWarning: Negative variance values detected. This is likely due to numerical instabilities. Rounding negative variances up to 1e-10.
  warnings.warn(
/Users/jy/BO/nutrigene-ai-bo-ipsec/.venv/lib/python3.11/site-packages/gpytorch/distributions/multivariate_normal.py:375: NumericalWarning: Negative variance values detected. This is likely due to numerical instabilities. Rounding negative variances up to 1e-10.
  warnings.warn(
/Users/jy/BO/nutrigene-ai-bo-ipsec/.venv/lib/python3.11/site-packages/gpytorch/distributions/multivariate_normal.py:375: NumericalWarning: Negative variance values detected. This is likely due to numerical instabilities. Rounding negative variances up to 1e-10.
  warnings.warn(
/Users/jy/BO/nutrigene-ai-bo-ipsec/.venv/lib/python3.11/site-packages/gpytorch/distributions/multivariate_normal.py:375: NumericalWarning: Negative variance values detected. This is likely due to numerical instabilities. Rounding negative variances up to 1e-10.
  warnings.warn(
/Users/jy/BO/nutrigene-ai-bo-ipsec/.venv/lib/python3.11/site-packages/gpytorch/distributions/multivariate_normal.py:375: NumericalWarning: Negative variance values detected. This is likely due to numerical instabilities. Rounding negative variances up to 1e-10.
  warnings.warn(
/Users/jy/BO/nutrigene-ai-bo-ipsec/.venv/lib/python3.11/site-packages/gpytorch/distributions/multivariate_normal.py:375: NumericalWarning: Negative variance values detected. This is likely due to numerical instabilities. Rounding negative variances up to 1e-10.
  warnings.warn(
/Users/jy/BO/nutrigene-ai-bo-ipsec/.venv/lib/python3.11/site-packages/gpytorch/distributions/multivariate_normal.py:375: NumericalWarning: Negative variance values detected. This is likely due to numerical instabilities. Rounding negative variances up to 1e-10.
  warnings.warn(
/Users/jy/BO/nutrigene-ai-bo-ipsec/.venv/lib/python3.11/site-packages/gpytorch/distributions/multivariate_normal.py:375: NumericalWarning: Negative variance values detected. This is likely due to numerical instabilities. Rounding negative variances up to 1e-10.
  warnings.warn(
/Users/jy/BO/nutrigene-ai-bo-ipsec/.venv/lib/python3.11/site-packages/gpytorch/distributions/multivariate_normal.py:375: NumericalWarning: Negative variance values detected. This is likely due to numerical instabilities. Rounding negative variances up to 1e-10.
  warnings.warn(
/Users/jy/BO/nutrigene-ai-bo-ipsec/.venv/lib/python3.11/site-packages/gpytorch/distributions/multivariate_normal.py:375: NumericalWarning: Negative variance values detected. This is likely due to numerical instabilities. Rounding negative variances up to 1e-10.
  warnings.warn(
/Users/jy/BO/nutrigene-ai-bo-ipsec/.venv/lib/python3.11/site-packages/gpytorch/distributions/multivariate_normal.py:375: NumericalWarning: Negative variance values detected. This is likely due to numerical instabilities. Rounding negative variances up to 1e-10.
  warnings.warn(
/Users/jy/BO/nutrigene-ai-bo-ipsec/.venv/lib/python3.11/site-packages/gpytorch/distributions/multivariate_normal.py:375: NumericalWarning: Negative variance values detected. This is likely due to numerical instabilities. Rounding negative variances up to 1e-10.
  warnings.warn(
/Users/jy/BO/nutrigene-ai-bo-ipsec/.venv/lib/python3.11/site-packages/gpytorch/distributions/multivariate_normal.py:375: NumericalWarning: Negative variance values detected. This is likely due to numerical instabilities. Rounding negative variances up to 1e-10.
  warnings.warn(
/Users/jy/BO/nutrigene-ai-bo-ipsec/.venv/lib/python3.11/site-packages/gpytorch/distributions/multivariate_normal.py:375: NumericalWarning: Negative variance values detected. This is likely due to numerical instabilities. Rounding negative variances up to 1e-10.
  warnings.warn(
/Users/jy/BO/nutrigene-ai-bo-ipsec/.venv/lib/python3.11/site-packages/gpytorch/distributions/multivariate_normal.py:375: NumericalWarning: Negative variance values detected. This is likely due to numerical instabilities. Rounding negative variances up to 1e-10.
  warnings.warn(
/Users/jy/BO/nutrigene-ai-bo-ipsec/.venv/lib/python3.11/site-packages/gpytorch/distributions/multivariate_normal.py:375: NumericalWarning: Negative variance values detected. This is likely due to numerical instabilities. Rounding negative variances up to 1e-10.
  warnings.warn(
/Users/jy/BO/nutrigene-ai-bo-ipsec/.venv/lib/python3.11/site-packages/gpytorch/distributions/multivariate_normal.py:375: NumericalWarning: Negative variance values detected. This is likely due to numerical instabilities. Rounding negative variances up to 1e-10.
  warnings.warn(
/Users/jy/BO/nutrigene-ai-bo-ipsec/.venv/lib/python3.11/site-packages/gpytorch/distributions/multivariate_normal.py:375: NumericalWarning: Negative variance values detected. This is likely due to numerical instabilities. Rounding negative variances up to 1e-10.
  warnings.warn(
/Users/jy/BO/nutrigene-ai-bo-ipsec/.venv/lib/python3.11/site-packages/gpytorch/distributions/multivariate_normal.py:375: NumericalWarning: Negative variance values detected. This is likely due to numerical instabilities. Rounding negative variances up to 1e-10.
  warnings.warn(
/Users/jy/BO/nutrigene-ai-bo-ipsec/.venv/lib/python3.11/site-packages/gpytorch/distributions/multivariate_normal.py:375: NumericalWarning: Negative variance values detected. This is likely due to numerical instabilities. Rounding negative variances up to 1e-10.
  warnings.warn(
/Users/jy/BO/nutrigene-ai-bo-ipsec/.venv/lib/python3.11/site-packages/gpytorch/distributions/multivariate_normal.py:375: NumericalWarning: Negative variance values detected. This is likely due to numerical instabilities. Rounding negative variances up to 1e-10.
  warnings.warn(
/Users/jy/BO/nutrigene-ai-bo-ipsec/.venv/lib/python3.11/site-packages/gpytorch/distributions/multivariate_normal.py:375: NumericalWarning: Negative variance values detected. This is likely due to numerical instabilities. Rounding negative variances up to 1e-10.
  warnings.warn(
/Users/jy/BO/nutrigene-ai-bo-ipsec/.venv/lib/python3.11/site-packages/gpytorch/distributions/multivariate_normal.py:375: NumericalWarning: Negative variance values detected. This is likely due to numerical instabilities. Rounding negative variances up to 1e-10.
  warnings.warn(
/Users/jy/BO/nutrigene-ai-bo-ipsec/.venv/lib/python3.11/site-packages/gpytorch/distributions/multivariate_normal.py:375: NumericalWarning: Negative variance values detected. This is likely due to numerical instabilities. Rounding negative variances up to 1e-10.
  warnings.warn(
/Users/jy/BO/nutrigene-ai-bo-ipsec/.venv/lib/python3.11/site-packages/gpytorch/distributions/multivariate_normal.py:375: NumericalWarning: Negative variance values detected. This is likely due to numerical instabilities. Rounding negative variances up to 1e-10.
  warnings.warn(
/Users/jy/BO/nutrigene-ai-bo-ipsec/.venv/lib/python3.11/site-packages/gpytorch/distributions/multivariate_normal.py:375: NumericalWarning: Negative variance values detected. This is likely due to numerical instabilities. Rounding negative variances up to 1e-10.
  warnings.warn(
/Users/jy/BO/nutrigene-ai-bo-ipsec/.venv/lib/python3.11/site-packages/gpytorch/distributions/multivariate_normal.py:375: NumericalWarning: Negative variance values detected. This is likely due to numerical instabilities. Rounding negative variances up to 1e-10.
  warnings.warn(
/Users/jy/BO/nutrigene-ai-bo-ipsec/.venv/lib/python3.11/site-packages/gpytorch/distributions/multivariate_normal.py:375: NumericalWarning: Negative variance values detected. This is likely due to numerical instabilities. Rounding negative variances up to 1e-10.
  warnings.warn(
/Users/jy/BO/nutrigene-ai-bo-ipsec/.venv/lib/python3.11/site-packages/gpytorch/distributions/multivariate_normal.py:375: NumericalWarning: Negative variance values detected. This is likely due to numerical instabilities. Rounding negative variances up to 1e-10.
  warnings.warn(
/Users/jy/BO/nutrigene-ai-bo-ipsec/.venv/lib/python3.11/site-packages/gpytorch/distributions/multivariate_normal.py:375: NumericalWarning: Negative variance values detected. This is likely due to numerical instabilities. Rounding negative variances up to 1e-10.
  warnings.warn(
/Users/jy/BO/nutrigene-ai-bo-ipsec/.venv/lib/python3.11/site-packages/gpytorch/distributions/multivariate_normal.py:375: NumericalWarning: Negative variance values detected. This is likely due to numerical instabilities. Rounding negative variances up to 1e-10.
  warnings.warn(
/Users/jy/BO/nutrigene-ai-bo-ipsec/.venv/lib/python3.11/site-packages/gpytorch/distributions/multivariate_normal.py:375: NumericalWarning: Negative variance values detected. This is likely due to numerical instabilities. Rounding negative variances up to 1e-10.
  warnings.warn(
/Users/jy/BO/nutrigene-ai-bo-ipsec/.venv/lib/python3.11/site-packages/gpytorch/distributions/multivariate_normal.py:375: NumericalWarning: Negative variance values detected. This is likely due to numerical instabilities. Rounding negative variances up to 1e-10.
  warnings.warn(
/Users/jy/BO/nutrigene-ai-bo-ipsec/.venv/lib/python3.11/site-packages/gpytorch/distributions/multivariate_normal.py:375: NumericalWarning: Negative variance values detected. This is likely due to numerical instabilities. Rounding negative variances up to 1e-10.
  warnings.warn(
/Users/jy/BO/nutrigene-ai-bo-ipsec/.venv/lib/python3.11/site-packages/gpytorch/distributions/multivariate_normal.py:375: NumericalWarning: Negative variance values detected. This is likely due to numerical instabilities. Rounding negative variances up to 1e-10.
  warnings.warn(
/Users/jy/BO/nutrigene-ai-bo-ipsec/.venv/lib/python3.11/site-packages/gpytorch/distributions/multivariate_normal.py:375: NumericalWarning: Negative variance values detected. This is likely due to numerical instabilities. Rounding negative variances up to 1e-10.
  warnings.warn(
/Users/jy/BO/nutrigene-ai-bo-ipsec/.venv/lib/python3.11/site-packages/gpytorch/distributions/multivariate_normal.py:375: NumericalWarning: Negative variance values detected. This is likely due to numerical instabilities. Rounding negative variances up to 1e-10.
  warnings.warn(
/Users/jy/BO/nutrigene-ai-bo-ipsec/.venv/lib/python3.11/site-packages/gpytorch/distributions/multivariate_normal.py:375: NumericalWarning: Negative variance values detected. This is likely due to numerical instabilities. Rounding negative variances up to 1e-10.
  warnings.warn(
/Users/jy/BO/nutrigene-ai-bo-ipsec/.venv/lib/python3.11/site-packages/gpytorch/distributions/multivariate_normal.py:375: NumericalWarning: Negative variance values detected. This is likely due to numerical instabilities. Rounding negative variances up to 1e-10.
  warnings.warn(
/Users/jy/BO/nutrigene-ai-bo-ipsec/.venv/lib/python3.11/site-packages/gpytorch/distributions/multivariate_normal.py:375: NumericalWarning: Negative variance values detected. This is likely due to numerical instabilities. Rounding negative variances up to 1e-10.
  warnings.warn(
/Users/jy/BO/nutrigene-ai-bo-ipsec/.venv/lib/python3.11/site-packages/gpytorch/distributions/multivariate_normal.py:375: NumericalWarning: Negative variance values detected. This is likely due to numerical instabilities. Rounding negative variances up to 1e-10.
  warnings.warn(
/Users/jy/BO/nutrigene-ai-bo-ipsec/.venv/lib/python3.11/site-packages/gpytorch/distributions/multivariate_normal.py:375: NumericalWarning: Negative variance values detected. This is likely due to numerical instabilities. Rounding negative variances up to 1e-10.
  warnings.warn(
/Users/jy/BO/nutrigene-ai-bo-ipsec/.venv/lib/python3.11/site-packages/gpytorch/distributions/multivariate_normal.py:375: NumericalWarning: Negative variance values detected. This is likely due to numerical instabilities. Rounding negative variances up to 1e-10.
  warnings.warn(
/Users/jy/BO/nutrigene-ai-bo-ipsec/.venv/lib/python3.11/site-packages/gpytorch/distributions/multivariate_normal.py:375: NumericalWarning: Negative variance values detected. This is likely due to numerical instabilities. Rounding negative variances up to 1e-10.
  warnings.warn(
/Users/jy/BO/nutrigene-ai-bo-ipsec/.venv/lib/python3.11/site-packages/gpytorch/distributions/multivariate_normal.py:375: NumericalWarning: Negative variance values detected. This is likely due to numerical instabilities. Rounding negative variances up to 1e-10.
  warnings.warn(
/Users/jy/BO/nutrigene-ai-bo-ipsec/.venv/lib/python3.11/site-packages/gpytorch/distributions/multivariate_normal.py:375: NumericalWarning: Negative variance values detected. This is likely due to numerical instabilities. Rounding negative variances up to 1e-10.
  warnings.warn(
/Users/jy/BO/nutrigene-ai-bo-ipsec/.venv/lib/python3.11/site-packages/gpytorch/distributions/multivariate_normal.py:375: NumericalWarning: Negative variance values detected. This is likely due to numerical instabilities. Rounding negative variances up to 1e-10.
  warnings.warn(
/Users/jy/BO/nutrigene-ai-bo-ipsec/.venv/lib/python3.11/site-packages/gpytorch/distributions/multivariate_normal.py:375: NumericalWarning: Negative variance values detected. This is likely due to numerical instabilities. Rounding negative variances up to 1e-10.
  warnings.warn(
/Users/jy/BO/nutrigene-ai-bo-ipsec/.venv/lib/python3.11/site-packages/gpytorch/distributions/multivariate_normal.py:375: NumericalWarning: Negative variance values detected. This is likely due to numerical instabilities. Rounding negative variances up to 1e-10.
  warnings.warn(
/Users/jy/BO/nutrigene-ai-bo-ipsec/.venv/lib/python3.11/site-packages/gpytorch/distributions/multivariate_normal.py:375: NumericalWarning: Negative variance values detected. This is likely due to numerical instabilities. Rounding negative variances up to 1e-10.
  warnings.warn(
/Users/jy/BO/nutrigene-ai-bo-ipsec/.venv/lib/python3.11/site-packages/gpytorch/distributions/multivariate_normal.py:375: NumericalWarning: Negative variance values detected. This is likely due to numerical instabilities. Rounding negative variances up to 1e-10.
  warnings.warn(
/Users/jy/BO/nutrigene-ai-bo-ipsec/.venv/lib/python3.11/site-packages/gpytorch/distributions/multivariate_normal.py:375: NumericalWarning: Negative variance values detected. This is likely due to numerical instabilities. Rounding negative variances up to 1e-10.
  warnings.warn(
/Users/jy/BO/nutrigene-ai-bo-ipsec/.venv/lib/python3.11/site-packages/gpytorch/distributions/multivariate_normal.py:375: NumericalWarning: Negative variance values detected. This is likely due to numerical instabilities. Rounding negative variances up to 1e-10.
  warnings.warn(
/Users/jy/BO/nutrigene-ai-bo-ipsec/.venv/lib/python3.11/site-packages/gpytorch/distributions/multivariate_normal.py:375: NumericalWarning: Negative variance values detected. This is likely due to numerical instabilities. Rounding negative variances up to 1e-10.
  warnings.warn(
/Users/jy/BO/nutrigene-ai-bo-ipsec/.venv/lib/python3.11/site-packages/gpytorch/distributions/multivariate_normal.py:375: NumericalWarning: Negative variance values detected. This is likely due to numerical instabilities. Rounding negative variances up to 1e-10.
  warnings.warn(
/Users/jy/BO/nutrigene-ai-bo-ipsec/.venv/lib/python3.11/site-packages/gpytorch/distributions/multivariate_normal.py:375: NumericalWarning: Negative variance values detected. This is likely due to numerical instabilities. Rounding negative variances up to 1e-10.
  warnings.warn(
/Users/jy/BO/nutrigene-ai-bo-ipsec/.venv/lib/python3.11/site-packages/gpytorch/distributions/multivariate_normal.py:375: NumericalWarning: Negative variance values detected. This is likely due to numerical instabilities. Rounding negative variances up to 1e-10.
  warnings.warn(
/Users/jy/BO/nutrigene-ai-bo-ipsec/.venv/lib/python3.11/site-packages/gpytorch/distributions/multivariate_normal.py:375: NumericalWarning: Negative variance values detected. This is likely due to numerical instabilities. Rounding negative variances up to 1e-10.
  warnings.warn(
/Users/jy/BO/nutrigene-ai-bo-ipsec/.venv/lib/python3.11/site-packages/gpytorch/distributions/multivariate_normal.py:375: NumericalWarning: Negative variance values detected. This is likely due to numerical instabilities. Rounding negative variances up to 1e-10.
  warnings.warn(
/Users/jy/BO/nutrigene-ai-bo-ipsec/.venv/lib/python3.11/site-packages/gpytorch/distributions/multivariate_normal.py:375: NumericalWarning: Negative variance values detected. This is likely due to numerical instabilities. Rounding negative variances up to 1e-10.
  warnings.warn(
/Users/jy/BO/nutrigene-ai-bo-ipsec/.venv/lib/python3.11/site-packages/gpytorch/distributions/multivariate_normal.py:375: NumericalWarning: Negative variance values detected. This is likely due to numerical instabilities. Rounding negative variances up to 1e-10.
  warnings.warn(
/Users/jy/BO/nutrigene-ai-bo-ipsec/.venv/lib/python3.11/site-packages/gpytorch/distributions/multivariate_normal.py:375: NumericalWarning: Negative variance values detected. This is likely due to numerical instabilities. Rounding negative variances up to 1e-10.
  warnings.warn(
/Users/jy/BO/nutrigene-ai-bo-ipsec/.venv/lib/python3.11/site-packages/gpytorch/distributions/multivariate_normal.py:375: NumericalWarning: Negative variance values detected. This is likely due to numerical instabilities. Rounding negative variances up to 1e-10.
  warnings.warn(
/Users/jy/BO/nutrigene-ai-bo-ipsec/.venv/lib/python3.11/site-packages/gpytorch/distributions/multivariate_normal.py:375: NumericalWarning: Negative variance values detected. This is likely due to numerical instabilities. Rounding negative variances up to 1e-10.
  warnings.warn(
/Users/jy/BO/nutrigene-ai-bo-ipsec/.venv/lib/python3.11/site-packages/gpytorch/distributions/multivariate_normal.py:375: NumericalWarning: Negative variance values detected. This is likely due to numerical instabilities. Rounding negative variances up to 1e-10.
  warnings.warn(
/Users/jy/BO/nutrigene-ai-bo-ipsec/.venv/lib/python3.11/site-packages/gpytorch/distributions/multivariate_normal.py:375: NumericalWarning: Negative variance values detected. This is likely due to numerical instabilities. Rounding negative variances up to 1e-10.
  warnings.warn(
/Users/jy/BO/nutrigene-ai-bo-ipsec/.venv/lib/python3.11/site-packages/gpytorch/distributions/multivariate_normal.py:375: NumericalWarning: Negative variance values detected. This is likely due to numerical instabilities. Rounding negative variances up to 1e-10.
  warnings.warn(
/Users/jy/BO/nutrigene-ai-bo-ipsec/.venv/lib/python3.11/site-packages/gpytorch/distributions/multivariate_normal.py:375: NumericalWarning: Negative variance values detected. This is likely due to numerical instabilities. Rounding negative variances up to 1e-10.
  warnings.warn(
/Users/jy/BO/nutrigene-ai-bo-ipsec/.venv/lib/python3.11/site-packages/gpytorch/distributions/multivariate_normal.py:375: NumericalWarning: Negative variance values detected. This is likely due to numerical instabilities. Rounding negative variances up to 1e-10.
  warnings.warn(
/Users/jy/BO/nutrigene-ai-bo-ipsec/.venv/lib/python3.11/site-packages/gpytorch/distributions/multivariate_normal.py:375: NumericalWarning: Negative variance values detected. This is likely due to numerical instabilities. Rounding negative variances up to 1e-10.
  warnings.warn(
/Users/jy/BO/nutrigene-ai-bo-ipsec/.venv/lib/python3.11/site-packages/gpytorch/distributions/multivariate_normal.py:375: NumericalWarning: Negative variance values detected. This is likely due to numerical instabilities. Rounding negative variances up to 1e-10.
  warnings.warn(
/Users/jy/BO/nutrigene-ai-bo-ipsec/.venv/lib/python3.11/site-packages/gpytorch/distributions/multivariate_normal.py:375: NumericalWarning: Negative variance values detected. This is likely due to numerical instabilities. Rounding negative variances up to 1e-10.
  warnings.warn(
/Users/jy/BO/nutrigene-ai-bo-ipsec/.venv/lib/python3.11/site-packages/gpytorch/distributions/multivariate_normal.py:375: NumericalWarning: Negative variance values detected. This is likely due to numerical instabilities. Rounding negative variances up to 1e-10.
  warnings.warn(
/Users/jy/BO/nutrigene-ai-bo-ipsec/.venv/lib/python3.11/site-packages/gpytorch/distributions/multivariate_normal.py:375: NumericalWarning: Negative variance values detected. This is likely due to numerical instabilities. Rounding negative variances up to 1e-10.
  warnings.warn(
/Users/jy/BO/nutrigene-ai-bo-ipsec/.venv/lib/python3.11/site-packages/gpytorch/distributions/multivariate_normal.py:375: NumericalWarning: Negative variance values detected. This is likely due to numerical instabilities. Rounding negative variances up to 1e-10.
  warnings.warn(
/Users/jy/BO/nutrigene-ai-bo-ipsec/.venv/lib/python3.11/site-packages/gpytorch/distributions/multivariate_normal.py:375: NumericalWarning: Negative variance values detected. This is likely due to numerical instabilities. Rounding negative variances up to 1e-10.
  warnings.warn(
/Users/jy/BO/nutrigene-ai-bo-ipsec/.venv/lib/python3.11/site-packages/gpytorch/distributions/multivariate_normal.py:375: NumericalWarning: Negative variance values detected. This is likely due to numerical instabilities. Rounding negative variances up to 1e-10.
  warnings.warn(
/Users/jy/BO/nutrigene-ai-bo-ipsec/.venv/lib/python3.11/site-packages/gpytorch/distributions/multivariate_normal.py:375: NumericalWarning: Negative variance values detected. This is likely due to numerical instabilities. Rounding negative variances up to 1e-10.
  warnings.warn(
/Users/jy/BO/nutrigene-ai-bo-ipsec/.venv/lib/python3.11/site-packages/gpytorch/distributions/multivariate_normal.py:375: NumericalWarning: Negative variance values detected. This is likely due to numerical instabilities. Rounding negative variances up to 1e-10.
  warnings.warn(
/Users/jy/BO/nutrigene-ai-bo-ipsec/.venv/lib/python3.11/site-packages/gpytorch/distributions/multivariate_normal.py:375: NumericalWarning: Negative variance values detected. This is likely due to numerical instabilities. Rounding negative variances up to 1e-10.
  warnings.warn(
/Users/jy/BO/nutrigene-ai-bo-ipsec/.venv/lib/python3.11/site-packages/gpytorch/distributions/multivariate_normal.py:375: NumericalWarning: Negative variance values detected. This is likely due to numerical instabilities. Rounding negative variances up to 1e-10.
  warnings.warn(
/Users/jy/BO/nutrigene-ai-bo-ipsec/.venv/lib/python3.11/site-packages/gpytorch/distributions/multivariate_normal.py:375: NumericalWarning: Negative variance values detected. This is likely due to numerical instabilities. Rounding negative variances up to 1e-10.
  warnings.warn(
/Users/jy/BO/nutrigene-ai-bo-ipsec/.venv/lib/python3.11/site-packages/gpytorch/distributions/multivariate_normal.py:375: NumericalWarning: Negative variance values detected. This is likely due to numerical instabilities. Rounding negative variances up to 1e-10.
  warnings.warn(
/Users/jy/BO/nutrigene-ai-bo-ipsec/.venv/lib/python3.11/site-packages/gpytorch/distributions/multivariate_normal.py:375: NumericalWarning: Negative variance values detected. This is likely due to numerical instabilities. Rounding negative variances up to 1e-10.
  warnings.warn(
/Users/jy/BO/nutrigene-ai-bo-ipsec/.venv/lib/python3.11/site-packages/gpytorch/distributions/multivariate_normal.py:375: NumericalWarning: Negative variance values detected. This is likely due to numerical instabilities. Rounding negative variances up to 1e-10.
  warnings.warn(
/Users/jy/BO/nutrigene-ai-bo-ipsec/.venv/lib/python3.11/site-packages/gpytorch/distributions/multivariate_normal.py:375: NumericalWarning: Negative variance values detected. This is likely due to numerical instabilities. Rounding negative variances up to 1e-10.
  warnings.warn(
/Users/jy/BO/nutrigene-ai-bo-ipsec/.venv/lib/python3.11/site-packages/gpytorch/distributions/multivariate_normal.py:375: NumericalWarning: Negative variance values detected. This is likely due to numerical instabilities. Rounding negative variances up to 1e-10.
  warnings.warn(
/Users/jy/BO/nutrigene-ai-bo-ipsec/.venv/lib/python3.11/site-packages/gpytorch/distributions/multivariate_normal.py:375: NumericalWarning: Negative variance values detected. This is likely due to numerical instabilities. Rounding negative variances up to 1e-10.
  warnings.warn(
/Users/jy/BO/nutrigene-ai-bo-ipsec/.venv/lib/python3.11/site-packages/gpytorch/distributions/multivariate_normal.py:375: NumericalWarning: Negative variance values detected. This is likely due to numerical instabilities. Rounding negative variances up to 1e-10.
  warnings.warn(
/Users/jy/BO/nutrigene-ai-bo-ipsec/.venv/lib/python3.11/site-packages/gpytorch/distributions/multivariate_normal.py:375: NumericalWarning: Negative variance values detected. This is likely due to numerical instabilities. Rounding negative variances up to 1e-10.
  warnings.warn(
/Users/jy/BO/nutrigene-ai-bo-ipsec/.venv/lib/python3.11/site-packages/gpytorch/distributions/multivariate_normal.py:375: NumericalWarning: Negative variance values detected. This is likely due to numerical instabilities. Rounding negative variances up to 1e-10.
  warnings.warn(
/Users/jy/BO/nutrigene-ai-bo-ipsec/.venv/lib/python3.11/site-packages/gpytorch/distributions/multivariate_normal.py:375: NumericalWarning: Negative variance values detected. This is likely due to numerical instabilities. Rounding negative variances up to 1e-10.
  warnings.warn(
/Users/jy/BO/nutrigene-ai-bo-ipsec/.venv/lib/python3.11/site-packages/gpytorch/distributions/multivariate_normal.py:375: NumericalWarning: Negative variance values detected. This is likely due to numerical instabilities. Rounding negative variances up to 1e-10.
  warnings.warn(
/Users/jy/BO/nutrigene-ai-bo-ipsec/.venv/lib/python3.11/site-packages/gpytorch/distributions/multivariate_normal.py:375: NumericalWarning: Negative variance values detected. This is likely due to numerical instabilities. Rounding negative variances up to 1e-10.
  warnings.warn(
/Users/jy/BO/nutrigene-ai-bo-ipsec/.venv/lib/python3.11/site-packages/gpytorch/distributions/multivariate_normal.py:375: NumericalWarning: Negative variance values detected. This is likely due to numerical instabilities. Rounding negative variances up to 1e-10.
  warnings.warn(
/Users/jy/BO/nutrigene-ai-bo-ipsec/.venv/lib/python3.11/site-packages/gpytorch/distributions/multivariate_normal.py:375: NumericalWarning: Negative variance values detected. This is likely due to numerical instabilities. Rounding negative variances up to 1e-10.
  warnings.warn(
/Users/jy/BO/nutrigene-ai-bo-ipsec/.venv/lib/python3.11/site-packages/gpytorch/distributions/multivariate_normal.py:375: NumericalWarning: Negative variance values detected. This is likely due to numerical instabilities. Rounding negative variances up to 1e-10.
  warnings.warn(
/Users/jy/BO/nutrigene-ai-bo-ipsec/.venv/lib/python3.11/site-packages/gpytorch/distributions/multivariate_normal.py:375: NumericalWarning: Negative variance values detected. This is likely due to numerical instabilities. Rounding negative variances up to 1e-10.
  warnings.warn(
/Users/jy/BO/nutrigene-ai-bo-ipsec/.venv/lib/python3.11/site-packages/gpytorch/distributions/multivariate_normal.py:375: NumericalWarning: Negative variance values detected. This is likely due to numerical instabilities. Rounding negative variances up to 1e-10.
  warnings.warn(
/Users/jy/BO/nutrigene-ai-bo-ipsec/.venv/lib/python3.11/site-packages/gpytorch/distributions/multivariate_normal.py:375: NumericalWarning: Negative variance values detected. This is likely due to numerical instabilities. Rounding negative variances up to 1e-10.
  warnings.warn(
/Users/jy/BO/nutrigene-ai-bo-ipsec/.venv/lib/python3.11/site-packages/gpytorch/distributions/multivariate_normal.py:375: NumericalWarning: Negative variance values detected. This is likely due to numerical instabilities. Rounding negative variances up to 1e-10.
  warnings.warn(
/Users/jy/BO/nutrigene-ai-bo-ipsec/.venv/lib/python3.11/site-packages/gpytorch/distributions/multivariate_normal.py:375: NumericalWarning: Negative variance values detected. This is likely due to numerical instabilities. Rounding negative variances up to 1e-10.
  warnings.warn(
/Users/jy/BO/nutrigene-ai-bo-ipsec/.venv/lib/python3.11/site-packages/gpytorch/distributions/multivariate_normal.py:375: NumericalWarning: Negative variance values detected. This is likely due to numerical instabilities. Rounding negative variances up to 1e-10.
  warnings.warn(
/Users/jy/BO/nutrigene-ai-bo-ipsec/.venv/lib/python3.11/site-packages/gpytorch/distributions/multivariate_normal.py:375: NumericalWarning: Negative variance values detected. This is likely due to numerical instabilities. Rounding negative variances up to 1e-10.
  warnings.warn(
/Users/jy/BO/nutrigene-ai-bo-ipsec/.venv/lib/python3.11/site-packages/gpytorch/distributions/multivariate_normal.py:375: NumericalWarning: Negative variance values detected. This is likely due to numerical instabilities. Rounding negative variances up to 1e-10.
  warnings.warn(
/Users/jy/BO/nutrigene-ai-bo-ipsec/.venv/lib/python3.11/site-packages/gpytorch/distributions/multivariate_normal.py:375: NumericalWarning: Negative variance values detected. This is likely due to numerical instabilities. Rounding negative variances up to 1e-10.
  warnings.warn(
/Users/jy/BO/nutrigene-ai-bo-ipsec/.venv/lib/python3.11/site-packages/gpytorch/distributions/multivariate_normal.py:375: NumericalWarning: Negative variance values detected. This is likely due to numerical instabilities. Rounding negative variances up to 1e-10.
  warnings.warn(
/Users/jy/BO/nutrigene-ai-bo-ipsec/.venv/lib/python3.11/site-packages/gpytorch/distributions/multivariate_normal.py:375: NumericalWarning: Negative variance values detected. This is likely due to numerical instabilities. Rounding negative variances up to 1e-10.
  warnings.warn(
/Users/jy/BO/nutrigene-ai-bo-ipsec/.venv/lib/python3.11/site-packages/gpytorch/distributions/multivariate_normal.py:375: NumericalWarning: Negative variance values detected. This is likely due to numerical instabilities. Rounding negative variances up to 1e-10.
  warnings.warn(
/Users/jy/BO/nutrigene-ai-bo-ipsec/.venv/lib/python3.11/site-packages/gpytorch/distributions/multivariate_normal.py:375: NumericalWarning: Negative variance values detected. This is likely due to numerical instabilities. Rounding negative variances up to 1e-10.
  warnings.warn(
/Users/jy/BO/nutrigene-ai-bo-ipsec/.venv/lib/python3.11/site-packages/gpytorch/distributions/multivariate_normal.py:375: NumericalWarning: Negative variance values detected. This is likely due to numerical instabilities. Rounding negative variances up to 1e-10.
  warnings.warn(
/Users/jy/BO/nutrigene-ai-bo-ipsec/.venv/lib/python3.11/site-packages/gpytorch/distributions/multivariate_normal.py:375: NumericalWarning: Negative variance values detected. This is likely due to numerical instabilities. Rounding negative variances up to 1e-10.
  warnings.warn(
/Users/jy/BO/nutrigene-ai-bo-ipsec/.venv/lib/python3.11/site-packages/gpytorch/distributions/multivariate_normal.py:375: NumericalWarning: Negative variance values detected. This is likely due to numerical instabilities. Rounding negative variances up to 1e-10.
  warnings.warn(
/Users/jy/BO/nutrigene-ai-bo-ipsec/.venv/lib/python3.11/site-packages/gpytorch/distributions/multivariate_normal.py:375: NumericalWarning: Negative variance values detected. This is likely due to numerical instabilities. Rounding negative variances up to 1e-10.
  warnings.warn(
/Users/jy/BO/nutrigene-ai-bo-ipsec/.venv/lib/python3.11/site-packages/gpytorch/distributions/multivariate_normal.py:375: NumericalWarning: Negative variance values detected. This is likely due to numerical instabilities. Rounding negative variances up to 1e-10.
  warnings.warn(
/Users/jy/BO/nutrigene-ai-bo-ipsec/.venv/lib/python3.11/site-packages/gpytorch/distributions/multivariate_normal.py:375: NumericalWarning: Negative variance values detected. This is likely due to numerical instabilities. Rounding negative variances up to 1e-10.
  warnings.warn(
/Users/jy/BO/nutrigene-ai-bo-ipsec/.venv/lib/python3.11/site-packages/gpytorch/distributions/multivariate_normal.py:375: NumericalWarning: Negative variance values detected. This is likely due to numerical instabilities. Rounding negative variances up to 1e-10.
  warnings.warn(
/Users/jy/BO/nutrigene-ai-bo-ipsec/.venv/lib/python3.11/site-packages/gpytorch/distributions/multivariate_normal.py:375: NumericalWarning: Negative variance values detected. This is likely due to numerical instabilities. Rounding negative variances up to 1e-10.
  warnings.warn(
/Users/jy/BO/nutrigene-ai-bo-ipsec/.venv/lib/python3.11/site-packages/gpytorch/distributions/multivariate_normal.py:375: NumericalWarning: Negative variance values detected. This is likely due to numerical instabilities. Rounding negative variances up to 1e-10.
  warnings.warn(
/Users/jy/BO/nutrigene-ai-bo-ipsec/.venv/lib/python3.11/site-packages/gpytorch/distributions/multivariate_normal.py:375: NumericalWarning: Negative variance values detected. This is likely due to numerical instabilities. Rounding negative variances up to 1e-10.
  warnings.warn(
/Users/jy/BO/nutrigene-ai-bo-ipsec/.venv/lib/python3.11/site-packages/gpytorch/distributions/multivariate_normal.py:375: NumericalWarning: Negative variance values detected. This is likely due to numerical instabilities. Rounding negative variances up to 1e-10.
  warnings.warn(
/Users/jy/BO/nutrigene-ai-bo-ipsec/.venv/lib/python3.11/site-packages/gpytorch/distributions/multivariate_normal.py:375: NumericalWarning: Negative variance values detected. This is likely due to numerical instabilities. Rounding negative variances up to 1e-10.
  warnings.warn(
/Users/jy/BO/nutrigene-ai-bo-ipsec/.venv/lib/python3.11/site-packages/gpytorch/distributions/multivariate_normal.py:375: NumericalWarning: Negative variance values detected. This is likely due to numerical instabilities. Rounding negative variances up to 1e-10.
  warnings.warn(
/Users/jy/BO/nutrigene-ai-bo-ipsec/.venv/lib/python3.11/site-packages/gpytorch/distributions/multivariate_normal.py:375: NumericalWarning: Negative variance values detected. This is likely due to numerical instabilities. Rounding negative variances up to 1e-10.
  warnings.warn(
/Users/jy/BO/nutrigene-ai-bo-ipsec/.venv/lib/python3.11/site-packages/gpytorch/distributions/multivariate_normal.py:375: NumericalWarning: Negative variance values detected. This is likely due to numerical instabilities. Rounding negative variances up to 1e-10.
  warnings.warn(
/Users/jy/BO/nutrigene-ai-bo-ipsec/.venv/lib/python3.11/site-packages/gpytorch/distributions/multivariate_normal.py:375: NumericalWarning: Negative variance values detected. This is likely due to numerical instabilities. Rounding negative variances up to 1e-10.
  warnings.warn(
/Users/jy/BO/nutrigene-ai-bo-ipsec/.venv/lib/python3.11/site-packages/gpytorch/distributions/multivariate_normal.py:375: NumericalWarning: Negative variance values detected. This is likely due to numerical instabilities. Rounding negative variances up to 1e-10.
  warnings.warn(
/Users/jy/BO/nutrigene-ai-bo-ipsec/.venv/lib/python3.11/site-packages/gpytorch/distributions/multivariate_normal.py:375: NumericalWarning: Negative variance values detected. This is likely due to numerical instabilities. Rounding negative variances up to 1e-10.
  warnings.warn(
/Users/jy/BO/nutrigene-ai-bo-ipsec/.venv/lib/python3.11/site-packages/gpytorch/distributions/multivariate_normal.py:375: NumericalWarning: Negative variance values detected. This is likely due to numerical instabilities. Rounding negative variances up to 1e-10.
  warnings.warn(
/Users/jy/BO/nutrigene-ai-bo-ipsec/.venv/lib/python3.11/site-packages/gpytorch/distributions/multivariate_normal.py:375: NumericalWarning: Negative variance values detected. This is likely due to numerical instabilities. Rounding negative variances up to 1e-10.
  warnings.warn(
/Users/jy/BO/nutrigene-ai-bo-ipsec/.venv/lib/python3.11/site-packages/gpytorch/distributions/multivariate_normal.py:375: NumericalWarning: Negative variance values detected. This is likely due to numerical instabilities. Rounding negative variances up to 1e-10.
  warnings.warn(
/Users/jy/BO/nutrigene-ai-bo-ipsec/.venv/lib/python3.11/site-packages/gpytorch/distributions/multivariate_normal.py:375: NumericalWarning: Negative variance values detected. This is likely due to numerical instabilities. Rounding negative variances up to 1e-10.
  warnings.warn(
/Users/jy/BO/nutrigene-ai-bo-ipsec/.venv/lib/python3.11/site-packages/gpytorch/distributions/multivariate_normal.py:375: NumericalWarning: Negative variance values detected. This is likely due to numerical instabilities. Rounding negative variances up to 1e-10.
  warnings.warn(
/Users/jy/BO/nutrigene-ai-bo-ipsec/.venv/lib/python3.11/site-packages/gpytorch/distributions/multivariate_normal.py:375: NumericalWarning: Negative variance values detected. This is likely due to numerical instabilities. Rounding negative variances up to 1e-10.
  warnings.warn(
/Users/jy/BO/nutrigene-ai-bo-ipsec/.venv/lib/python3.11/site-packages/gpytorch/distributions/multivariate_normal.py:375: NumericalWarning: Negative variance values detected. This is likely due to numerical instabilities. Rounding negative variances up to 1e-10.
  warnings.warn(
/Users/jy/BO/nutrigene-ai-bo-ipsec/.venv/lib/python3.11/site-packages/gpytorch/distributions/multivariate_normal.py:375: NumericalWarning: Negative variance values detected. This is likely due to numerical instabilities. Rounding negative variances up to 1e-10.
  warnings.warn(
/Users/jy/BO/nutrigene-ai-bo-ipsec/.venv/lib/python3.11/site-packages/gpytorch/distributions/multivariate_normal.py:375: NumericalWarning: Negative variance values detected. This is likely due to numerical instabilities. Rounding negative variances up to 1e-10.
  warnings.warn(
/Users/jy/BO/nutrigene-ai-bo-ipsec/.venv/lib/python3.11/site-packages/gpytorch/distributions/multivariate_normal.py:375: NumericalWarning: Negative variance values detected. This is likely due to numerical instabilities. Rounding negative variances up to 1e-10.
  warnings.warn(
/Users/jy/BO/nutrigene-ai-bo-ipsec/.venv/lib/python3.11/site-packages/gpytorch/distributions/multivariate_normal.py:375: NumericalWarning: Negative variance values detected. This is likely due to numerical instabilities. Rounding negative variances up to 1e-10.
  warnings.warn(
/Users/jy/BO/nutrigene-ai-bo-ipsec/.venv/lib/python3.11/site-packages/gpytorch/distributions/multivariate_normal.py:375: NumericalWarning: Negative variance values detected. This is likely due to numerical instabilities. Rounding negative variances up to 1e-10.
  warnings.warn(
/Users/jy/BO/nutrigene-ai-bo-ipsec/.venv/lib/python3.11/site-packages/gpytorch/distributions/multivariate_normal.py:375: NumericalWarning: Negative variance values detected. This is likely due to numerical instabilities. Rounding negative variances up to 1e-10.
  warnings.warn(
/Users/jy/BO/nutrigene-ai-bo-ipsec/.venv/lib/python3.11/site-packages/gpytorch/distributions/multivariate_normal.py:375: NumericalWarning: Negative variance values detected. This is likely due to numerical instabilities. Rounding negative variances up to 1e-10.
  warnings.warn(
/Users/jy/BO/nutrigene-ai-bo-ipsec/.venv/lib/python3.11/site-packages/gpytorch/distributions/multivariate_normal.py:375: NumericalWarning: Negative variance values detected. This is likely due to numerical instabilities. Rounding negative variances up to 1e-10.
  warnings.warn(
/Users/jy/BO/nutrigene-ai-bo-ipsec/.venv/lib/python3.11/site-packages/gpytorch/distributions/multivariate_normal.py:375: NumericalWarning: Negative variance values detected. This is likely due to numerical instabilities. Rounding negative variances up to 1e-10.
  warnings.warn(
/Users/jy/BO/nutrigene-ai-bo-ipsec/.venv/lib/python3.11/site-packages/gpytorch/distributions/multivariate_normal.py:375: NumericalWarning: Negative variance values detected. This is likely due to numerical instabilities. Rounding negative variances up to 1e-10.
  warnings.warn(
/Users/jy/BO/nutrigene-ai-bo-ipsec/.venv/lib/python3.11/site-packages/gpytorch/distributions/multivariate_normal.py:375: NumericalWarning: Negative variance values detected. This is likely due to numerical instabilities. Rounding negative variances up to 1e-10.
  warnings.warn(
/Users/jy/BO/nutrigene-ai-bo-ipsec/.venv/lib/python3.11/site-packages/gpytorch/distributions/multivariate_normal.py:375: NumericalWarning: Negative variance values detected. This is likely due to numerical instabilities. Rounding negative variances up to 1e-10.
  warnings.warn(
/Users/jy/BO/nutrigene-ai-bo-ipsec/.venv/lib/python3.11/site-packages/gpytorch/distributions/multivariate_normal.py:375: NumericalWarning: Negative variance values detected. This is likely due to numerical instabilities. Rounding negative variances up to 1e-10.
  warnings.warn(
/Users/jy/BO/nutrigene-ai-bo-ipsec/.venv/lib/python3.11/site-packages/gpytorch/distributions/multivariate_normal.py:375: NumericalWarning: Negative variance values detected. This is likely due to numerical instabilities. Rounding negative variances up to 1e-10.
  warnings.warn(
/Users/jy/BO/nutrigene-ai-bo-ipsec/.venv/lib/python3.11/site-packages/gpytorch/distributions/multivariate_normal.py:375: NumericalWarning: Negative variance values detected. This is likely due to numerical instabilities. Rounding negative variances up to 1e-10.
  warnings.warn(
/Users/jy/BO/nutrigene-ai-bo-ipsec/.venv/lib/python3.11/site-packages/gpytorch/distributions/multivariate_normal.py:375: NumericalWarning: Negative variance values detected. This is likely due to numerical instabilities. Rounding negative variances up to 1e-10.
  warnings.warn(
/Users/jy/BO/nutrigene-ai-bo-ipsec/.venv/lib/python3.11/site-packages/gpytorch/distributions/multivariate_normal.py:375: NumericalWarning: Negative variance values detected. This is likely due to numerical instabilities. Rounding negative variances up to 1e-10.
  warnings.warn(
/Users/jy/BO/nutrigene-ai-bo-ipsec/.venv/lib/python3.11/site-packages/gpytorch/distributions/multivariate_normal.py:375: NumericalWarning: Negative variance values detected. This is likely due to numerical instabilities. Rounding negative variances up to 1e-10.
  warnings.warn(
/Users/jy/BO/nutrigene-ai-bo-ipsec/.venv/lib/python3.11/site-packages/gpytorch/distributions/multivariate_normal.py:375: NumericalWarning: Negative variance values detected. This is likely due to numerical instabilities. Rounding negative variances up to 1e-10.
  warnings.warn(
/Users/jy/BO/nutrigene-ai-bo-ipsec/.venv/lib/python3.11/site-packages/gpytorch/distributions/multivariate_normal.py:375: NumericalWarning: Negative variance values detected. This is likely due to numerical instabilities. Rounding negative variances up to 1e-10.
  warnings.warn(
/Users/jy/BO/nutrigene-ai-bo-ipsec/.venv/lib/python3.11/site-packages/gpytorch/distributions/multivariate_normal.py:375: NumericalWarning: Negative variance values detected. This is likely due to numerical instabilities. Rounding negative variances up to 1e-10.
  warnings.warn(
/Users/jy/BO/nutrigene-ai-bo-ipsec/.venv/lib/python3.11/site-packages/gpytorch/distributions/multivariate_normal.py:375: NumericalWarning: Negative variance values detected. This is likely due to numerical instabilities. Rounding negative variances up to 1e-10.
  warnings.warn(
/Users/jy/BO/nutrigene-ai-bo-ipsec/.venv/lib/python3.11/site-packages/gpytorch/distributions/multivariate_normal.py:375: NumericalWarning: Negative variance values detected. This is likely due to numerical instabilities. Rounding negative variances up to 1e-10.
  warnings.warn(
/Users/jy/BO/nutrigene-ai-bo-ipsec/.venv/lib/python3.11/site-packages/gpytorch/distributions/multivariate_normal.py:375: NumericalWarning: Negative variance values detected. This is likely due to numerical instabilities. Rounding negative variances up to 1e-10.
  warnings.warn(
/Users/jy/BO/nutrigene-ai-bo-ipsec/.venv/lib/python3.11/site-packages/gpytorch/distributions/multivariate_normal.py:375: NumericalWarning: Negative variance values detected. This is likely due to numerical instabilities. Rounding negative variances up to 1e-10.
  warnings.warn(
/Users/jy/BO/nutrigene-ai-bo-ipsec/.venv/lib/python3.11/site-packages/gpytorch/distributions/multivariate_normal.py:375: NumericalWarning: Negative variance values detected. This is likely due to numerical instabilities. Rounding negative variances up to 1e-10.
  warnings.warn(
/Users/jy/BO/nutrigene-ai-bo-ipsec/.venv/lib/python3.11/site-packages/gpytorch/distributions/multivariate_normal.py:375: NumericalWarning: Negative variance values detected. This is likely due to numerical instabilities. Rounding negative variances up to 1e-10.
  warnings.warn(
/Users/jy/BO/nutrigene-ai-bo-ipsec/.venv/lib/python3.11/site-packages/gpytorch/distributions/multivariate_normal.py:375: NumericalWarning: Negative variance values detected. This is likely due to numerical instabilities. Rounding negative variances up to 1e-10.
  warnings.warn(
/Users/jy/BO/nutrigene-ai-bo-ipsec/.venv/lib/python3.11/site-packages/gpytorch/distributions/multivariate_normal.py:375: NumericalWarning: Negative variance values detected. This is likely due to numerical instabilities. Rounding negative variances up to 1e-10.
  warnings.warn(
/Users/jy/BO/nutrigene-ai-bo-ipsec/.venv/lib/python3.11/site-packages/gpytorch/distributions/multivariate_normal.py:375: NumericalWarning: Negative variance values detected. This is likely due to numerical instabilities. Rounding negative variances up to 1e-10.
  warnings.warn(
/Users/jy/BO/nutrigene-ai-bo-ipsec/.venv/lib/python3.11/site-packages/gpytorch/distributions/multivariate_normal.py:375: NumericalWarning: Negative variance values detected. This is likely due to numerical instabilities. Rounding negative variances up to 1e-10.
  warnings.warn(
/Users/jy/BO/nutrigene-ai-bo-ipsec/.venv/lib/python3.11/site-packages/gpytorch/distributions/multivariate_normal.py:375: NumericalWarning: Negative variance values detected. This is likely due to numerical instabilities. Rounding negative variances up to 1e-10.
  warnings.warn(
/Users/jy/BO/nutrigene-ai-bo-ipsec/.venv/lib/python3.11/site-packages/gpytorch/distributions/multivariate_normal.py:375: NumericalWarning: Negative variance values detected. This is likely due to numerical instabilities. Rounding negative variances up to 1e-10.
  warnings.warn(
/Users/jy/BO/nutrigene-ai-bo-ipsec/.venv/lib/python3.11/site-packages/gpytorch/distributions/multivariate_normal.py:375: NumericalWarning: Negative variance values detected. This is likely due to numerical instabilities. Rounding negative variances up to 1e-10.
  warnings.warn(
/Users/jy/BO/nutrigene-ai-bo-ipsec/.venv/lib/python3.11/site-packages/gpytorch/distributions/multivariate_normal.py:375: NumericalWarning: Negative variance values detected. This is likely due to numerical instabilities. Rounding negative variances up to 1e-10.
  warnings.warn(
/Users/jy/BO/nutrigene-ai-bo-ipsec/.venv/lib/python3.11/site-packages/gpytorch/distributions/multivariate_normal.py:375: NumericalWarning: Negative variance values detected. This is likely due to numerical instabilities. Rounding negative variances up to 1e-10.
  warnings.warn(
/Users/jy/BO/nutrigene-ai-bo-ipsec/.venv/lib/python3.11/site-packages/gpytorch/distributions/multivariate_normal.py:375: NumericalWarning: Negative variance values detected. This is likely due to numerical instabilities. Rounding negative variances up to 1e-10.
  warnings.warn(
/Users/jy/BO/nutrigene-ai-bo-ipsec/.venv/lib/python3.11/site-packages/gpytorch/distributions/multivariate_normal.py:375: NumericalWarning: Negative variance values detected. This is likely due to numerical instabilities. Rounding negative variances up to 1e-10.
  warnings.warn(
/Users/jy/BO/nutrigene-ai-bo-ipsec/.venv/lib/python3.11/site-packages/gpytorch/distributions/multivariate_normal.py:375: NumericalWarning: Negative variance values detected. This is likely due to numerical instabilities. Rounding negative variances up to 1e-10.
  warnings.warn(
/Users/jy/BO/nutrigene-ai-bo-ipsec/.venv/lib/python3.11/site-packages/gpytorch/distributions/multivariate_normal.py:375: NumericalWarning: Negative variance values detected. This is likely due to numerical instabilities. Rounding negative variances up to 1e-10.
  warnings.warn(
/Users/jy/BO/nutrigene-ai-bo-ipsec/.venv/lib/python3.11/site-packages/gpytorch/distributions/multivariate_normal.py:375: NumericalWarning: Negative variance values detected. This is likely due to numerical instabilities. Rounding negative variances up to 1e-10.
  warnings.warn(
/Users/jy/BO/nutrigene-ai-bo-ipsec/.venv/lib/python3.11/site-packages/gpytorch/distributions/multivariate_normal.py:375: NumericalWarning: Negative variance values detected. This is likely due to numerical instabilities. Rounding negative variances up to 1e-10.
  warnings.warn(
/Users/jy/BO/nutrigene-ai-bo-ipsec/.venv/lib/python3.11/site-packages/gpytorch/distributions/multivariate_normal.py:375: NumericalWarning: Negative variance values detected. This is likely due to numerical instabilities. Rounding negative variances up to 1e-10.
  warnings.warn(
/Users/jy/BO/nutrigene-ai-bo-ipsec/.venv/lib/python3.11/site-packages/gpytorch/distributions/multivariate_normal.py:375: NumericalWarning: Negative variance values detected. This is likely due to numerical instabilities. Rounding negative variances up to 1e-10.
  warnings.warn(
/Users/jy/BO/nutrigene-ai-bo-ipsec/.venv/lib/python3.11/site-packages/gpytorch/distributions/multivariate_normal.py:375: NumericalWarning: Negative variance values detected. This is likely due to numerical instabilities. Rounding negative variances up to 1e-10.
  warnings.warn(
/Users/jy/BO/nutrigene-ai-bo-ipsec/.venv/lib/python3.11/site-packages/gpytorch/distributions/multivariate_normal.py:375: NumericalWarning: Negative variance values detected. This is likely due to numerical instabilities. Rounding negative variances up to 1e-10.
  warnings.warn(
/Users/jy/BO/nutrigene-ai-bo-ipsec/.venv/lib/python3.11/site-packages/gpytorch/distributions/multivariate_normal.py:375: NumericalWarning: Negative variance values detected. This is likely due to numerical instabilities. Rounding negative variances up to 1e-10.
  warnings.warn(
/Users/jy/BO/nutrigene-ai-bo-ipsec/.venv/lib/python3.11/site-packages/gpytorch/distributions/multivariate_normal.py:375: NumericalWarning: Negative variance values detected. This is likely due to numerical instabilities. Rounding negative variances up to 1e-10.
  warnings.warn(
/Users/jy/BO/nutrigene-ai-bo-ipsec/.venv/lib/python3.11/site-packages/gpytorch/distributions/multivariate_normal.py:375: NumericalWarning: Negative variance values detected. This is likely due to numerical instabilities. Rounding negative variances up to 1e-10.
  warnings.warn(
/Users/jy/BO/nutrigene-ai-bo-ipsec/.venv/lib/python3.11/site-packages/gpytorch/distributions/multivariate_normal.py:375: NumericalWarning: Negative variance values detected. This is likely due to numerical instabilities. Rounding negative variances up to 1e-10.
  warnings.warn(
/Users/jy/BO/nutrigene-ai-bo-ipsec/.venv/lib/python3.11/site-packages/gpytorch/distributions/multivariate_normal.py:375: NumericalWarning: Negative variance values detected. This is likely due to numerical instabilities. Rounding negative variances up to 1e-10.
  warnings.warn(
/Users/jy/BO/nutrigene-ai-bo-ipsec/.venv/lib/python3.11/site-packages/gpytorch/distributions/multivariate_normal.py:375: NumericalWarning: Negative variance values detected. This is likely due to numerical instabilities. Rounding negative variances up to 1e-10.
  warnings.warn(
/Users/jy/BO/nutrigene-ai-bo-ipsec/.venv/lib/python3.11/site-packages/gpytorch/distributions/multivariate_normal.py:375: NumericalWarning: Negative variance values detected. This is likely due to numerical instabilities. Rounding negative variances up to 1e-10.
  warnings.warn(
/Users/jy/BO/nutrigene-ai-bo-ipsec/.venv/lib/python3.11/site-packages/gpytorch/distributions/multivariate_normal.py:375: NumericalWarning: Negative variance values detected. This is likely due to numerical instabilities. Rounding negative variances up to 1e-10.
  warnings.warn(
/Users/jy/BO/nutrigene-ai-bo-ipsec/.venv/lib/python3.11/site-packages/gpytorch/distributions/multivariate_normal.py:375: NumericalWarning: Negative variance values detected. This is likely due to numerical instabilities. Rounding negative variances up to 1e-10.
  warnings.warn(
/Users/jy/BO/nutrigene-ai-bo-ipsec/.venv/lib/python3.11/site-packages/gpytorch/distributions/multivariate_normal.py:375: NumericalWarning: Negative variance values detected. This is likely due to numerical instabilities. Rounding negative variances up to 1e-10.
  warnings.warn(
/Users/jy/BO/nutrigene-ai-bo-ipsec/.venv/lib/python3.11/site-packages/gpytorch/distributions/multivariate_normal.py:375: NumericalWarning: Negative variance values detected. This is likely due to numerical instabilities. Rounding negative variances up to 1e-10.
  warnings.warn(
/Users/jy/BO/nutrigene-ai-bo-ipsec/.venv/lib/python3.11/site-packages/gpytorch/distributions/multivariate_normal.py:375: NumericalWarning: Negative variance values detected. This is likely due to numerical instabilities. Rounding negative variances up to 1e-10.
  warnings.warn(
/Users/jy/BO/nutrigene-ai-bo-ipsec/.venv/lib/python3.11/site-packages/gpytorch/distributions/multivariate_normal.py:375: NumericalWarning: Negative variance values detected. This is likely due to numerical instabilities. Rounding negative variances up to 1e-10.
  warnings.warn(
/Users/jy/BO/nutrigene-ai-bo-ipsec/.venv/lib/python3.11/site-packages/gpytorch/distributions/multivariate_normal.py:375: NumericalWarning: Negative variance values detected. This is likely due to numerical instabilities. Rounding negative variances up to 1e-10.
  warnings.warn(
/Users/jy/BO/nutrigene-ai-bo-ipsec/.venv/lib/python3.11/site-packages/gpytorch/distributions/multivariate_normal.py:375: NumericalWarning: Negative variance values detected. This is likely due to numerical instabilities. Rounding negative variances up to 1e-10.
  warnings.warn(
/Users/jy/BO/nutrigene-ai-bo-ipsec/.venv/lib/python3.11/site-packages/gpytorch/distributions/multivariate_normal.py:375: NumericalWarning: Negative variance values detected. This is likely due to numerical instabilities. Rounding negative variances up to 1e-10.
  warnings.warn(
/Users/jy/BO/nutrigene-ai-bo-ipsec/.venv/lib/python3.11/site-packages/gpytorch/distributions/multivariate_normal.py:375: NumericalWarning: Negative variance values detected. This is likely due to numerical instabilities. Rounding negative variances up to 1e-10.
  warnings.warn(
/Users/jy/BO/nutrigene-ai-bo-ipsec/.venv/lib/python3.11/site-packages/gpytorch/distributions/multivariate_normal.py:375: NumericalWarning: Negative variance values detected. This is likely due to numerical instabilities. Rounding negative variances up to 1e-10.
  warnings.warn(
/Users/jy/BO/nutrigene-ai-bo-ipsec/.venv/lib/python3.11/site-packages/gpytorch/distributions/multivariate_normal.py:375: NumericalWarning: Negative variance values detected. This is likely due to numerical instabilities. Rounding negative variances up to 1e-10.
  warnings.warn(
/Users/jy/BO/nutrigene-ai-bo-ipsec/.venv/lib/python3.11/site-packages/gpytorch/distributions/multivariate_normal.py:375: NumericalWarning: Negative variance values detected. This is likely due to numerical instabilities. Rounding negative variances up to 1e-10.
  warnings.warn(
/Users/jy/BO/nutrigene-ai-bo-ipsec/.venv/lib/python3.11/site-packages/gpytorch/distributions/multivariate_normal.py:375: NumericalWarning: Negative variance values detected. This is likely due to numerical instabilities. Rounding negative variances up to 1e-10.
  warnings.warn(
/Users/jy/BO/nutrigene-ai-bo-ipsec/.venv/lib/python3.11/site-packages/gpytorch/distributions/multivariate_normal.py:375: NumericalWarning: Negative variance values detected. This is likely due to numerical instabilities. Rounding negative variances up to 1e-10.
  warnings.warn(
/Users/jy/BO/nutrigene-ai-bo-ipsec/.venv/lib/python3.11/site-packages/gpytorch/distributions/multivariate_normal.py:375: NumericalWarning: Negative variance values detected. This is likely due to numerical instabilities. Rounding negative variances up to 1e-10.
  warnings.warn(
/Users/jy/BO/nutrigene-ai-bo-ipsec/.venv/lib/python3.11/site-packages/gpytorch/distributions/multivariate_normal.py:375: NumericalWarning: Negative variance values detected. This is likely due to numerical instabilities. Rounding negative variances up to 1e-10.
  warnings.warn(
/Users/jy/BO/nutrigene-ai-bo-ipsec/.venv/lib/python3.11/site-packages/gpytorch/distributions/multivariate_normal.py:375: NumericalWarning: Negative variance values detected. This is likely due to numerical instabilities. Rounding negative variances up to 1e-10.
  warnings.warn(
/Users/jy/BO/nutrigene-ai-bo-ipsec/.venv/lib/python3.11/site-packages/gpytorch/distributions/multivariate_normal.py:375: NumericalWarning: Negative variance values detected. This is likely due to numerical instabilities. Rounding negative variances up to 1e-10.
  warnings.warn(
/Users/jy/BO/nutrigene-ai-bo-ipsec/.venv/lib/python3.11/site-packages/gpytorch/distributions/multivariate_normal.py:375: NumericalWarning: Negative variance values detected. This is likely due to numerical instabilities. Rounding negative variances up to 1e-10.
  warnings.warn(
/Users/jy/BO/nutrigene-ai-bo-ipsec/.venv/lib/python3.11/site-packages/gpytorch/distributions/multivariate_normal.py:375: NumericalWarning: Negative variance values detected. This is likely due to numerical instabilities. Rounding negative variances up to 1e-10.
  warnings.warn(
/Users/jy/BO/nutrigene-ai-bo-ipsec/.venv/lib/python3.11/site-packages/gpytorch/distributions/multivariate_normal.py:375: NumericalWarning: Negative variance values detected. This is likely due to numerical instabilities. Rounding negative variances up to 1e-10.
  warnings.warn(
/Users/jy/BO/nutrigene-ai-bo-ipsec/.venv/lib/python3.11/site-packages/gpytorch/distributions/multivariate_normal.py:375: NumericalWarning: Negative variance values detected. This is likely due to numerical instabilities. Rounding negative variances up to 1e-10.
  warnings.warn(
/Users/jy/BO/nutrigene-ai-bo-ipsec/.venv/lib/python3.11/site-packages/gpytorch/distributions/multivariate_normal.py:375: NumericalWarning: Negative variance values detected. This is likely due to numerical instabilities. Rounding negative variances up to 1e-10.
  warnings.warn(
/Users/jy/BO/nutrigene-ai-bo-ipsec/.venv/lib/python3.11/site-packages/gpytorch/distributions/multivariate_normal.py:375: NumericalWarning: Negative variance values detected. This is likely due to numerical instabilities. Rounding negative variances up to 1e-10.
  warnings.warn(
/Users/jy/BO/nutrigene-ai-bo-ipsec/.venv/lib/python3.11/site-packages/gpytorch/distributions/multivariate_normal.py:375: NumericalWarning: Negative variance values detected. This is likely due to numerical instabilities. Rounding negative variances up to 1e-10.
  warnings.warn(
/Users/jy/BO/nutrigene-ai-bo-ipsec/.venv/lib/python3.11/site-packages/gpytorch/distributions/multivariate_normal.py:375: NumericalWarning: Negative variance values detected. This is likely due to numerical instabilities. Rounding negative variances up to 1e-10.
  warnings.warn(
/Users/jy/BO/nutrigene-ai-bo-ipsec/.venv/lib/python3.11/site-packages/gpytorch/distributions/multivariate_normal.py:375: NumericalWarning: Negative variance values detected. This is likely due to numerical instabilities. Rounding negative variances up to 1e-10.
  warnings.warn(
/Users/jy/BO/nutrigene-ai-bo-ipsec/.venv/lib/python3.11/site-packages/gpytorch/distributions/multivariate_normal.py:375: NumericalWarning: Negative variance values detected. This is likely due to numerical instabilities. Rounding negative variances up to 1e-10.
  warnings.warn(
/Users/jy/BO/nutrigene-ai-bo-ipsec/.venv/lib/python3.11/site-packages/gpytorch/distributions/multivariate_normal.py:375: NumericalWarning: Negative variance values detected. This is likely due to numerical instabilities. Rounding negative variances up to 1e-10.
  warnings.warn(
/Users/jy/BO/nutrigene-ai-bo-ipsec/.venv/lib/python3.11/site-packages/gpytorch/distributions/multivariate_normal.py:375: NumericalWarning: Negative variance values detected. This is likely due to numerical instabilities. Rounding negative variances up to 1e-10.
  warnings.warn(
/Users/jy/BO/nutrigene-ai-bo-ipsec/.venv/lib/python3.11/site-packages/gpytorch/distributions/multivariate_normal.py:375: NumericalWarning: Negative variance values detected. This is likely due to numerical instabilities. Rounding negative variances up to 1e-10.
  warnings.warn(
/Users/jy/BO/nutrigene-ai-bo-ipsec/.venv/lib/python3.11/site-packages/gpytorch/distributions/multivariate_normal.py:375: NumericalWarning: Negative variance values detected. This is likely due to numerical instabilities. Rounding negative variances up to 1e-10.
  warnings.warn(
/Users/jy/BO/nutrigene-ai-bo-ipsec/.venv/lib/python3.11/site-packages/gpytorch/distributions/multivariate_normal.py:375: NumericalWarning: Negative variance values detected. This is likely due to numerical instabilities. Rounding negative variances up to 1e-10.
  warnings.warn(
/Users/jy/BO/nutrigene-ai-bo-ipsec/.venv/lib/python3.11/site-packages/gpytorch/distributions/multivariate_normal.py:375: NumericalWarning: Negative variance values detected. This is likely due to numerical instabilities. Rounding negative variances up to 1e-10.
  warnings.warn(
/Users/jy/BO/nutrigene-ai-bo-ipsec/.venv/lib/python3.11/site-packages/gpytorch/distributions/multivariate_normal.py:375: NumericalWarning: Negative variance values detected. This is likely due to numerical instabilities. Rounding negative variances up to 1e-10.
  warnings.warn(
/Users/jy/BO/nutrigene-ai-bo-ipsec/.venv/lib/python3.11/site-packages/gpytorch/distributions/multivariate_normal.py:375: NumericalWarning: Negative variance values detected. This is likely due to numerical instabilities. Rounding negative variances up to 1e-10.
  warnings.warn(
/Users/jy/BO/nutrigene-ai-bo-ipsec/.venv/lib/python3.11/site-packages/gpytorch/distributions/multivariate_normal.py:375: NumericalWarning: Negative variance values detected. This is likely due to numerical instabilities. Rounding negative variances up to 1e-10.
  warnings.warn(
/Users/jy/BO/nutrigene-ai-bo-ipsec/.venv/lib/python3.11/site-packages/gpytorch/distributions/multivariate_normal.py:375: NumericalWarning: Negative variance values detected. This is likely due to numerical instabilities. Rounding negative variances up to 1e-10.
  warnings.warn(
/Users/jy/BO/nutrigene-ai-bo-ipsec/.venv/lib/python3.11/site-packages/gpytorch/distributions/multivariate_normal.py:375: NumericalWarning: Negative variance values detected. This is likely due to numerical instabilities. Rounding negative variances up to 1e-10.
  warnings.warn(
/Users/jy/BO/nutrigene-ai-bo-ipsec/.venv/lib/python3.11/site-packages/gpytorch/distributions/multivariate_normal.py:375: NumericalWarning: Negative variance values detected. This is likely due to numerical instabilities. Rounding negative variances up to 1e-10.
  warnings.warn(
/Users/jy/BO/nutrigene-ai-bo-ipsec/.venv/lib/python3.11/site-packages/gpytorch/distributions/multivariate_normal.py:375: NumericalWarning: Negative variance values detected. This is likely due to numerical instabilities. Rounding negative variances up to 1e-10.
  warnings.warn(
/Users/jy/BO/nutrigene-ai-bo-ipsec/.venv/lib/python3.11/site-packages/gpytorch/distributions/multivariate_normal.py:375: NumericalWarning: Negative variance values detected. This is likely due to numerical instabilities. Rounding negative variances up to 1e-10.
  warnings.warn(
/Users/jy/BO/nutrigene-ai-bo-ipsec/.venv/lib/python3.11/site-packages/gpytorch/distributions/multivariate_normal.py:375: NumericalWarning: Negative variance values detected. This is likely due to numerical instabilities. Rounding negative variances up to 1e-10.
  warnings.warn(
/Users/jy/BO/nutrigene-ai-bo-ipsec/.venv/lib/python3.11/site-packages/gpytorch/distributions/multivariate_normal.py:375: NumericalWarning: Negative variance values detected. This is likely due to numerical instabilities. Rounding negative variances up to 1e-10.
  warnings.warn(
/Users/jy/BO/nutrigene-ai-bo-ipsec/.venv/lib/python3.11/site-packages/gpytorch/distributions/multivariate_normal.py:375: NumericalWarning: Negative variance values detected. This is likely due to numerical instabilities. Rounding negative variances up to 1e-10.
  warnings.warn(
/Users/jy/BO/nutrigene-ai-bo-ipsec/.venv/lib/python3.11/site-packages/gpytorch/distributions/multivariate_normal.py:375: NumericalWarning: Negative variance values detected. This is likely due to numerical instabilities. Rounding negative variances up to 1e-10.
  warnings.warn(
/Users/jy/BO/nutrigene-ai-bo-ipsec/.venv/lib/python3.11/site-packages/gpytorch/distributions/multivariate_normal.py:375: NumericalWarning: Negative variance values detected. This is likely due to numerical instabilities. Rounding negative variances up to 1e-10.
  warnings.warn(
/Users/jy/BO/nutrigene-ai-bo-ipsec/.venv/lib/python3.11/site-packages/gpytorch/distributions/multivariate_normal.py:375: NumericalWarning: Negative variance values detected. This is likely due to numerical instabilities. Rounding negative variances up to 1e-10.
  warnings.warn(
/Users/jy/BO/nutrigene-ai-bo-ipsec/.venv/lib/python3.11/site-packages/gpytorch/distributions/multivariate_normal.py:375: NumericalWarning: Negative variance values detected. This is likely due to numerical instabilities. Rounding negative variances up to 1e-10.
  warnings.warn(
/Users/jy/BO/nutrigene-ai-bo-ipsec/.venv/lib/python3.11/site-packages/gpytorch/distributions/multivariate_normal.py:375: NumericalWarning: Negative variance values detected. This is likely due to numerical instabilities. Rounding negative variances up to 1e-10.
  warnings.warn(
  300/400
/Users/jy/BO/nutrigene-ai-bo-ipsec/.venv/lib/python3.11/site-packages/gpytorch/distributions/multivariate_normal.py:375: NumericalWarning: Negative variance values detected. This is likely due to numerical instabilities. Rounding negative variances up to 1e-10.
  warnings.warn(
/Users/jy/BO/nutrigene-ai-bo-ipsec/.venv/lib/python3.11/site-packages/gpytorch/distributions/multivariate_normal.py:375: NumericalWarning: Negative variance values detected. This is likely due to numerical instabilities. Rounding negative variances up to 1e-10.
  warnings.warn(
/Users/jy/BO/nutrigene-ai-bo-ipsec/.venv/lib/python3.11/site-packages/gpytorch/distributions/multivariate_normal.py:375: NumericalWarning: Negative variance values detected. This is likely due to numerical instabilities. Rounding negative variances up to 1e-10.
  warnings.warn(
/Users/jy/BO/nutrigene-ai-bo-ipsec/.venv/lib/python3.11/site-packages/gpytorch/distributions/multivariate_normal.py:375: NumericalWarning: Negative variance values detected. This is likely due to numerical instabilities. Rounding negative variances up to 1e-10.
  warnings.warn(
/Users/jy/BO/nutrigene-ai-bo-ipsec/.venv/lib/python3.11/site-packages/gpytorch/distributions/multivariate_normal.py:375: NumericalWarning: Negative variance values detected. This is likely due to numerical instabilities. Rounding negative variances up to 1e-10.
  warnings.warn(
/Users/jy/BO/nutrigene-ai-bo-ipsec/.venv/lib/python3.11/site-packages/gpytorch/distributions/multivariate_normal.py:375: NumericalWarning: Negative variance values detected. This is likely due to numerical instabilities. Rounding negative variances up to 1e-10.
  warnings.warn(
/Users/jy/BO/nutrigene-ai-bo-ipsec/.venv/lib/python3.11/site-packages/gpytorch/distributions/multivariate_normal.py:375: NumericalWarning: Negative variance values detected. This is likely due to numerical instabilities. Rounding negative variances up to 1e-10.
  warnings.warn(
/Users/jy/BO/nutrigene-ai-bo-ipsec/.venv/lib/python3.11/site-packages/gpytorch/distributions/multivariate_normal.py:375: NumericalWarning: Negative variance values detected. This is likely due to numerical instabilities. Rounding negative variances up to 1e-10.
  warnings.warn(
/Users/jy/BO/nutrigene-ai-bo-ipsec/.venv/lib/python3.11/site-packages/gpytorch/distributions/multivariate_normal.py:375: NumericalWarning: Negative variance values detected. This is likely due to numerical instabilities. Rounding negative variances up to 1e-10.
  warnings.warn(
/Users/jy/BO/nutrigene-ai-bo-ipsec/.venv/lib/python3.11/site-packages/gpytorch/distributions/multivariate_normal.py:375: NumericalWarning: Negative variance values detected. This is likely due to numerical instabilities. Rounding negative variances up to 1e-10.
  warnings.warn(
/Users/jy/BO/nutrigene-ai-bo-ipsec/.venv/lib/python3.11/site-packages/gpytorch/distributions/multivariate_normal.py:375: NumericalWarning: Negative variance values detected. This is likely due to numerical instabilities. Rounding negative variances up to 1e-10.
  warnings.warn(
/Users/jy/BO/nutrigene-ai-bo-ipsec/.venv/lib/python3.11/site-packages/gpytorch/distributions/multivariate_normal.py:375: NumericalWarning: Negative variance values detected. This is likely due to numerical instabilities. Rounding negative variances up to 1e-10.
  warnings.warn(
/Users/jy/BO/nutrigene-ai-bo-ipsec/.venv/lib/python3.11/site-packages/gpytorch/distributions/multivariate_normal.py:375: NumericalWarning: Negative variance values detected. This is likely due to numerical instabilities. Rounding negative variances up to 1e-10.
  warnings.warn(
/Users/jy/BO/nutrigene-ai-bo-ipsec/.venv/lib/python3.11/site-packages/gpytorch/distributions/multivariate_normal.py:375: NumericalWarning: Negative variance values detected. This is likely due to numerical instabilities. Rounding negative variances up to 1e-10.
  warnings.warn(
/Users/jy/BO/nutrigene-ai-bo-ipsec/.venv/lib/python3.11/site-packages/gpytorch/distributions/multivariate_normal.py:375: NumericalWarning: Negative variance values detected. This is likely due to numerical instabilities. Rounding negative variances up to 1e-10.
  warnings.warn(
/Users/jy/BO/nutrigene-ai-bo-ipsec/.venv/lib/python3.11/site-packages/gpytorch/distributions/multivariate_normal.py:375: NumericalWarning: Negative variance values detected. This is likely due to numerical instabilities. Rounding negative variances up to 1e-10.
  warnings.warn(
/Users/jy/BO/nutrigene-ai-bo-ipsec/.venv/lib/python3.11/site-packages/gpytorch/distributions/multivariate_normal.py:375: NumericalWarning: Negative variance values detected. This is likely due to numerical instabilities. Rounding negative variances up to 1e-10.
  warnings.warn(
/Users/jy/BO/nutrigene-ai-bo-ipsec/.venv/lib/python3.11/site-packages/gpytorch/distributions/multivariate_normal.py:375: NumericalWarning: Negative variance values detected. This is likely due to numerical instabilities. Rounding negative variances up to 1e-10.
  warnings.warn(
/Users/jy/BO/nutrigene-ai-bo-ipsec/.venv/lib/python3.11/site-packages/gpytorch/distributions/multivariate_normal.py:375: NumericalWarning: Negative variance values detected. This is likely due to numerical instabilities. Rounding negative variances up to 1e-10.
  warnings.warn(
/Users/jy/BO/nutrigene-ai-bo-ipsec/.venv/lib/python3.11/site-packages/gpytorch/distributions/multivariate_normal.py:375: NumericalWarning: Negative variance values detected. This is likely due to numerical instabilities. Rounding negative variances up to 1e-10.
  warnings.warn(
/Users/jy/BO/nutrigene-ai-bo-ipsec/.venv/lib/python3.11/site-packages/gpytorch/distributions/multivariate_normal.py:375: NumericalWarning: Negative variance values detected. This is likely due to numerical instabilities. Rounding negative variances up to 1e-10.
  warnings.warn(
/Users/jy/BO/nutrigene-ai-bo-ipsec/.venv/lib/python3.11/site-packages/gpytorch/distributions/multivariate_normal.py:375: NumericalWarning: Negative variance values detected. This is likely due to numerical instabilities. Rounding negative variances up to 1e-10.
  warnings.warn(
/Users/jy/BO/nutrigene-ai-bo-ipsec/.venv/lib/python3.11/site-packages/gpytorch/distributions/multivariate_normal.py:375: NumericalWarning: Negative variance values detected. This is likely due to numerical instabilities. Rounding negative variances up to 1e-10.
  warnings.warn(
/Users/jy/BO/nutrigene-ai-bo-ipsec/.venv/lib/python3.11/site-packages/gpytorch/distributions/multivariate_normal.py:375: NumericalWarning: Negative variance values detected. This is likely due to numerical instabilities. Rounding negative variances up to 1e-10.
  warnings.warn(
/Users/jy/BO/nutrigene-ai-bo-ipsec/.venv/lib/python3.11/site-packages/gpytorch/distributions/multivariate_normal.py:375: NumericalWarning: Negative variance values detected. This is likely due to numerical instabilities. Rounding negative variances up to 1e-10.
  warnings.warn(
/Users/jy/BO/nutrigene-ai-bo-ipsec/.venv/lib/python3.11/site-packages/gpytorch/distributions/multivariate_normal.py:375: NumericalWarning: Negative variance values detected. This is likely due to numerical instabilities. Rounding negative variances up to 1e-10.
  warnings.warn(
/Users/jy/BO/nutrigene-ai-bo-ipsec/.venv/lib/python3.11/site-packages/gpytorch/distributions/multivariate_normal.py:375: NumericalWarning: Negative variance values detected. This is likely due to numerical instabilities. Rounding negative variances up to 1e-10.
  warnings.warn(
/Users/jy/BO/nutrigene-ai-bo-ipsec/.venv/lib/python3.11/site-packages/gpytorch/distributions/multivariate_normal.py:375: NumericalWarning: Negative variance values detected. This is likely due to numerical instabilities. Rounding negative variances up to 1e-10.
  warnings.warn(
/Users/jy/BO/nutrigene-ai-bo-ipsec/.venv/lib/python3.11/site-packages/gpytorch/distributions/multivariate_normal.py:375: NumericalWarning: Negative variance values detected. This is likely due to numerical instabilities. Rounding negative variances up to 1e-10.
  warnings.warn(
/Users/jy/BO/nutrigene-ai-bo-ipsec/.venv/lib/python3.11/site-packages/gpytorch/distributions/multivariate_normal.py:375: NumericalWarning: Negative variance values detected. This is likely due to numerical instabilities. Rounding negative variances up to 1e-10.
  warnings.warn(
/Users/jy/BO/nutrigene-ai-bo-ipsec/.venv/lib/python3.11/site-packages/gpytorch/distributions/multivariate_normal.py:375: NumericalWarning: Negative variance values detected. This is likely due to numerical instabilities. Rounding negative variances up to 1e-10.
  warnings.warn(
/Users/jy/BO/nutrigene-ai-bo-ipsec/.venv/lib/python3.11/site-packages/gpytorch/distributions/multivariate_normal.py:375: NumericalWarning: Negative variance values detected. This is likely due to numerical instabilities. Rounding negative variances up to 1e-10.
  warnings.warn(
/Users/jy/BO/nutrigene-ai-bo-ipsec/.venv/lib/python3.11/site-packages/gpytorch/distributions/multivariate_normal.py:375: NumericalWarning: Negative variance values detected. This is likely due to numerical instabilities. Rounding negative variances up to 1e-10.
  warnings.warn(
/Users/jy/BO/nutrigene-ai-bo-ipsec/.venv/lib/python3.11/site-packages/gpytorch/distributions/multivariate_normal.py:375: NumericalWarning: Negative variance values detected. This is likely due to numerical instabilities. Rounding negative variances up to 1e-10.
  warnings.warn(
/Users/jy/BO/nutrigene-ai-bo-ipsec/.venv/lib/python3.11/site-packages/gpytorch/distributions/multivariate_normal.py:375: NumericalWarning: Negative variance values detected. This is likely due to numerical instabilities. Rounding negative variances up to 1e-10.
  warnings.warn(
/Users/jy/BO/nutrigene-ai-bo-ipsec/.venv/lib/python3.11/site-packages/gpytorch/distributions/multivariate_normal.py:375: NumericalWarning: Negative variance values detected. This is likely due to numerical instabilities. Rounding negative variances up to 1e-10.
  warnings.warn(
/Users/jy/BO/nutrigene-ai-bo-ipsec/.venv/lib/python3.11/site-packages/gpytorch/distributions/multivariate_normal.py:375: NumericalWarning: Negative variance values detected. This is likely due to numerical instabilities. Rounding negative variances up to 1e-10.
  warnings.warn(
/Users/jy/BO/nutrigene-ai-bo-ipsec/.venv/lib/python3.11/site-packages/gpytorch/distributions/multivariate_normal.py:375: NumericalWarning: Negative variance values detected. This is likely due to numerical instabilities. Rounding negative variances up to 1e-10.
  warnings.warn(
/Users/jy/BO/nutrigene-ai-bo-ipsec/.venv/lib/python3.11/site-packages/gpytorch/distributions/multivariate_normal.py:375: NumericalWarning: Negative variance values detected. This is likely due to numerical instabilities. Rounding negative variances up to 1e-10.
  warnings.warn(
/Users/jy/BO/nutrigene-ai-bo-ipsec/.venv/lib/python3.11/site-packages/gpytorch/distributions/multivariate_normal.py:375: NumericalWarning: Negative variance values detected. This is likely due to numerical instabilities. Rounding negative variances up to 1e-10.
  warnings.warn(
/Users/jy/BO/nutrigene-ai-bo-ipsec/.venv/lib/python3.11/site-packages/gpytorch/distributions/multivariate_normal.py:375: NumericalWarning: Negative variance values detected. This is likely due to numerical instabilities. Rounding negative variances up to 1e-10.
  warnings.warn(
/Users/jy/BO/nutrigene-ai-bo-ipsec/.venv/lib/python3.11/site-packages/gpytorch/distributions/multivariate_normal.py:375: NumericalWarning: Negative variance values detected. This is likely due to numerical instabilities. Rounding negative variances up to 1e-10.
  warnings.warn(
  350/400
/Users/jy/BO/nutrigene-ai-bo-ipsec/.venv/lib/python3.11/site-packages/gpytorch/distributions/multivariate_normal.py:375: NumericalWarning: Negative variance values detected. This is likely due to numerical instabilities. Rounding negative variances up to 1e-10.
  warnings.warn(
/Users/jy/BO/nutrigene-ai-bo-ipsec/.venv/lib/python3.11/site-packages/gpytorch/distributions/multivariate_normal.py:375: NumericalWarning: Negative variance values detected. This is likely due to numerical instabilities. Rounding negative variances up to 1e-10.
  warnings.warn(
/Users/jy/BO/nutrigene-ai-bo-ipsec/.venv/lib/python3.11/site-packages/gpytorch/distributions/multivariate_normal.py:375: NumericalWarning: Negative variance values detected. This is likely due to numerical instabilities. Rounding negative variances up to 1e-10.
  warnings.warn(
/Users/jy/BO/nutrigene-ai-bo-ipsec/.venv/lib/python3.11/site-packages/gpytorch/distributions/multivariate_normal.py:375: NumericalWarning: Negative variance values detected. This is likely due to numerical instabilities. Rounding negative variances up to 1e-10.
  warnings.warn(
/Users/jy/BO/nutrigene-ai-bo-ipsec/.venv/lib/python3.11/site-packages/gpytorch/distributions/multivariate_normal.py:375: NumericalWarning: Negative variance values detected. This is likely due to numerical instabilities. Rounding negative variances up to 1e-10.
  warnings.warn(
/Users/jy/BO/nutrigene-ai-bo-ipsec/.venv/lib/python3.11/site-packages/gpytorch/distributions/multivariate_normal.py:375: NumericalWarning: Negative variance values detected. This is likely due to numerical instabilities. Rounding negative variances up to 1e-10.
  warnings.warn(
/Users/jy/BO/nutrigene-ai-bo-ipsec/.venv/lib/python3.11/site-packages/gpytorch/distributions/multivariate_normal.py:375: NumericalWarning: Negative variance values detected. This is likely due to numerical instabilities. Rounding negative variances up to 1e-10.
  warnings.warn(
/Users/jy/BO/nutrigene-ai-bo-ipsec/.venv/lib/python3.11/site-packages/gpytorch/distributions/multivariate_normal.py:375: NumericalWarning: Negative variance values detected. This is likely due to numerical instabilities. Rounding negative variances up to 1e-10.
  warnings.warn(
/Users/jy/BO/nutrigene-ai-bo-ipsec/.venv/lib/python3.11/site-packages/gpytorch/distributions/multivariate_normal.py:375: NumericalWarning: Negative variance values detected. This is likely due to numerical instabilities. Rounding negative variances up to 1e-10.
  warnings.warn(
/Users/jy/BO/nutrigene-ai-bo-ipsec/.venv/lib/python3.11/site-packages/gpytorch/distributions/multivariate_normal.py:375: NumericalWarning: Negative variance values detected. This is likely due to numerical instabilities. Rounding negative variances up to 1e-10.
  warnings.warn(
/Users/jy/BO/nutrigene-ai-bo-ipsec/.venv/lib/python3.11/site-packages/gpytorch/distributions/multivariate_normal.py:375: NumericalWarning: Negative variance values detected. This is likely due to numerical instabilities. Rounding negative variances up to 1e-10.
  warnings.warn(
/Users/jy/BO/nutrigene-ai-bo-ipsec/.venv/lib/python3.11/site-packages/gpytorch/distributions/multivariate_normal.py:375: NumericalWarning: Negative variance values detected. This is likely due to numerical instabilities. Rounding negative variances up to 1e-10.
  warnings.warn(
/Users/jy/BO/nutrigene-ai-bo-ipsec/.venv/lib/python3.11/site-packages/gpytorch/distributions/multivariate_normal.py:375: NumericalWarning: Negative variance values detected. This is likely due to numerical instabilities. Rounding negative variances up to 1e-10.
  warnings.warn(
/Users/jy/BO/nutrigene-ai-bo-ipsec/.venv/lib/python3.11/site-packages/gpytorch/distributions/multivariate_normal.py:375: NumericalWarning: Negative variance values detected. This is likely due to numerical instabilities. Rounding negative variances up to 1e-10.
  warnings.warn(
/Users/jy/BO/nutrigene-ai-bo-ipsec/.venv/lib/python3.11/site-packages/gpytorch/distributions/multivariate_normal.py:375: NumericalWarning: Negative variance values detected. This is likely due to numerical instabilities. Rounding negative variances up to 1e-10.
  warnings.warn(
/Users/jy/BO/nutrigene-ai-bo-ipsec/.venv/lib/python3.11/site-packages/gpytorch/distributions/multivariate_normal.py:375: NumericalWarning: Negative variance values detected. This is likely due to numerical instabilities. Rounding negative variances up to 1e-10.
  warnings.warn(
/Users/jy/BO/nutrigene-ai-bo-ipsec/.venv/lib/python3.11/site-packages/gpytorch/distributions/multivariate_normal.py:375: NumericalWarning: Negative variance values detected. This is likely due to numerical instabilities. Rounding negative variances up to 1e-10.
  warnings.warn(
/Users/jy/BO/nutrigene-ai-bo-ipsec/.venv/lib/python3.11/site-packages/gpytorch/distributions/multivariate_normal.py:375: NumericalWarning: Negative variance values detected. This is likely due to numerical instabilities. Rounding negative variances up to 1e-10.
  warnings.warn(
/Users/jy/BO/nutrigene-ai-bo-ipsec/.venv/lib/python3.11/site-packages/gpytorch/distributions/multivariate_normal.py:375: NumericalWarning: Negative variance values detected. This is likely due to numerical instabilities. Rounding negative variances up to 1e-10.
  warnings.warn(
/Users/jy/BO/nutrigene-ai-bo-ipsec/.venv/lib/python3.11/site-packages/gpytorch/distributions/multivariate_normal.py:375: NumericalWarning: Negative variance values detected. This is likely due to numerical instabilities. Rounding negative variances up to 1e-10.
  warnings.warn(
/Users/jy/BO/nutrigene-ai-bo-ipsec/.venv/lib/python3.11/site-packages/gpytorch/distributions/multivariate_normal.py:375: NumericalWarning: Negative variance values detected. This is likely due to numerical instabilities. Rounding negative variances up to 1e-10.
  warnings.warn(
/Users/jy/BO/nutrigene-ai-bo-ipsec/.venv/lib/python3.11/site-packages/gpytorch/distributions/multivariate_normal.py:375: NumericalWarning: Negative variance values detected. This is likely due to numerical instabilities. Rounding negative variances up to 1e-10.
  warnings.warn(
/Users/jy/BO/nutrigene-ai-bo-ipsec/.venv/lib/python3.11/site-packages/gpytorch/distributions/multivariate_normal.py:375: NumericalWarning: Negative variance values detected. This is likely due to numerical instabilities. Rounding negative variances up to 1e-10.
  warnings.warn(
/Users/jy/BO/nutrigene-ai-bo-ipsec/.venv/lib/python3.11/site-packages/gpytorch/distributions/multivariate_normal.py:375: NumericalWarning: Negative variance values detected. This is likely due to numerical instabilities. Rounding negative variances up to 1e-10.
  warnings.warn(
/Users/jy/BO/nutrigene-ai-bo-ipsec/.venv/lib/python3.11/site-packages/gpytorch/distributions/multivariate_normal.py:375: NumericalWarning: Negative variance values detected. This is likely due to numerical instabilities. Rounding negative variances up to 1e-10.
  warnings.warn(
/Users/jy/BO/nutrigene-ai-bo-ipsec/.venv/lib/python3.11/site-packages/gpytorch/distributions/multivariate_normal.py:375: NumericalWarning: Negative variance values detected. This is likely due to numerical instabilities. Rounding negative variances up to 1e-10.
  warnings.warn(
/Users/jy/BO/nutrigene-ai-bo-ipsec/.venv/lib/python3.11/site-packages/gpytorch/distributions/multivariate_normal.py:375: NumericalWarning: Negative variance values detected. This is likely due to numerical instabilities. Rounding negative variances up to 1e-10.
  warnings.warn(
/Users/jy/BO/nutrigene-ai-bo-ipsec/.venv/lib/python3.11/site-packages/gpytorch/distributions/multivariate_normal.py:375: NumericalWarning: Negative variance values detected. This is likely due to numerical instabilities. Rounding negative variances up to 1e-10.
  warnings.warn(
/Users/jy/BO/nutrigene-ai-bo-ipsec/.venv/lib/python3.11/site-packages/gpytorch/distributions/multivariate_normal.py:375: NumericalWarning: Negative variance values detected. This is likely due to numerical instabilities. Rounding negative variances up to 1e-10.
  warnings.warn(
/Users/jy/BO/nutrigene-ai-bo-ipsec/.venv/lib/python3.11/site-packages/gpytorch/distributions/multivariate_normal.py:375: NumericalWarning: Negative variance values detected. This is likely due to numerical instabilities. Rounding negative variances up to 1e-10.
  warnings.warn(
/Users/jy/BO/nutrigene-ai-bo-ipsec/.venv/lib/python3.11/site-packages/gpytorch/distributions/multivariate_normal.py:375: NumericalWarning: Negative variance values detected. This is likely due to numerical instabilities. Rounding negative variances up to 1e-10.
  warnings.warn(
/Users/jy/BO/nutrigene-ai-bo-ipsec/.venv/lib/python3.11/site-packages/gpytorch/distributions/multivariate_normal.py:375: NumericalWarning: Negative variance values detected. This is likely due to numerical instabilities. Rounding negative variances up to 1e-10.
  warnings.warn(
/Users/jy/BO/nutrigene-ai-bo-ipsec/.venv/lib/python3.11/site-packages/gpytorch/distributions/multivariate_normal.py:375: NumericalWarning: Negative variance values detected. This is likely due to numerical instabilities. Rounding negative variances up to 1e-10.
  warnings.warn(
/Users/jy/BO/nutrigene-ai-bo-ipsec/.venv/lib/python3.11/site-packages/gpytorch/distributions/multivariate_normal.py:375: NumericalWarning: Negative variance values detected. This is likely due to numerical instabilities. Rounding negative variances up to 1e-10.
  warnings.warn(
/Users/jy/BO/nutrigene-ai-bo-ipsec/.venv/lib/python3.11/site-packages/gpytorch/distributions/multivariate_normal.py:375: NumericalWarning: Negative variance values detected. This is likely due to numerical instabilities. Rounding negative variances up to 1e-10.
  warnings.warn(
/Users/jy/BO/nutrigene-ai-bo-ipsec/.venv/lib/python3.11/site-packages/gpytorch/distributions/multivariate_normal.py:375: NumericalWarning: Negative variance values detected. This is likely due to numerical instabilities. Rounding negative variances up to 1e-10.
  warnings.warn(
/Users/jy/BO/nutrigene-ai-bo-ipsec/.venv/lib/python3.11/site-packages/gpytorch/distributions/multivariate_normal.py:375: NumericalWarning: Negative variance values detected. This is likely due to numerical instabilities. Rounding negative variances up to 1e-10.
  warnings.warn(
/Users/jy/BO/nutrigene-ai-bo-ipsec/.venv/lib/python3.11/site-packages/gpytorch/distributions/multivariate_normal.py:375: NumericalWarning: Negative variance values detected. This is likely due to numerical instabilities. Rounding negative variances up to 1e-10.
  warnings.warn(
/Users/jy/BO/nutrigene-ai-bo-ipsec/.venv/lib/python3.11/site-packages/gpytorch/distributions/multivariate_normal.py:375: NumericalWarning: Negative variance values detected. This is likely due to numerical instabilities. Rounding negative variances up to 1e-10.
  warnings.warn(
/Users/jy/BO/nutrigene-ai-bo-ipsec/.venv/lib/python3.11/site-packages/gpytorch/distributions/multivariate_normal.py:375: NumericalWarning: Negative variance values detected. This is likely due to numerical instabilities. Rounding negative variances up to 1e-10.
  warnings.warn(
/Users/jy/BO/nutrigene-ai-bo-ipsec/.venv/lib/python3.11/site-packages/gpytorch/distributions/multivariate_normal.py:375: NumericalWarning: Negative variance values detected. This is likely due to numerical instabilities. Rounding negative variances up to 1e-10.
  warnings.warn(
/Users/jy/BO/nutrigene-ai-bo-ipsec/.venv/lib/python3.11/site-packages/gpytorch/distributions/multivariate_normal.py:375: NumericalWarning: Negative variance values detected. This is likely due to numerical instabilities. Rounding negative variances up to 1e-10.
  warnings.warn(
/Users/jy/BO/nutrigene-ai-bo-ipsec/.venv/lib/python3.11/site-packages/gpytorch/distributions/multivariate_normal.py:375: NumericalWarning: Negative variance values detected. This is likely due to numerical instabilities. Rounding negative variances up to 1e-10.
  warnings.warn(
/Users/jy/BO/nutrigene-ai-bo-ipsec/.venv/lib/python3.11/site-packages/gpytorch/distributions/multivariate_normal.py:375: NumericalWarning: Negative variance values detected. This is likely due to numerical instabilities. Rounding negative variances up to 1e-10.
  warnings.warn(
/Users/jy/BO/nutrigene-ai-bo-ipsec/.venv/lib/python3.11/site-packages/gpytorch/distributions/multivariate_normal.py:375: NumericalWarning: Negative variance values detected. This is likely due to numerical instabilities. Rounding negative variances up to 1e-10.
  warnings.warn(
/Users/jy/BO/nutrigene-ai-bo-ipsec/.venv/lib/python3.11/site-packages/gpytorch/distributions/multivariate_normal.py:375: NumericalWarning: Negative variance values detected. This is likely due to numerical instabilities. Rounding negative variances up to 1e-10.
  warnings.warn(
/Users/jy/BO/nutrigene-ai-bo-ipsec/.venv/lib/python3.11/site-packages/gpytorch/distributions/multivariate_normal.py:375: NumericalWarning: Negative variance values detected. This is likely due to numerical instabilities. Rounding negative variances up to 1e-10.
  warnings.warn(
/Users/jy/BO/nutrigene-ai-bo-ipsec/.venv/lib/python3.11/site-packages/gpytorch/distributions/multivariate_normal.py:375: NumericalWarning: Negative variance values detected. This is likely due to numerical instabilities. Rounding negative variances up to 1e-10.
  warnings.warn(
/Users/jy/BO/nutrigene-ai-bo-ipsec/.venv/lib/python3.11/site-packages/gpytorch/distributions/multivariate_normal.py:375: NumericalWarning: Negative variance values detected. This is likely due to numerical instabilities. Rounding negative variances up to 1e-10.
  warnings.warn(
/Users/jy/BO/nutrigene-ai-bo-ipsec/.venv/lib/python3.11/site-packages/gpytorch/distributions/multivariate_normal.py:375: NumericalWarning: Negative variance values detected. This is likely due to numerical instabilities. Rounding negative variances up to 1e-10.
  warnings.warn(
/Users/jy/BO/nutrigene-ai-bo-ipsec/.venv/lib/python3.11/site-packages/gpytorch/distributions/multivariate_normal.py:375: NumericalWarning: Negative variance values detected. This is likely due to numerical instabilities. Rounding negative variances up to 1e-10.
  warnings.warn(
/Users/jy/BO/nutrigene-ai-bo-ipsec/.venv/lib/python3.11/site-packages/gpytorch/distributions/multivariate_normal.py:375: NumericalWarning: Negative variance values detected. This is likely due to numerical instabilities. Rounding negative variances up to 1e-10.
  warnings.warn(
/Users/jy/BO/nutrigene-ai-bo-ipsec/.venv/lib/python3.11/site-packages/gpytorch/distributions/multivariate_normal.py:375: NumericalWarning: Negative variance values detected. This is likely due to numerical instabilities. Rounding negative variances up to 1e-10.
  warnings.warn(
/Users/jy/BO/nutrigene-ai-bo-ipsec/.venv/lib/python3.11/site-packages/gpytorch/distributions/multivariate_normal.py:375: NumericalWarning: Negative variance values detected. This is likely due to numerical instabilities. Rounding negative variances up to 1e-10.
  warnings.warn(
/Users/jy/BO/nutrigene-ai-bo-ipsec/.venv/lib/python3.11/site-packages/gpytorch/distributions/multivariate_normal.py:375: NumericalWarning: Negative variance values detected. This is likely due to numerical instabilities. Rounding negative variances up to 1e-10.
  warnings.warn(
/Users/jy/BO/nutrigene-ai-bo-ipsec/.venv/lib/python3.11/site-packages/gpytorch/distributions/multivariate_normal.py:375: NumericalWarning: Negative variance values detected. This is likely due to numerical instabilities. Rounding negative variances up to 1e-10.
  warnings.warn(
/Users/jy/BO/nutrigene-ai-bo-ipsec/.venv/lib/python3.11/site-packages/gpytorch/distributions/multivariate_normal.py:375: NumericalWarning: Negative variance values detected. This is likely due to numerical instabilities. Rounding negative variances up to 1e-10.
  warnings.warn(
/Users/jy/BO/nutrigene-ai-bo-ipsec/.venv/lib/python3.11/site-packages/gpytorch/distributions/multivariate_normal.py:375: NumericalWarning: Negative variance values detected. This is likely due to numerical instabilities. Rounding negative variances up to 1e-10.
  warnings.warn(
/Users/jy/BO/nutrigene-ai-bo-ipsec/.venv/lib/python3.11/site-packages/gpytorch/distributions/multivariate_normal.py:375: NumericalWarning: Negative variance values detected. This is likely due to numerical instabilities. Rounding negative variances up to 1e-10.
  warnings.warn(
/Users/jy/BO/nutrigene-ai-bo-ipsec/.venv/lib/python3.11/site-packages/gpytorch/distributions/multivariate_normal.py:375: NumericalWarning: Negative variance values detected. This is likely due to numerical instabilities. Rounding negative variances up to 1e-10.
  warnings.warn(
/Users/jy/BO/nutrigene-ai-bo-ipsec/.venv/lib/python3.11/site-packages/gpytorch/distributions/multivariate_normal.py:375: NumericalWarning: Negative variance values detected. This is likely due to numerical instabilities. Rounding negative variances up to 1e-10.
  warnings.warn(
/Users/jy/BO/nutrigene-ai-bo-ipsec/.venv/lib/python3.11/site-packages/gpytorch/distributions/multivariate_normal.py:375: NumericalWarning: Negative variance values detected. This is likely due to numerical instabilities. Rounding negative variances up to 1e-10.
  warnings.warn(
/Users/jy/BO/nutrigene-ai-bo-ipsec/.venv/lib/python3.11/site-packages/gpytorch/distributions/multivariate_normal.py:375: NumericalWarning: Negative variance values detected. This is likely due to numerical instabilities. Rounding negative variances up to 1e-10.
  warnings.warn(
/Users/jy/BO/nutrigene-ai-bo-ipsec/.venv/lib/python3.11/site-packages/gpytorch/distributions/multivariate_normal.py:375: NumericalWarning: Negative variance values detected. This is likely due to numerical instabilities. Rounding negative variances up to 1e-10.
  warnings.warn(
/Users/jy/BO/nutrigene-ai-bo-ipsec/.venv/lib/python3.11/site-packages/gpytorch/distributions/multivariate_normal.py:375: NumericalWarning: Negative variance values detected. This is likely due to numerical instabilities. Rounding negative variances up to 1e-10.
  warnings.warn(
/Users/jy/BO/nutrigene-ai-bo-ipsec/.venv/lib/python3.11/site-packages/gpytorch/distributions/multivariate_normal.py:375: NumericalWarning: Negative variance values detected. This is likely due to numerical instabilities. Rounding negative variances up to 1e-10.
  warnings.warn(
/Users/jy/BO/nutrigene-ai-bo-ipsec/.venv/lib/python3.11/site-packages/gpytorch/distributions/multivariate_normal.py:375: NumericalWarning: Negative variance values detected. This is likely due to numerical instabilities. Rounding negative variances up to 1e-10.
  warnings.warn(
/Users/jy/BO/nutrigene-ai-bo-ipsec/.venv/lib/python3.11/site-packages/gpytorch/distributions/multivariate_normal.py:375: NumericalWarning: Negative variance values detected. This is likely due to numerical instabilities. Rounding negative variances up to 1e-10.
  warnings.warn(
/Users/jy/BO/nutrigene-ai-bo-ipsec/.venv/lib/python3.11/site-packages/gpytorch/distributions/multivariate_normal.py:375: NumericalWarning: Negative variance values detected. This is likely due to numerical instabilities. Rounding negative variances up to 1e-10.
  warnings.warn(
/Users/jy/BO/nutrigene-ai-bo-ipsec/.venv/lib/python3.11/site-packages/gpytorch/distributions/multivariate_normal.py:375: NumericalWarning: Negative variance values detected. This is likely due to numerical instabilities. Rounding negative variances up to 1e-10.
  warnings.warn(
/Users/jy/BO/nutrigene-ai-bo-ipsec/.venv/lib/python3.11/site-packages/gpytorch/distributions/multivariate_normal.py:375: NumericalWarning: Negative variance values detected. This is likely due to numerical instabilities. Rounding negative variances up to 1e-10.
  warnings.warn(
/Users/jy/BO/nutrigene-ai-bo-ipsec/.venv/lib/python3.11/site-packages/gpytorch/distributions/multivariate_normal.py:375: NumericalWarning: Negative variance values detected. This is likely due to numerical instabilities. Rounding negative variances up to 1e-10.
  warnings.warn(
/Users/jy/BO/nutrigene-ai-bo-ipsec/.venv/lib/python3.11/site-packages/gpytorch/distributions/multivariate_normal.py:375: NumericalWarning: Negative variance values detected. This is likely due to numerical instabilities. Rounding negative variances up to 1e-10.
  warnings.warn(
/Users/jy/BO/nutrigene-ai-bo-ipsec/.venv/lib/python3.11/site-packages/gpytorch/distributions/multivariate_normal.py:375: NumericalWarning: Negative variance values detected. This is likely due to numerical instabilities. Rounding negative variances up to 1e-10.
  warnings.warn(
/Users/jy/BO/nutrigene-ai-bo-ipsec/.venv/lib/python3.11/site-packages/gpytorch/distributions/multivariate_normal.py:375: NumericalWarning: Negative variance values detected. This is likely due to numerical instabilities. Rounding negative variances up to 1e-10.
  warnings.warn(
/Users/jy/BO/nutrigene-ai-bo-ipsec/.venv/lib/python3.11/site-packages/gpytorch/distributions/multivariate_normal.py:375: NumericalWarning: Negative variance values detected. This is likely due to numerical instabilities. Rounding negative variances up to 1e-10.
  warnings.warn(
/Users/jy/BO/nutrigene-ai-bo-ipsec/.venv/lib/python3.11/site-packages/gpytorch/distributions/multivariate_normal.py:375: NumericalWarning: Negative variance values detected. This is likely due to numerical instabilities. Rounding negative variances up to 1e-10.
  warnings.warn(
/Users/jy/BO/nutrigene-ai-bo-ipsec/.venv/lib/python3.11/site-packages/gpytorch/distributions/multivariate_normal.py:375: NumericalWarning: Negative variance values detected. This is likely due to numerical instabilities. Rounding negative variances up to 1e-10.
  warnings.warn(
/Users/jy/BO/nutrigene-ai-bo-ipsec/.venv/lib/python3.11/site-packages/gpytorch/distributions/multivariate_normal.py:375: NumericalWarning: Negative variance values detected. This is likely due to numerical instabilities. Rounding negative variances up to 1e-10.
  warnings.warn(
/Users/jy/BO/nutrigene-ai-bo-ipsec/.venv/lib/python3.11/site-packages/gpytorch/distributions/multivariate_normal.py:375: NumericalWarning: Negative variance values detected. This is likely due to numerical instabilities. Rounding negative variances up to 1e-10.
  warnings.warn(
/Users/jy/BO/nutrigene-ai-bo-ipsec/.venv/lib/python3.11/site-packages/gpytorch/distributions/multivariate_normal.py:375: NumericalWarning: Negative variance values detected. This is likely due to numerical instabilities. Rounding negative variances up to 1e-10.
  warnings.warn(
/Users/jy/BO/nutrigene-ai-bo-ipsec/.venv/lib/python3.11/site-packages/gpytorch/distributions/multivariate_normal.py:375: NumericalWarning: Negative variance values detected. This is likely due to numerical instabilities. Rounding negative variances up to 1e-10.
  warnings.warn(
/Users/jy/BO/nutrigene-ai-bo-ipsec/.venv/lib/python3.11/site-packages/gpytorch/distributions/multivariate_normal.py:375: NumericalWarning: Negative variance values detected. This is likely due to numerical instabilities. Rounding negative variances up to 1e-10.
  warnings.warn(
/Users/jy/BO/nutrigene-ai-bo-ipsec/.venv/lib/python3.11/site-packages/gpytorch/distributions/multivariate_normal.py:375: NumericalWarning: Negative variance values detected. This is likely due to numerical instabilities. Rounding negative variances up to 1e-10.
  warnings.warn(
/Users/jy/BO/nutrigene-ai-bo-ipsec/.venv/lib/python3.11/site-packages/gpytorch/distributions/multivariate_normal.py:375: NumericalWarning: Negative variance values detected. This is likely due to numerical instabilities. Rounding negative variances up to 1e-10.
  warnings.warn(
/Users/jy/BO/nutrigene-ai-bo-ipsec/.venv/lib/python3.11/site-packages/gpytorch/distributions/multivariate_normal.py:375: NumericalWarning: Negative variance values detected. This is likely due to numerical instabilities. Rounding negative variances up to 1e-10.
  warnings.warn(
/Users/jy/BO/nutrigene-ai-bo-ipsec/.venv/lib/python3.11/site-packages/gpytorch/distributions/multivariate_normal.py:375: NumericalWarning: Negative variance values detected. This is likely due to numerical instabilities. Rounding negative variances up to 1e-10.
  warnings.warn(
/Users/jy/BO/nutrigene-ai-bo-ipsec/.venv/lib/python3.11/site-packages/gpytorch/distributions/multivariate_normal.py:375: NumericalWarning: Negative variance values detected. This is likely due to numerical instabilities. Rounding negative variances up to 1e-10.
  warnings.warn(
/Users/jy/BO/nutrigene-ai-bo-ipsec/.venv/lib/python3.11/site-packages/gpytorch/distributions/multivariate_normal.py:375: NumericalWarning: Negative variance values detected. This is likely due to numerical instabilities. Rounding negative variances up to 1e-10.
  warnings.warn(
/Users/jy/BO/nutrigene-ai-bo-ipsec/.venv/lib/python3.11/site-packages/gpytorch/distributions/multivariate_normal.py:375: NumericalWarning: Negative variance values detected. This is likely due to numerical instabilities. Rounding negative variances up to 1e-10.
  warnings.warn(
/Users/jy/BO/nutrigene-ai-bo-ipsec/.venv/lib/python3.11/site-packages/gpytorch/distributions/multivariate_normal.py:375: NumericalWarning: Negative variance values detected. This is likely due to numerical instabilities. Rounding negative variances up to 1e-10.
  warnings.warn(
/Users/jy/BO/nutrigene-ai-bo-ipsec/.venv/lib/python3.11/site-packages/gpytorch/distributions/multivariate_normal.py:375: NumericalWarning: Negative variance values detected. This is likely due to numerical instabilities. Rounding negative variances up to 1e-10.
  warnings.warn(
/Users/jy/BO/nutrigene-ai-bo-ipsec/.venv/lib/python3.11/site-packages/gpytorch/distributions/multivariate_normal.py:375: NumericalWarning: Negative variance values detected. This is likely due to numerical instabilities. Rounding negative variances up to 1e-10.
  warnings.warn(
/Users/jy/BO/nutrigene-ai-bo-ipsec/.venv/lib/python3.11/site-packages/gpytorch/distributions/multivariate_normal.py:375: NumericalWarning: Negative variance values detected. This is likely due to numerical instabilities. Rounding negative variances up to 1e-10.
  warnings.warn(
/Users/jy/BO/nutrigene-ai-bo-ipsec/.venv/lib/python3.11/site-packages/gpytorch/distributions/multivariate_normal.py:375: NumericalWarning: Negative variance values detected. This is likely due to numerical instabilities. Rounding negative variances up to 1e-10.
  warnings.warn(
/Users/jy/BO/nutrigene-ai-bo-ipsec/.venv/lib/python3.11/site-packages/gpytorch/distributions/multivariate_normal.py:375: NumericalWarning: Negative variance values detected. This is likely due to numerical instabilities. Rounding negative variances up to 1e-10.
  warnings.warn(
/Users/jy/BO/nutrigene-ai-bo-ipsec/.venv/lib/python3.11/site-packages/gpytorch/distributions/multivariate_normal.py:375: NumericalWarning: Negative variance values detected. This is likely due to numerical instabilities. Rounding negative variances up to 1e-10.
  warnings.warn(
/Users/jy/BO/nutrigene-ai-bo-ipsec/.venv/lib/python3.11/site-packages/gpytorch/distributions/multivariate_normal.py:375: NumericalWarning: Negative variance values detected. This is likely due to numerical instabilities. Rounding negative variances up to 1e-10.
  warnings.warn(
/Users/jy/BO/nutrigene-ai-bo-ipsec/.venv/lib/python3.11/site-packages/gpytorch/distributions/multivariate_normal.py:375: NumericalWarning: Negative variance values detected. This is likely due to numerical instabilities. Rounding negative variances up to 1e-10.
  warnings.warn(
/Users/jy/BO/nutrigene-ai-bo-ipsec/.venv/lib/python3.11/site-packages/gpytorch/distributions/multivariate_normal.py:375: NumericalWarning: Negative variance values detected. This is likely due to numerical instabilities. Rounding negative variances up to 1e-10.
  warnings.warn(
/Users/jy/BO/nutrigene-ai-bo-ipsec/.venv/lib/python3.11/site-packages/gpytorch/distributions/multivariate_normal.py:375: NumericalWarning: Negative variance values detected. This is likely due to numerical instabilities. Rounding negative variances up to 1e-10.
  warnings.warn(
/Users/jy/BO/nutrigene-ai-bo-ipsec/.venv/lib/python3.11/site-packages/gpytorch/distributions/multivariate_normal.py:375: NumericalWarning: Negative variance values detected. This is likely due to numerical instabilities. Rounding negative variances up to 1e-10.
  warnings.warn(
/Users/jy/BO/nutrigene-ai-bo-ipsec/.venv/lib/python3.11/site-packages/gpytorch/distributions/multivariate_normal.py:375: NumericalWarning: Negative variance values detected. This is likely due to numerical instabilities. Rounding negative variances up to 1e-10.
  warnings.warn(
/Users/jy/BO/nutrigene-ai-bo-ipsec/.venv/lib/python3.11/site-packages/gpytorch/distributions/multivariate_normal.py:375: NumericalWarning: Negative variance values detected. This is likely due to numerical instabilities. Rounding negative variances up to 1e-10.
  warnings.warn(
/Users/jy/BO/nutrigene-ai-bo-ipsec/.venv/lib/python3.11/site-packages/gpytorch/distributions/multivariate_normal.py:375: NumericalWarning: Negative variance values detected. This is likely due to numerical instabilities. Rounding negative variances up to 1e-10.
  warnings.warn(
/Users/jy/BO/nutrigene-ai-bo-ipsec/.venv/lib/python3.11/site-packages/gpytorch/distributions/multivariate_normal.py:375: NumericalWarning: Negative variance values detected. This is likely due to numerical instabilities. Rounding negative variances up to 1e-10.
  warnings.warn(
/Users/jy/BO/nutrigene-ai-bo-ipsec/.venv/lib/python3.11/site-packages/gpytorch/distributions/multivariate_normal.py:375: NumericalWarning: Negative variance values detected. This is likely due to numerical instabilities. Rounding negative variances up to 1e-10.
  warnings.warn(
/Users/jy/BO/nutrigene-ai-bo-ipsec/.venv/lib/python3.11/site-packages/gpytorch/distributions/multivariate_normal.py:375: NumericalWarning: Negative variance values detected. This is likely due to numerical instabilities. Rounding negative variances up to 1e-10.
  warnings.warn(
/Users/jy/BO/nutrigene-ai-bo-ipsec/.venv/lib/python3.11/site-packages/gpytorch/distributions/multivariate_normal.py:375: NumericalWarning: Negative variance values detected. This is likely due to numerical instabilities. Rounding negative variances up to 1e-10.
  warnings.warn(
/Users/jy/BO/nutrigene-ai-bo-ipsec/.venv/lib/python3.11/site-packages/gpytorch/distributions/multivariate_normal.py:375: NumericalWarning: Negative variance values detected. This is likely due to numerical instabilities. Rounding negative variances up to 1e-10.
  warnings.warn(
/Users/jy/BO/nutrigene-ai-bo-ipsec/.venv/lib/python3.11/site-packages/gpytorch/distributions/multivariate_normal.py:375: NumericalWarning: Negative variance values detected. This is likely due to numerical instabilities. Rounding negative variances up to 1e-10.
  warnings.warn(
/Users/jy/BO/nutrigene-ai-bo-ipsec/.venv/lib/python3.11/site-packages/gpytorch/distributions/multivariate_normal.py:375: NumericalWarning: Negative variance values detected. This is likely due to numerical instabilities. Rounding negative variances up to 1e-10.
  warnings.warn(
/Users/jy/BO/nutrigene-ai-bo-ipsec/.venv/lib/python3.11/site-packages/gpytorch/distributions/multivariate_normal.py:375: NumericalWarning: Negative variance values detected. This is likely due to numerical instabilities. Rounding negative variances up to 1e-10.
  warnings.warn(
/Users/jy/BO/nutrigene-ai-bo-ipsec/.venv/lib/python3.11/site-packages/gpytorch/distributions/multivariate_normal.py:375: NumericalWarning: Negative variance values detected. This is likely due to numerical instabilities. Rounding negative variances up to 1e-10.
  warnings.warn(
/Users/jy/BO/nutrigene-ai-bo-ipsec/.venv/lib/python3.11/site-packages/gpytorch/distributions/multivariate_normal.py:375: NumericalWarning: Negative variance values detected. This is likely due to numerical instabilities. Rounding negative variances up to 1e-10.
  warnings.warn(
/Users/jy/BO/nutrigene-ai-bo-ipsec/.venv/lib/python3.11/site-packages/gpytorch/distributions/multivariate_normal.py:375: NumericalWarning: Negative variance values detected. This is likely due to numerical instabilities. Rounding negative variances up to 1e-10.
  warnings.warn(
/Users/jy/BO/nutrigene-ai-bo-ipsec/.venv/lib/python3.11/site-packages/gpytorch/distributions/multivariate_normal.py:375: NumericalWarning: Negative variance values detected. This is likely due to numerical instabilities. Rounding negative variances up to 1e-10.
  warnings.warn(
/Users/jy/BO/nutrigene-ai-bo-ipsec/.venv/lib/python3.11/site-packages/gpytorch/distributions/multivariate_normal.py:375: NumericalWarning: Negative variance values detected. This is likely due to numerical instabilities. Rounding negative variances up to 1e-10.
  warnings.warn(
/Users/jy/BO/nutrigene-ai-bo-ipsec/.venv/lib/python3.11/site-packages/gpytorch/distributions/multivariate_normal.py:375: NumericalWarning: Negative variance values detected. This is likely due to numerical instabilities. Rounding negative variances up to 1e-10.
  warnings.warn(
/Users/jy/BO/nutrigene-ai-bo-ipsec/.venv/lib/python3.11/site-packages/gpytorch/distributions/multivariate_normal.py:375: NumericalWarning: Negative variance values detected. This is likely due to numerical instabilities. Rounding negative variances up to 1e-10.
  warnings.warn(
/Users/jy/BO/nutrigene-ai-bo-ipsec/.venv/lib/python3.11/site-packages/gpytorch/distributions/multivariate_normal.py:375: NumericalWarning: Negative variance values detected. This is likely due to numerical instabilities. Rounding negative variances up to 1e-10.
  warnings.warn(
/Users/jy/BO/nutrigene-ai-bo-ipsec/.venv/lib/python3.11/site-packages/gpytorch/distributions/multivariate_normal.py:375: NumericalWarning: Negative variance values detected. This is likely due to numerical instabilities. Rounding negative variances up to 1e-10.
  warnings.warn(
/Users/jy/BO/nutrigene-ai-bo-ipsec/.venv/lib/python3.11/site-packages/gpytorch/distributions/multivariate_normal.py:375: NumericalWarning: Negative variance values detected. This is likely due to numerical instabilities. Rounding negative variances up to 1e-10.
  warnings.warn(
/Users/jy/BO/nutrigene-ai-bo-ipsec/.venv/lib/python3.11/site-packages/gpytorch/distributions/multivariate_normal.py:375: NumericalWarning: Negative variance values detected. This is likely due to numerical instabilities. Rounding negative variances up to 1e-10.
  warnings.warn(
/Users/jy/BO/nutrigene-ai-bo-ipsec/.venv/lib/python3.11/site-packages/gpytorch/distributions/multivariate_normal.py:375: NumericalWarning: Negative variance values detected. This is likely due to numerical instabilities. Rounding negative variances up to 1e-10.
  warnings.warn(
/Users/jy/BO/nutrigene-ai-bo-ipsec/.venv/lib/python3.11/site-packages/gpytorch/distributions/multivariate_normal.py:375: NumericalWarning: Negative variance values detected. This is likely due to numerical instabilities. Rounding negative variances up to 1e-10.
  warnings.warn(
/Users/jy/BO/nutrigene-ai-bo-ipsec/.venv/lib/python3.11/site-packages/gpytorch/distributions/multivariate_normal.py:375: NumericalWarning: Negative variance values detected. This is likely due to numerical instabilities. Rounding negative variances up to 1e-10.
  warnings.warn(
/Users/jy/BO/nutrigene-ai-bo-ipsec/.venv/lib/python3.11/site-packages/gpytorch/distributions/multivariate_normal.py:375: NumericalWarning: Negative variance values detected. This is likely due to numerical instabilities. Rounding negative variances up to 1e-10.
  warnings.warn(
/Users/jy/BO/nutrigene-ai-bo-ipsec/.venv/lib/python3.11/site-packages/gpytorch/distributions/multivariate_normal.py:375: NumericalWarning: Negative variance values detected. This is likely due to numerical instabilities. Rounding negative variances up to 1e-10.
  warnings.warn(
/Users/jy/BO/nutrigene-ai-bo-ipsec/.venv/lib/python3.11/site-packages/gpytorch/distributions/multivariate_normal.py:375: NumericalWarning: Negative variance values detected. This is likely due to numerical instabilities. Rounding negative variances up to 1e-10.
  warnings.warn(
/Users/jy/BO/nutrigene-ai-bo-ipsec/.venv/lib/python3.11/site-packages/gpytorch/distributions/multivariate_normal.py:375: NumericalWarning: Negative variance values detected. This is likely due to numerical instabilities. Rounding negative variances up to 1e-10.
  warnings.warn(
/Users/jy/BO/nutrigene-ai-bo-ipsec/.venv/lib/python3.11/site-packages/gpytorch/distributions/multivariate_normal.py:375: NumericalWarning: Negative variance values detected. This is likely due to numerical instabilities. Rounding negative variances up to 1e-10.
  warnings.warn(
/Users/jy/BO/nutrigene-ai-bo-ipsec/.venv/lib/python3.11/site-packages/gpytorch/distributions/multivariate_normal.py:375: NumericalWarning: Negative variance values detected. This is likely due to numerical instabilities. Rounding negative variances up to 1e-10.
  warnings.warn(
/Users/jy/BO/nutrigene-ai-bo-ipsec/.venv/lib/python3.11/site-packages/gpytorch/distributions/multivariate_normal.py:375: NumericalWarning: Negative variance values detected. This is likely due to numerical instabilities. Rounding negative variances up to 1e-10.
  warnings.warn(
/Users/jy/BO/nutrigene-ai-bo-ipsec/.venv/lib/python3.11/site-packages/gpytorch/distributions/multivariate_normal.py:375: NumericalWarning: Negative variance values detected. This is likely due to numerical instabilities. Rounding negative variances up to 1e-10.
  warnings.warn(
/Users/jy/BO/nutrigene-ai-bo-ipsec/.venv/lib/python3.11/site-packages/gpytorch/distributions/multivariate_normal.py:375: NumericalWarning: Negative variance values detected. This is likely due to numerical instabilities. Rounding negative variances up to 1e-10.
  warnings.warn(
/Users/jy/BO/nutrigene-ai-bo-ipsec/.venv/lib/python3.11/site-packages/gpytorch/distributions/multivariate_normal.py:375: NumericalWarning: Negative variance values detected. This is likely due to numerical instabilities. Rounding negative variances up to 1e-10.
  warnings.warn(
/Users/jy/BO/nutrigene-ai-bo-ipsec/.venv/lib/python3.11/site-packages/gpytorch/distributions/multivariate_normal.py:375: NumericalWarning: Negative variance values detected. This is likely due to numerical instabilities. Rounding negative variances up to 1e-10.
  warnings.warn(
/Users/jy/BO/nutrigene-ai-bo-ipsec/.venv/lib/python3.11/site-packages/gpytorch/distributions/multivariate_normal.py:375: NumericalWarning: Negative variance values detected. This is likely due to numerical instabilities. Rounding negative variances up to 1e-10.
  warnings.warn(
/Users/jy/BO/nutrigene-ai-bo-ipsec/.venv/lib/python3.11/site-packages/gpytorch/distributions/multivariate_normal.py:375: NumericalWarning: Negative variance values detected. This is likely due to numerical instabilities. Rounding negative variances up to 1e-10.
  warnings.warn(
/Users/jy/BO/nutrigene-ai-bo-ipsec/.venv/lib/python3.11/site-packages/gpytorch/distributions/multivariate_normal.py:375: NumericalWarning: Negative variance values detected. This is likely due to numerical instabilities. Rounding negative variances up to 1e-10.
  warnings.warn(
/Users/jy/BO/nutrigene-ai-bo-ipsec/.venv/lib/python3.11/site-packages/gpytorch/distributions/multivariate_normal.py:375: NumericalWarning: Negative variance values detected. This is likely due to numerical instabilities. Rounding negative variances up to 1e-10.
  warnings.warn(
/Users/jy/BO/nutrigene-ai-bo-ipsec/.venv/lib/python3.11/site-packages/gpytorch/distributions/multivariate_normal.py:375: NumericalWarning: Negative variance values detected. This is likely due to numerical instabilities. Rounding negative variances up to 1e-10.
  warnings.warn(
/Users/jy/BO/nutrigene-ai-bo-ipsec/.venv/lib/python3.11/site-packages/gpytorch/distributions/multivariate_normal.py:375: NumericalWarning: Negative variance values detected. This is likely due to numerical instabilities. Rounding negative variances up to 1e-10.
  warnings.warn(
/Users/jy/BO/nutrigene-ai-bo-ipsec/.venv/lib/python3.11/site-packages/gpytorch/distributions/multivariate_normal.py:375: NumericalWarning: Negative variance values detected. This is likely due to numerical instabilities. Rounding negative variances up to 1e-10.
  warnings.warn(
/Users/jy/BO/nutrigene-ai-bo-ipsec/.venv/lib/python3.11/site-packages/gpytorch/distributions/multivariate_normal.py:375: NumericalWarning: Negative variance values detected. This is likely due to numerical instabilities. Rounding negative variances up to 1e-10.
  warnings.warn(
/Users/jy/BO/nutrigene-ai-bo-ipsec/.venv/lib/python3.11/site-packages/gpytorch/distributions/multivariate_normal.py:375: NumericalWarning: Negative variance values detected. This is likely due to numerical instabilities. Rounding negative variances up to 1e-10.
  warnings.warn(
/Users/jy/BO/nutrigene-ai-bo-ipsec/.venv/lib/python3.11/site-packages/gpytorch/distributions/multivariate_normal.py:375: NumericalWarning: Negative variance values detected. This is likely due to numerical instabilities. Rounding negative variances up to 1e-10.
  warnings.warn(
/Users/jy/BO/nutrigene-ai-bo-ipsec/.venv/lib/python3.11/site-packages/gpytorch/distributions/multivariate_normal.py:375: NumericalWarning: Negative variance values detected. This is likely due to numerical instabilities. Rounding negative variances up to 1e-10.
  warnings.warn(
/Users/jy/BO/nutrigene-ai-bo-ipsec/.venv/lib/python3.11/site-packages/gpytorch/distributions/multivariate_normal.py:375: NumericalWarning: Negative variance values detected. This is likely due to numerical instabilities. Rounding negative variances up to 1e-10.
  warnings.warn(
/Users/jy/BO/nutrigene-ai-bo-ipsec/.venv/lib/python3.11/site-packages/gpytorch/distributions/multivariate_normal.py:375: NumericalWarning: Negative variance values detected. This is likely due to numerical instabilities. Rounding negative variances up to 1e-10.
  warnings.warn(
/Users/jy/BO/nutrigene-ai-bo-ipsec/.venv/lib/python3.11/site-packages/gpytorch/distributions/multivariate_normal.py:375: NumericalWarning: Negative variance values detected. This is likely due to numerical instabilities. Rounding negative variances up to 1e-10.
  warnings.warn(
/Users/jy/BO/nutrigene-ai-bo-ipsec/.venv/lib/python3.11/site-packages/gpytorch/distributions/multivariate_normal.py:375: NumericalWarning: Negative variance values detected. This is likely due to numerical instabilities. Rounding negative variances up to 1e-10.
  warnings.warn(
/Users/jy/BO/nutrigene-ai-bo-ipsec/.venv/lib/python3.11/site-packages/gpytorch/distributions/multivariate_normal.py:375: NumericalWarning: Negative variance values detected. This is likely due to numerical instabilities. Rounding negative variances up to 1e-10.
  warnings.warn(
/Users/jy/BO/nutrigene-ai-bo-ipsec/.venv/lib/python3.11/site-packages/gpytorch/distributions/multivariate_normal.py:375: NumericalWarning: Negative variance values detected. This is likely due to numerical instabilities. Rounding negative variances up to 1e-10.
  warnings.warn(
/Users/jy/BO/nutrigene-ai-bo-ipsec/.venv/lib/python3.11/site-packages/gpytorch/distributions/multivariate_normal.py:375: NumericalWarning: Negative variance values detected. This is likely due to numerical instabilities. Rounding negative variances up to 1e-10.
  warnings.warn(
/Users/jy/BO/nutrigene-ai-bo-ipsec/.venv/lib/python3.11/site-packages/gpytorch/distributions/multivariate_normal.py:375: NumericalWarning: Negative variance values detected. This is likely due to numerical instabilities. Rounding negative variances up to 1e-10.
  warnings.warn(
/Users/jy/BO/nutrigene-ai-bo-ipsec/.venv/lib/python3.11/site-packages/gpytorch/distributions/multivariate_normal.py:375: NumericalWarning: Negative variance values detected. This is likely due to numerical instabilities. Rounding negative variances up to 1e-10.
  warnings.warn(
/Users/jy/BO/nutrigene-ai-bo-ipsec/.venv/lib/python3.11/site-packages/gpytorch/distributions/multivariate_normal.py:375: NumericalWarning: Negative variance values detected. This is likely due to numerical instabilities. Rounding negative variances up to 1e-10.
  warnings.warn(
/Users/jy/BO/nutrigene-ai-bo-ipsec/.venv/lib/python3.11/site-packages/gpytorch/distributions/multivariate_normal.py:375: NumericalWarning: Negative variance values detected. This is likely due to numerical instabilities. Rounding negative variances up to 1e-10.
  warnings.warn(
/Users/jy/BO/nutrigene-ai-bo-ipsec/.venv/lib/python3.11/site-packages/gpytorch/distributions/multivariate_normal.py:375: NumericalWarning: Negative variance values detected. This is likely due to numerical instabilities. Rounding negative variances up to 1e-10.
  warnings.warn(
/Users/jy/BO/nutrigene-ai-bo-ipsec/.venv/lib/python3.11/site-packages/gpytorch/distributions/multivariate_normal.py:375: NumericalWarning: Negative variance values detected. This is likely due to numerical instabilities. Rounding negative variances up to 1e-10.
  warnings.warn(
/Users/jy/BO/nutrigene-ai-bo-ipsec/.venv/lib/python3.11/site-packages/gpytorch/distributions/multivariate_normal.py:375: NumericalWarning: Negative variance values detected. This is likely due to numerical instabilities. Rounding negative variances up to 1e-10.
  warnings.warn(
/Users/jy/BO/nutrigene-ai-bo-ipsec/.venv/lib/python3.11/site-packages/gpytorch/distributions/multivariate_normal.py:375: NumericalWarning: Negative variance values detected. This is likely due to numerical instabilities. Rounding negative variances up to 1e-10.
  warnings.warn(
/Users/jy/BO/nutrigene-ai-bo-ipsec/.venv/lib/python3.11/site-packages/gpytorch/distributions/multivariate_normal.py:375: NumericalWarning: Negative variance values detected. This is likely due to numerical instabilities. Rounding negative variances up to 1e-10.
  warnings.warn(
/Users/jy/BO/nutrigene-ai-bo-ipsec/.venv/lib/python3.11/site-packages/gpytorch/distributions/multivariate_normal.py:375: NumericalWarning: Negative variance values detected. This is likely due to numerical instabilities. Rounding negative variances up to 1e-10.
  warnings.warn(
/Users/jy/BO/nutrigene-ai-bo-ipsec/.venv/lib/python3.11/site-packages/gpytorch/distributions/multivariate_normal.py:375: NumericalWarning: Negative variance values detected. This is likely due to numerical instabilities. Rounding negative variances up to 1e-10.
  warnings.warn(
/Users/jy/BO/nutrigene-ai-bo-ipsec/.venv/lib/python3.11/site-packages/gpytorch/distributions/multivariate_normal.py:375: NumericalWarning: Negative variance values detected. This is likely due to numerical instabilities. Rounding negative variances up to 1e-10.
  warnings.warn(
/Users/jy/BO/nutrigene-ai-bo-ipsec/.venv/lib/python3.11/site-packages/gpytorch/distributions/multivariate_normal.py:375: NumericalWarning: Negative variance values detected. This is likely due to numerical instabilities. Rounding negative variances up to 1e-10.
  warnings.warn(
/Users/jy/BO/nutrigene-ai-bo-ipsec/.venv/lib/python3.11/site-packages/gpytorch/distributions/multivariate_normal.py:375: NumericalWarning: Negative variance values detected. This is likely due to numerical instabilities. Rounding negative variances up to 1e-10.
  warnings.warn(
/Users/jy/BO/nutrigene-ai-bo-ipsec/.venv/lib/python3.11/site-packages/gpytorch/distributions/multivariate_normal.py:375: NumericalWarning: Negative variance values detected. This is likely due to numerical instabilities. Rounding negative variances up to 1e-10.
  warnings.warn(
/Users/jy/BO/nutrigene-ai-bo-ipsec/.venv/lib/python3.11/site-packages/gpytorch/distributions/multivariate_normal.py:375: NumericalWarning: Negative variance values detected. This is likely due to numerical instabilities. Rounding negative variances up to 1e-10.
  warnings.warn(
/Users/jy/BO/nutrigene-ai-bo-ipsec/.venv/lib/python3.11/site-packages/gpytorch/distributions/multivariate_normal.py:375: NumericalWarning: Negative variance values detected. This is likely due to numerical instabilities. Rounding negative variances up to 1e-10.
  warnings.warn(
/Users/jy/BO/nutrigene-ai-bo-ipsec/.venv/lib/python3.11/site-packages/gpytorch/distributions/multivariate_normal.py:375: NumericalWarning: Negative variance values detected. This is likely due to numerical instabilities. Rounding negative variances up to 1e-10.
  warnings.warn(
/Users/jy/BO/nutrigene-ai-bo-ipsec/.venv/lib/python3.11/site-packages/gpytorch/distributions/multivariate_normal.py:375: NumericalWarning: Negative variance values detected. This is likely due to numerical instabilities. Rounding negative variances up to 1e-10.
  warnings.warn(
/Users/jy/BO/nutrigene-ai-bo-ipsec/.venv/lib/python3.11/site-packages/gpytorch/distributions/multivariate_normal.py:375: NumericalWarning: Negative variance values detected. This is likely due to numerical instabilities. Rounding negative variances up to 1e-10.
  warnings.warn(
/Users/jy/BO/nutrigene-ai-bo-ipsec/.venv/lib/python3.11/site-packages/gpytorch/distributions/multivariate_normal.py:375: NumericalWarning: Negative variance values detected. This is likely due to numerical instabilities. Rounding negative variances up to 1e-10.
  warnings.warn(
/Users/jy/BO/nutrigene-ai-bo-ipsec/.venv/lib/python3.11/site-packages/gpytorch/distributions/multivariate_normal.py:375: NumericalWarning: Negative variance values detected. This is likely due to numerical instabilities. Rounding negative variances up to 1e-10.
  warnings.warn(
/Users/jy/BO/nutrigene-ai-bo-ipsec/.venv/lib/python3.11/site-packages/gpytorch/distributions/multivariate_normal.py:375: NumericalWarning: Negative variance values detected. This is likely due to numerical instabilities. Rounding negative variances up to 1e-10.
  warnings.warn(
/Users/jy/BO/nutrigene-ai-bo-ipsec/.venv/lib/python3.11/site-packages/gpytorch/distributions/multivariate_normal.py:375: NumericalWarning: Negative variance values detected. This is likely due to numerical instabilities. Rounding negative variances up to 1e-10.
  warnings.warn(
/Users/jy/BO/nutrigene-ai-bo-ipsec/.venv/lib/python3.11/site-packages/gpytorch/distributions/multivariate_normal.py:375: NumericalWarning: Negative variance values detected. This is likely due to numerical instabilities. Rounding negative variances up to 1e-10.
  warnings.warn(
/Users/jy/BO/nutrigene-ai-bo-ipsec/.venv/lib/python3.11/site-packages/gpytorch/distributions/multivariate_normal.py:375: NumericalWarning: Negative variance values detected. This is likely due to numerical instabilities. Rounding negative variances up to 1e-10.
  warnings.warn(
/Users/jy/BO/nutrigene-ai-bo-ipsec/.venv/lib/python3.11/site-packages/gpytorch/distributions/multivariate_normal.py:375: NumericalWarning: Negative variance values detected. This is likely due to numerical instabilities. Rounding negative variances up to 1e-10.
  warnings.warn(
/Users/jy/BO/nutrigene-ai-bo-ipsec/.venv/lib/python3.11/site-packages/gpytorch/distributions/multivariate_normal.py:375: NumericalWarning: Negative variance values detected. This is likely due to numerical instabilities. Rounding negative variances up to 1e-10.
  warnings.warn(
/Users/jy/BO/nutrigene-ai-bo-ipsec/.venv/lib/python3.11/site-packages/gpytorch/distributions/multivariate_normal.py:375: NumericalWarning: Negative variance values detected. This is likely due to numerical instabilities. Rounding negative variances up to 1e-10.
  warnings.warn(
/Users/jy/BO/nutrigene-ai-bo-ipsec/.venv/lib/python3.11/site-packages/gpytorch/distributions/multivariate_normal.py:375: NumericalWarning: Negative variance values detected. This is likely due to numerical instabilities. Rounding negative variances up to 1e-10.
  warnings.warn(
/Users/jy/BO/nutrigene-ai-bo-ipsec/.venv/lib/python3.11/site-packages/gpytorch/distributions/multivariate_normal.py:375: NumericalWarning: Negative variance values detected. This is likely due to numerical instabilities. Rounding negative variances up to 1e-10.
  warnings.warn(
/Users/jy/BO/nutrigene-ai-bo-ipsec/.venv/lib/python3.11/site-packages/gpytorch/distributions/multivariate_normal.py:375: NumericalWarning: Negative variance values detected. This is likely due to numerical instabilities. Rounding negative variances up to 1e-10.
  warnings.warn(
/Users/jy/BO/nutrigene-ai-bo-ipsec/.venv/lib/python3.11/site-packages/gpytorch/distributions/multivariate_normal.py:375: NumericalWarning: Negative variance values detected. This is likely due to numerical instabilities. Rounding negative variances up to 1e-10.
  warnings.warn(
/Users/jy/BO/nutrigene-ai-bo-ipsec/.venv/lib/python3.11/site-packages/gpytorch/distributions/multivariate_normal.py:375: NumericalWarning: Negative variance values detected. This is likely due to numerical instabilities. Rounding negative variances up to 1e-10.
  warnings.warn(
/Users/jy/BO/nutrigene-ai-bo-ipsec/.venv/lib/python3.11/site-packages/gpytorch/distributions/multivariate_normal.py:375: NumericalWarning: Negative variance values detected. This is likely due to numerical instabilities. Rounding negative variances up to 1e-10.
  warnings.warn(
/Users/jy/BO/nutrigene-ai-bo-ipsec/.venv/lib/python3.11/site-packages/gpytorch/distributions/multivariate_normal.py:375: NumericalWarning: Negative variance values detected. This is likely due to numerical instabilities. Rounding negative variances up to 1e-10.
  warnings.warn(
/Users/jy/BO/nutrigene-ai-bo-ipsec/.venv/lib/python3.11/site-packages/gpytorch/distributions/multivariate_normal.py:375: NumericalWarning: Negative variance values detected. This is likely due to numerical instabilities. Rounding negative variances up to 1e-10.
  warnings.warn(
/Users/jy/BO/nutrigene-ai-bo-ipsec/.venv/lib/python3.11/site-packages/gpytorch/distributions/multivariate_normal.py:375: NumericalWarning: Negative variance values detected. This is likely due to numerical instabilities. Rounding negative variances up to 1e-10.
  warnings.warn(
/Users/jy/BO/nutrigene-ai-bo-ipsec/.venv/lib/python3.11/site-packages/gpytorch/distributions/multivariate_normal.py:375: NumericalWarning: Negative variance values detected. This is likely due to numerical instabilities. Rounding negative variances up to 1e-10.
  warnings.warn(
/Users/jy/BO/nutrigene-ai-bo-ipsec/.venv/lib/python3.11/site-packages/gpytorch/distributions/multivariate_normal.py:375: NumericalWarning: Negative variance values detected. This is likely due to numerical instabilities. Rounding negative variances up to 1e-10.
  warnings.warn(
/Users/jy/BO/nutrigene-ai-bo-ipsec/.venv/lib/python3.11/site-packages/gpytorch/distributions/multivariate_normal.py:375: NumericalWarning: Negative variance values detected. This is likely due to numerical instabilities. Rounding negative variances up to 1e-10.
  warnings.warn(
/Users/jy/BO/nutrigene-ai-bo-ipsec/.venv/lib/python3.11/site-packages/gpytorch/distributions/multivariate_normal.py:375: NumericalWarning: Negative variance values detected. This is likely due to numerical instabilities. Rounding negative variances up to 1e-10.
  warnings.warn(
/Users/jy/BO/nutrigene-ai-bo-ipsec/.venv/lib/python3.11/site-packages/gpytorch/distributions/multivariate_normal.py:375: NumericalWarning: Negative variance values detected. This is likely due to numerical instabilities. Rounding negative variances up to 1e-10.
  warnings.warn(
/Users/jy/BO/nutrigene-ai-bo-ipsec/.venv/lib/python3.11/site-packages/gpytorch/distributions/multivariate_normal.py:375: NumericalWarning: Negative variance values detected. This is likely due to numerical instabilities. Rounding negative variances up to 1e-10.
  warnings.warn(
/Users/jy/BO/nutrigene-ai-bo-ipsec/.venv/lib/python3.11/site-packages/gpytorch/distributions/multivariate_normal.py:375: NumericalWarning: Negative variance values detected. This is likely due to numerical instabilities. Rounding negative variances up to 1e-10.
  warnings.warn(
/Users/jy/BO/nutrigene-ai-bo-ipsec/.venv/lib/python3.11/site-packages/gpytorch/distributions/multivariate_normal.py:375: NumericalWarning: Negative variance values detected. This is likely due to numerical instabilities. Rounding negative variances up to 1e-10.
  warnings.warn(
/Users/jy/BO/nutrigene-ai-bo-ipsec/.venv/lib/python3.11/site-packages/gpytorch/distributions/multivariate_normal.py:375: NumericalWarning: Negative variance values detected. This is likely due to numerical instabilities. Rounding negative variances up to 1e-10.
  warnings.warn(
/Users/jy/BO/nutrigene-ai-bo-ipsec/.venv/lib/python3.11/site-packages/gpytorch/distributions/multivariate_normal.py:375: NumericalWarning: Negative variance values detected. This is likely due to numerical instabilities. Rounding negative variances up to 1e-10.
  warnings.warn(
/Users/jy/BO/nutrigene-ai-bo-ipsec/.venv/lib/python3.11/site-packages/gpytorch/distributions/multivariate_normal.py:375: NumericalWarning: Negative variance values detected. This is likely due to numerical instabilities. Rounding negative variances up to 1e-10.
  warnings.warn(
/Users/jy/BO/nutrigene-ai-bo-ipsec/.venv/lib/python3.11/site-packages/gpytorch/distributions/multivariate_normal.py:375: NumericalWarning: Negative variance values detected. This is likely due to numerical instabilities. Rounding negative variances up to 1e-10.
  warnings.warn(
/Users/jy/BO/nutrigene-ai-bo-ipsec/.venv/lib/python3.11/site-packages/gpytorch/distributions/multivariate_normal.py:375: NumericalWarning: Negative variance values detected. This is likely due to numerical instabilities. Rounding negative variances up to 1e-10.
  warnings.warn(
/Users/jy/BO/nutrigene-ai-bo-ipsec/.venv/lib/python3.11/site-packages/gpytorch/distributions/multivariate_normal.py:375: NumericalWarning: Negative variance values detected. This is likely due to numerical instabilities. Rounding negative variances up to 1e-10.
  warnings.warn(
/Users/jy/BO/nutrigene-ai-bo-ipsec/.venv/lib/python3.11/site-packages/gpytorch/distributions/multivariate_normal.py:375: NumericalWarning: Negative variance values detected. This is likely due to numerical instabilities. Rounding negative variances up to 1e-10.
  warnings.warn(
/Users/jy/BO/nutrigene-ai-bo-ipsec/.venv/lib/python3.11/site-packages/gpytorch/distributions/multivariate_normal.py:375: NumericalWarning: Negative variance values detected. This is likely due to numerical instabilities. Rounding negative variances up to 1e-10.
  warnings.warn(
/Users/jy/BO/nutrigene-ai-bo-ipsec/.venv/lib/python3.11/site-packages/gpytorch/distributions/multivariate_normal.py:375: NumericalWarning: Negative variance values detected. This is likely due to numerical instabilities. Rounding negative variances up to 1e-10.
  warnings.warn(
/Users/jy/BO/nutrigene-ai-bo-ipsec/.venv/lib/python3.11/site-packages/gpytorch/distributions/multivariate_normal.py:375: NumericalWarning: Negative variance values detected. This is likely due to numerical instabilities. Rounding negative variances up to 1e-10.
  warnings.warn(
/Users/jy/BO/nutrigene-ai-bo-ipsec/.venv/lib/python3.11/site-packages/gpytorch/distributions/multivariate_normal.py:375: NumericalWarning: Negative variance values detected. This is likely due to numerical instabilities. Rounding negative variances up to 1e-10.
  warnings.warn(
/Users/jy/BO/nutrigene-ai-bo-ipsec/.venv/lib/python3.11/site-packages/gpytorch/distributions/multivariate_normal.py:375: NumericalWarning: Negative variance values detected. This is likely due to numerical instabilities. Rounding negative variances up to 1e-10.
  warnings.warn(
/Users/jy/BO/nutrigene-ai-bo-ipsec/.venv/lib/python3.11/site-packages/gpytorch/distributions/multivariate_normal.py:375: NumericalWarning: Negative variance values detected. This is likely due to numerical instabilities. Rounding negative variances up to 1e-10.
  warnings.warn(
/Users/jy/BO/nutrigene-ai-bo-ipsec/.venv/lib/python3.11/site-packages/gpytorch/distributions/multivariate_normal.py:375: NumericalWarning: Negative variance values detected. This is likely due to numerical instabilities. Rounding negative variances up to 1e-10.
  warnings.warn(
/Users/jy/BO/nutrigene-ai-bo-ipsec/.venv/lib/python3.11/site-packages/gpytorch/distributions/multivariate_normal.py:375: NumericalWarning: Negative variance values detected. This is likely due to numerical instabilities. Rounding negative variances up to 1e-10.
  warnings.warn(
/Users/jy/BO/nutrigene-ai-bo-ipsec/.venv/lib/python3.11/site-packages/gpytorch/distributions/multivariate_normal.py:375: NumericalWarning: Negative variance values detected. This is likely due to numerical instabilities. Rounding negative variances up to 1e-10.
  warnings.warn(
/Users/jy/BO/nutrigene-ai-bo-ipsec/.venv/lib/python3.11/site-packages/gpytorch/distributions/multivariate_normal.py:375: NumericalWarning: Negative variance values detected. This is likely due to numerical instabilities. Rounding negative variances up to 1e-10.
  warnings.warn(
/Users/jy/BO/nutrigene-ai-bo-ipsec/.venv/lib/python3.11/site-packages/gpytorch/distributions/multivariate_normal.py:375: NumericalWarning: Negative variance values detected. This is likely due to numerical instabilities. Rounding negative variances up to 1e-10.
  warnings.warn(
/Users/jy/BO/nutrigene-ai-bo-ipsec/.venv/lib/python3.11/site-packages/gpytorch/distributions/multivariate_normal.py:375: NumericalWarning: Negative variance values detected. This is likely due to numerical instabilities. Rounding negative variances up to 1e-10.
  warnings.warn(
/Users/jy/BO/nutrigene-ai-bo-ipsec/.venv/lib/python3.11/site-packages/gpytorch/distributions/multivariate_normal.py:375: NumericalWarning: Negative variance values detected. This is likely due to numerical instabilities. Rounding negative variances up to 1e-10.
  warnings.warn(
/Users/jy/BO/nutrigene-ai-bo-ipsec/.venv/lib/python3.11/site-packages/gpytorch/distributions/multivariate_normal.py:375: NumericalWarning: Negative variance values detected. This is likely due to numerical instabilities. Rounding negative variances up to 1e-10.
  warnings.warn(
/Users/jy/BO/nutrigene-ai-bo-ipsec/.venv/lib/python3.11/site-packages/gpytorch/distributions/multivariate_normal.py:375: NumericalWarning: Negative variance values detected. This is likely due to numerical instabilities. Rounding negative variances up to 1e-10.
  warnings.warn(
/Users/jy/BO/nutrigene-ai-bo-ipsec/.venv/lib/python3.11/site-packages/gpytorch/distributions/multivariate_normal.py:375: NumericalWarning: Negative variance values detected. This is likely due to numerical instabilities. Rounding negative variances up to 1e-10.
  warnings.warn(
/Users/jy/BO/nutrigene-ai-bo-ipsec/.venv/lib/python3.11/site-packages/gpytorch/distributions/multivariate_normal.py:375: NumericalWarning: Negative variance values detected. This is likely due to numerical instabilities. Rounding negative variances up to 1e-10.
  warnings.warn(
/Users/jy/BO/nutrigene-ai-bo-ipsec/.venv/lib/python3.11/site-packages/gpytorch/distributions/multivariate_normal.py:375: NumericalWarning: Negative variance values detected. This is likely due to numerical instabilities. Rounding negative variances up to 1e-10.
  warnings.warn(
/Users/jy/BO/nutrigene-ai-bo-ipsec/.venv/lib/python3.11/site-packages/gpytorch/distributions/multivariate_normal.py:375: NumericalWarning: Negative variance values detected. This is likely due to numerical instabilities. Rounding negative variances up to 1e-10.
  warnings.warn(
/Users/jy/BO/nutrigene-ai-bo-ipsec/.venv/lib/python3.11/site-packages/gpytorch/distributions/multivariate_normal.py:375: NumericalWarning: Negative variance values detected. This is likely due to numerical instabilities. Rounding negative variances up to 1e-10.
  warnings.warn(
/Users/jy/BO/nutrigene-ai-bo-ipsec/.venv/lib/python3.11/site-packages/gpytorch/distributions/multivariate_normal.py:375: NumericalWarning: Negative variance values detected. This is likely due to numerical instabilities. Rounding negative variances up to 1e-10.
  warnings.warn(
/Users/jy/BO/nutrigene-ai-bo-ipsec/.venv/lib/python3.11/site-packages/gpytorch/distributions/multivariate_normal.py:375: NumericalWarning: Negative variance values detected. This is likely due to numerical instabilities. Rounding negative variances up to 1e-10.
  warnings.warn(
/Users/jy/BO/nutrigene-ai-bo-ipsec/.venv/lib/python3.11/site-packages/gpytorch/distributions/multivariate_normal.py:375: NumericalWarning: Negative variance values detected. This is likely due to numerical instabilities. Rounding negative variances up to 1e-10.
  warnings.warn(
/Users/jy/BO/nutrigene-ai-bo-ipsec/.venv/lib/python3.11/site-packages/gpytorch/distributions/multivariate_normal.py:375: NumericalWarning: Negative variance values detected. This is likely due to numerical instabilities. Rounding negative variances up to 1e-10.
  warnings.warn(
/Users/jy/BO/nutrigene-ai-bo-ipsec/.venv/lib/python3.11/site-packages/gpytorch/distributions/multivariate_normal.py:375: NumericalWarning: Negative variance values detected. This is likely due to numerical instabilities. Rounding negative variances up to 1e-10.
  warnings.warn(
/Users/jy/BO/nutrigene-ai-bo-ipsec/.venv/lib/python3.11/site-packages/gpytorch/distributions/multivariate_normal.py:375: NumericalWarning: Negative variance values detected. This is likely due to numerical instabilities. Rounding negative variances up to 1e-10.
  warnings.warn(
/Users/jy/BO/nutrigene-ai-bo-ipsec/.venv/lib/python3.11/site-packages/gpytorch/distributions/multivariate_normal.py:375: NumericalWarning: Negative variance values detected. This is likely due to numerical instabilities. Rounding negative variances up to 1e-10.
  warnings.warn(
/Users/jy/BO/nutrigene-ai-bo-ipsec/.venv/lib/python3.11/site-packages/gpytorch/distributions/multivariate_normal.py:375: NumericalWarning: Negative variance values detected. This is likely due to numerical instabilities. Rounding negative variances up to 1e-10.
  warnings.warn(
/Users/jy/BO/nutrigene-ai-bo-ipsec/.venv/lib/python3.11/site-packages/gpytorch/distributions/multivariate_normal.py:375: NumericalWarning: Negative variance values detected. This is likely due to numerical instabilities. Rounding negative variances up to 1e-10.
  warnings.warn(
/Users/jy/BO/nutrigene-ai-bo-ipsec/.venv/lib/python3.11/site-packages/gpytorch/distributions/multivariate_normal.py:375: NumericalWarning: Negative variance values detected. This is likely due to numerical instabilities. Rounding negative variances up to 1e-10.
  warnings.warn(
/Users/jy/BO/nutrigene-ai-bo-ipsec/.venv/lib/python3.11/site-packages/gpytorch/distributions/multivariate_normal.py:375: NumericalWarning: Negative variance values detected. This is likely due to numerical instabilities. Rounding negative variances up to 1e-10.
  warnings.warn(
/Users/jy/BO/nutrigene-ai-bo-ipsec/.venv/lib/python3.11/site-packages/gpytorch/distributions/multivariate_normal.py:375: NumericalWarning: Negative variance values detected. This is likely due to numerical instabilities. Rounding negative variances up to 1e-10.
  warnings.warn(
/Users/jy/BO/nutrigene-ai-bo-ipsec/.venv/lib/python3.11/site-packages/gpytorch/distributions/multivariate_normal.py:375: NumericalWarning: Negative variance values detected. This is likely due to numerical instabilities. Rounding negative variances up to 1e-10.
  warnings.warn(
/Users/jy/BO/nutrigene-ai-bo-ipsec/.venv/lib/python3.11/site-packages/gpytorch/distributions/multivariate_normal.py:375: NumericalWarning: Negative variance values detected. This is likely due to numerical instabilities. Rounding negative variances up to 1e-10.
  warnings.warn(
/Users/jy/BO/nutrigene-ai-bo-ipsec/.venv/lib/python3.11/site-packages/gpytorch/distributions/multivariate_normal.py:375: NumericalWarning: Negative variance values detected. This is likely due to numerical instabilities. Rounding negative variances up to 1e-10.
  warnings.warn(
/Users/jy/BO/nutrigene-ai-bo-ipsec/.venv/lib/python3.11/site-packages/gpytorch/distributions/multivariate_normal.py:375: NumericalWarning: Negative variance values detected. This is likely due to numerical instabilities. Rounding negative variances up to 1e-10.
  warnings.warn(
/Users/jy/BO/nutrigene-ai-bo-ipsec/.venv/lib/python3.11/site-packages/gpytorch/distributions/multivariate_normal.py:375: NumericalWarning: Negative variance values detected. This is likely due to numerical instabilities. Rounding negative variances up to 1e-10.
  warnings.warn(
/Users/jy/BO/nutrigene-ai-bo-ipsec/.venv/lib/python3.11/site-packages/gpytorch/distributions/multivariate_normal.py:375: NumericalWarning: Negative variance values detected. This is likely due to numerical instabilities. Rounding negative variances up to 1e-10.
  warnings.warn(
/Users/jy/BO/nutrigene-ai-bo-ipsec/.venv/lib/python3.11/site-packages/gpytorch/distributions/multivariate_normal.py:375: NumericalWarning: Negative variance values detected. This is likely due to numerical instabilities. Rounding negative variances up to 1e-10.
  warnings.warn(
/Users/jy/BO/nutrigene-ai-bo-ipsec/.venv/lib/python3.11/site-packages/gpytorch/distributions/multivariate_normal.py:375: NumericalWarning: Negative variance values detected. This is likely due to numerical instabilities. Rounding negative variances up to 1e-10.
  warnings.warn(
/Users/jy/BO/nutrigene-ai-bo-ipsec/.venv/lib/python3.11/site-packages/gpytorch/distributions/multivariate_normal.py:375: NumericalWarning: Negative variance values detected. This is likely due to numerical instabilities. Rounding negative variances up to 1e-10.
  warnings.warn(
/Users/jy/BO/nutrigene-ai-bo-ipsec/.venv/lib/python3.11/site-packages/gpytorch/distributions/multivariate_normal.py:375: NumericalWarning: Negative variance values detected. This is likely due to numerical instabilities. Rounding negative variances up to 1e-10.
  warnings.warn(
/Users/jy/BO/nutrigene-ai-bo-ipsec/.venv/lib/python3.11/site-packages/gpytorch/distributions/multivariate_normal.py:375: NumericalWarning: Negative variance values detected. This is likely due to numerical instabilities. Rounding negative variances up to 1e-10.
  warnings.warn(
/Users/jy/BO/nutrigene-ai-bo-ipsec/.venv/lib/python3.11/site-packages/gpytorch/distributions/multivariate_normal.py:375: NumericalWarning: Negative variance values detected. This is likely due to numerical instabilities. Rounding negative variances up to 1e-10.
  warnings.warn(
/Users/jy/BO/nutrigene-ai-bo-ipsec/.venv/lib/python3.11/site-packages/gpytorch/distributions/multivariate_normal.py:375: NumericalWarning: Negative variance values detected. This is likely due to numerical instabilities. Rounding negative variances up to 1e-10.
  warnings.warn(
/Users/jy/BO/nutrigene-ai-bo-ipsec/.venv/lib/python3.11/site-packages/gpytorch/distributions/multivariate_normal.py:375: NumericalWarning: Negative variance values detected. This is likely due to numerical instabilities. Rounding negative variances up to 1e-10.
  warnings.warn(
/Users/jy/BO/nutrigene-ai-bo-ipsec/.venv/lib/python3.11/site-packages/gpytorch/distributions/multivariate_normal.py:375: NumericalWarning: Negative variance values detected. This is likely due to numerical instabilities. Rounding negative variances up to 1e-10.
  warnings.warn(
/Users/jy/BO/nutrigene-ai-bo-ipsec/.venv/lib/python3.11/site-packages/gpytorch/distributions/multivariate_normal.py:375: NumericalWarning: Negative variance values detected. This is likely due to numerical instabilities. Rounding negative variances up to 1e-10.
  warnings.warn(
/Users/jy/BO/nutrigene-ai-bo-ipsec/.venv/lib/python3.11/site-packages/gpytorch/distributions/multivariate_normal.py:375: NumericalWarning: Negative variance values detected. This is likely due to numerical instabilities. Rounding negative variances up to 1e-10.
  warnings.warn(
/Users/jy/BO/nutrigene-ai-bo-ipsec/.venv/lib/python3.11/site-packages/gpytorch/distributions/multivariate_normal.py:375: NumericalWarning: Negative variance values detected. This is likely due to numerical instabilities. Rounding negative variances up to 1e-10.
  warnings.warn(
/Users/jy/BO/nutrigene-ai-bo-ipsec/.venv/lib/python3.11/site-packages/gpytorch/distributions/multivariate_normal.py:375: NumericalWarning: Negative variance values detected. This is likely due to numerical instabilities. Rounding negative variances up to 1e-10.
  warnings.warn(
/Users/jy/BO/nutrigene-ai-bo-ipsec/.venv/lib/python3.11/site-packages/gpytorch/distributions/multivariate_normal.py:375: NumericalWarning: Negative variance values detected. This is likely due to numerical instabilities. Rounding negative variances up to 1e-10.
  warnings.warn(
/Users/jy/BO/nutrigene-ai-bo-ipsec/.venv/lib/python3.11/site-packages/gpytorch/distributions/multivariate_normal.py:375: NumericalWarning: Negative variance values detected. This is likely due to numerical instabilities. Rounding negative variances up to 1e-10.
  warnings.warn(
/Users/jy/BO/nutrigene-ai-bo-ipsec/.venv/lib/python3.11/site-packages/gpytorch/distributions/multivariate_normal.py:375: NumericalWarning: Negative variance values detected. This is likely due to numerical instabilities. Rounding negative variances up to 1e-10.
  warnings.warn(
/Users/jy/BO/nutrigene-ai-bo-ipsec/.venv/lib/python3.11/site-packages/gpytorch/distributions/multivariate_normal.py:375: NumericalWarning: Negative variance values detected. This is likely due to numerical instabilities. Rounding negative variances up to 1e-10.
  warnings.warn(
/Users/jy/BO/nutrigene-ai-bo-ipsec/.venv/lib/python3.11/site-packages/gpytorch/distributions/multivariate_normal.py:375: NumericalWarning: Negative variance values detected. This is likely due to numerical instabilities. Rounding negative variances up to 1e-10.
  warnings.warn(
/Users/jy/BO/nutrigene-ai-bo-ipsec/.venv/lib/python3.11/site-packages/gpytorch/distributions/multivariate_normal.py:375: NumericalWarning: Negative variance values detected. This is likely due to numerical instabilities. Rounding negative variances up to 1e-10.
  warnings.warn(
/Users/jy/BO/nutrigene-ai-bo-ipsec/.venv/lib/python3.11/site-packages/gpytorch/distributions/multivariate_normal.py:375: NumericalWarning: Negative variance values detected. This is likely due to numerical instabilities. Rounding negative variances up to 1e-10.
  warnings.warn(
/Users/jy/BO/nutrigene-ai-bo-ipsec/.venv/lib/python3.11/site-packages/gpytorch/distributions/multivariate_normal.py:375: NumericalWarning: Negative variance values detected. This is likely due to numerical instabilities. Rounding negative variances up to 1e-10.
  warnings.warn(
/Users/jy/BO/nutrigene-ai-bo-ipsec/.venv/lib/python3.11/site-packages/gpytorch/distributions/multivariate_normal.py:375: NumericalWarning: Negative variance values detected. This is likely due to numerical instabilities. Rounding negative variances up to 1e-10.
  warnings.warn(
/Users/jy/BO/nutrigene-ai-bo-ipsec/.venv/lib/python3.11/site-packages/gpytorch/distributions/multivariate_normal.py:375: NumericalWarning: Negative variance values detected. This is likely due to numerical instabilities. Rounding negative variances up to 1e-10.
  warnings.warn(
/Users/jy/BO/nutrigene-ai-bo-ipsec/.venv/lib/python3.11/site-packages/gpytorch/distributions/multivariate_normal.py:375: NumericalWarning: Negative variance values detected. This is likely due to numerical instabilities. Rounding negative variances up to 1e-10.
  warnings.warn(
/Users/jy/BO/nutrigene-ai-bo-ipsec/.venv/lib/python3.11/site-packages/gpytorch/distributions/multivariate_normal.py:375: NumericalWarning: Negative variance values detected. This is likely due to numerical instabilities. Rounding negative variances up to 1e-10.
  warnings.warn(
/Users/jy/BO/nutrigene-ai-bo-ipsec/.venv/lib/python3.11/site-packages/gpytorch/distributions/multivariate_normal.py:375: NumericalWarning: Negative variance values detected. This is likely due to numerical instabilities. Rounding negative variances up to 1e-10.
  warnings.warn(
/Users/jy/BO/nutrigene-ai-bo-ipsec/.venv/lib/python3.11/site-packages/gpytorch/distributions/multivariate_normal.py:375: NumericalWarning: Negative variance values detected. This is likely due to numerical instabilities. Rounding negative variances up to 1e-10.
  warnings.warn(
/Users/jy/BO/nutrigene-ai-bo-ipsec/.venv/lib/python3.11/site-packages/gpytorch/distributions/multivariate_normal.py:375: NumericalWarning: Negative variance values detected. This is likely due to numerical instabilities. Rounding negative variances up to 1e-10.
  warnings.warn(
/Users/jy/BO/nutrigene-ai-bo-ipsec/.venv/lib/python3.11/site-packages/gpytorch/distributions/multivariate_normal.py:375: NumericalWarning: Negative variance values detected. This is likely due to numerical instabilities. Rounding negative variances up to 1e-10.
  warnings.warn(
/Users/jy/BO/nutrigene-ai-bo-ipsec/.venv/lib/python3.11/site-packages/gpytorch/distributions/multivariate_normal.py:375: NumericalWarning: Negative variance values detected. This is likely due to numerical instabilities. Rounding negative variances up to 1e-10.
  warnings.warn(
/Users/jy/BO/nutrigene-ai-bo-ipsec/.venv/lib/python3.11/site-packages/gpytorch/distributions/multivariate_normal.py:375: NumericalWarning: Negative variance values detected. This is likely due to numerical instabilities. Rounding negative variances up to 1e-10.
  warnings.warn(
/Users/jy/BO/nutrigene-ai-bo-ipsec/.venv/lib/python3.11/site-packages/gpytorch/distributions/multivariate_normal.py:375: NumericalWarning: Negative variance values detected. This is likely due to numerical instabilities. Rounding negative variances up to 1e-10.
  warnings.warn(
/Users/jy/BO/nutrigene-ai-bo-ipsec/.venv/lib/python3.11/site-packages/gpytorch/distributions/multivariate_normal.py:375: NumericalWarning: Negative variance values detected. This is likely due to numerical instabilities. Rounding negative variances up to 1e-10.
  warnings.warn(
/Users/jy/BO/nutrigene-ai-bo-ipsec/.venv/lib/python3.11/site-packages/gpytorch/distributions/multivariate_normal.py:375: NumericalWarning: Negative variance values detected. This is likely due to numerical instabilities. Rounding negative variances up to 1e-10.
  warnings.warn(
/Users/jy/BO/nutrigene-ai-bo-ipsec/.venv/lib/python3.11/site-packages/gpytorch/distributions/multivariate_normal.py:375: NumericalWarning: Negative variance values detected. This is likely due to numerical instabilities. Rounding negative variances up to 1e-10.
  warnings.warn(
/Users/jy/BO/nutrigene-ai-bo-ipsec/.venv/lib/python3.11/site-packages/gpytorch/distributions/multivariate_normal.py:375: NumericalWarning: Negative variance values detected. This is likely due to numerical instabilities. Rounding negative variances up to 1e-10.
  warnings.warn(
/Users/jy/BO/nutrigene-ai-bo-ipsec/.venv/lib/python3.11/site-packages/gpytorch/distributions/multivariate_normal.py:375: NumericalWarning: Negative variance values detected. This is likely due to numerical instabilities. Rounding negative variances up to 1e-10.
  warnings.warn(
/Users/jy/BO/nutrigene-ai-bo-ipsec/.venv/lib/python3.11/site-packages/gpytorch/distributions/multivariate_normal.py:375: NumericalWarning: Negative variance values detected. This is likely due to numerical instabilities. Rounding negative variances up to 1e-10.
  warnings.warn(
/Users/jy/BO/nutrigene-ai-bo-ipsec/.venv/lib/python3.11/site-packages/gpytorch/distributions/multivariate_normal.py:375: NumericalWarning: Negative variance values detected. This is likely due to numerical instabilities. Rounding negative variances up to 1e-10.
  warnings.warn(
/Users/jy/BO/nutrigene-ai-bo-ipsec/.venv/lib/python3.11/site-packages/gpytorch/distributions/multivariate_normal.py:375: NumericalWarning: Negative variance values detected. This is likely due to numerical instabilities. Rounding negative variances up to 1e-10.
  warnings.warn(
/Users/jy/BO/nutrigene-ai-bo-ipsec/.venv/lib/python3.11/site-packages/gpytorch/distributions/multivariate_normal.py:375: NumericalWarning: Negative variance values detected. This is likely due to numerical instabilities. Rounding negative variances up to 1e-10.
  warnings.warn(
/Users/jy/BO/nutrigene-ai-bo-ipsec/.venv/lib/python3.11/site-packages/gpytorch/distributions/multivariate_normal.py:375: NumericalWarning: Negative variance values detected. This is likely due to numerical instabilities. Rounding negative variances up to 1e-10.
  warnings.warn(
/Users/jy/BO/nutrigene-ai-bo-ipsec/.venv/lib/python3.11/site-packages/gpytorch/distributions/multivariate_normal.py:375: NumericalWarning: Negative variance values detected. This is likely due to numerical instabilities. Rounding negative variances up to 1e-10.
  warnings.warn(
/Users/jy/BO/nutrigene-ai-bo-ipsec/.venv/lib/python3.11/site-packages/gpytorch/distributions/multivariate_normal.py:375: NumericalWarning: Negative variance values detected. This is likely due to numerical instabilities. Rounding negative variances up to 1e-10.
  warnings.warn(
/Users/jy/BO/nutrigene-ai-bo-ipsec/.venv/lib/python3.11/site-packages/gpytorch/distributions/multivariate_normal.py:375: NumericalWarning: Negative variance values detected. This is likely due to numerical instabilities. Rounding negative variances up to 1e-10.
  warnings.warn(
/Users/jy/BO/nutrigene-ai-bo-ipsec/.venv/lib/python3.11/site-packages/gpytorch/distributions/multivariate_normal.py:375: NumericalWarning: Negative variance values detected. This is likely due to numerical instabilities. Rounding negative variances up to 1e-10.
  warnings.warn(
/Users/jy/BO/nutrigene-ai-bo-ipsec/.venv/lib/python3.11/site-packages/gpytorch/distributions/multivariate_normal.py:375: NumericalWarning: Negative variance values detected. This is likely due to numerical instabilities. Rounding negative variances up to 1e-10.
  warnings.warn(
/Users/jy/BO/nutrigene-ai-bo-ipsec/.venv/lib/python3.11/site-packages/gpytorch/distributions/multivariate_normal.py:375: NumericalWarning: Negative variance values detected. This is likely due to numerical instabilities. Rounding negative variances up to 1e-10.
  warnings.warn(
/Users/jy/BO/nutrigene-ai-bo-ipsec/.venv/lib/python3.11/site-packages/gpytorch/distributions/multivariate_normal.py:375: NumericalWarning: Negative variance values detected. This is likely due to numerical instabilities. Rounding negative variances up to 1e-10.
  warnings.warn(
/Users/jy/BO/nutrigene-ai-bo-ipsec/.venv/lib/python3.11/site-packages/gpytorch/distributions/multivariate_normal.py:375: NumericalWarning: Negative variance values detected. This is likely due to numerical instabilities. Rounding negative variances up to 1e-10.
  warnings.warn(
/Users/jy/BO/nutrigene-ai-bo-ipsec/.venv/lib/python3.11/site-packages/gpytorch/distributions/multivariate_normal.py:375: NumericalWarning: Negative variance values detected. This is likely due to numerical instabilities. Rounding negative variances up to 1e-10.
  warnings.warn(
/Users/jy/BO/nutrigene-ai-bo-ipsec/.venv/lib/python3.11/site-packages/gpytorch/distributions/multivariate_normal.py:375: NumericalWarning: Negative variance values detected. This is likely due to numerical instabilities. Rounding negative variances up to 1e-10.
  warnings.warn(
/Users/jy/BO/nutrigene-ai-bo-ipsec/.venv/lib/python3.11/site-packages/gpytorch/distributions/multivariate_normal.py:375: NumericalWarning: Negative variance values detected. This is likely due to numerical instabilities. Rounding negative variances up to 1e-10.
  warnings.warn(
/Users/jy/BO/nutrigene-ai-bo-ipsec/.venv/lib/python3.11/site-packages/gpytorch/distributions/multivariate_normal.py:375: NumericalWarning: Negative variance values detected. This is likely due to numerical instabilities. Rounding negative variances up to 1e-10.
  warnings.warn(
/Users/jy/BO/nutrigene-ai-bo-ipsec/.venv/lib/python3.11/site-packages/gpytorch/distributions/multivariate_normal.py:375: NumericalWarning: Negative variance values detected. This is likely due to numerical instabilities. Rounding negative variances up to 1e-10.
  warnings.warn(
/Users/jy/BO/nutrigene-ai-bo-ipsec/.venv/lib/python3.11/site-packages/gpytorch/distributions/multivariate_normal.py:375: NumericalWarning: Negative variance values detected. This is likely due to numerical instabilities. Rounding negative variances up to 1e-10.
  warnings.warn(
/Users/jy/BO/nutrigene-ai-bo-ipsec/.venv/lib/python3.11/site-packages/gpytorch/distributions/multivariate_normal.py:375: NumericalWarning: Negative variance values detected. This is likely due to numerical instabilities. Rounding negative variances up to 1e-10.
  warnings.warn(
/Users/jy/BO/nutrigene-ai-bo-ipsec/.venv/lib/python3.11/site-packages/gpytorch/distributions/multivariate_normal.py:375: NumericalWarning: Negative variance values detected. This is likely due to numerical instabilities. Rounding negative variances up to 1e-10.
  warnings.warn(
/Users/jy/BO/nutrigene-ai-bo-ipsec/.venv/lib/python3.11/site-packages/gpytorch/distributions/multivariate_normal.py:375: NumericalWarning: Negative variance values detected. This is likely due to numerical instabilities. Rounding negative variances up to 1e-10.
  warnings.warn(
/Users/jy/BO/nutrigene-ai-bo-ipsec/.venv/lib/python3.11/site-packages/gpytorch/distributions/multivariate_normal.py:375: NumericalWarning: Negative variance values detected. This is likely due to numerical instabilities. Rounding negative variances up to 1e-10.
  warnings.warn(
/Users/jy/BO/nutrigene-ai-bo-ipsec/.venv/lib/python3.11/site-packages/gpytorch/distributions/multivariate_normal.py:375: NumericalWarning: Negative variance values detected. This is likely due to numerical instabilities. Rounding negative variances up to 1e-10.
  warnings.warn(
/Users/jy/BO/nutrigene-ai-bo-ipsec/.venv/lib/python3.11/site-packages/gpytorch/distributions/multivariate_normal.py:375: NumericalWarning: Negative variance values detected. This is likely due to numerical instabilities. Rounding negative variances up to 1e-10.
  warnings.warn(
/Users/jy/BO/nutrigene-ai-bo-ipsec/.venv/lib/python3.11/site-packages/gpytorch/distributions/multivariate_normal.py:375: NumericalWarning: Negative variance values detected. This is likely due to numerical instabilities. Rounding negative variances up to 1e-10.
  warnings.warn(
/Users/jy/BO/nutrigene-ai-bo-ipsec/.venv/lib/python3.11/site-packages/gpytorch/distributions/multivariate_normal.py:375: NumericalWarning: Negative variance values detected. This is likely due to numerical instabilities. Rounding negative variances up to 1e-10.
  warnings.warn(
/Users/jy/BO/nutrigene-ai-bo-ipsec/.venv/lib/python3.11/site-packages/gpytorch/distributions/multivariate_normal.py:375: NumericalWarning: Negative variance values detected. This is likely due to numerical instabilities. Rounding negative variances up to 1e-10.
  warnings.warn(
/Users/jy/BO/nutrigene-ai-bo-ipsec/.venv/lib/python3.11/site-packages/gpytorch/distributions/multivariate_normal.py:375: NumericalWarning: Negative variance values detected. This is likely due to numerical instabilities. Rounding negative variances up to 1e-10.
  warnings.warn(
/Users/jy/BO/nutrigene-ai-bo-ipsec/.venv/lib/python3.11/site-packages/gpytorch/distributions/multivariate_normal.py:375: NumericalWarning: Negative variance values detected. This is likely due to numerical instabilities. Rounding negative variances up to 1e-10.
  warnings.warn(
/Users/jy/BO/nutrigene-ai-bo-ipsec/.venv/lib/python3.11/site-packages/gpytorch/distributions/multivariate_normal.py:375: NumericalWarning: Negative variance values detected. This is likely due to numerical instabilities. Rounding negative variances up to 1e-10.
  warnings.warn(
/Users/jy/BO/nutrigene-ai-bo-ipsec/.venv/lib/python3.11/site-packages/gpytorch/distributions/multivariate_normal.py:375: NumericalWarning: Negative variance values detected. This is likely due to numerical instabilities. Rounding negative variances up to 1e-10.
  warnings.warn(
/Users/jy/BO/nutrigene-ai-bo-ipsec/.venv/lib/python3.11/site-packages/gpytorch/distributions/multivariate_normal.py:375: NumericalWarning: Negative variance values detected. This is likely due to numerical instabilities. Rounding negative variances up to 1e-10.
  warnings.warn(
/Users/jy/BO/nutrigene-ai-bo-ipsec/.venv/lib/python3.11/site-packages/gpytorch/distributions/multivariate_normal.py:375: NumericalWarning: Negative variance values detected. This is likely due to numerical instabilities. Rounding negative variances up to 1e-10.
  warnings.warn(
/Users/jy/BO/nutrigene-ai-bo-ipsec/.venv/lib/python3.11/site-packages/gpytorch/distributions/multivariate_normal.py:375: NumericalWarning: Negative variance values detected. This is likely due to numerical instabilities. Rounding negative variances up to 1e-10.
  warnings.warn(
/Users/jy/BO/nutrigene-ai-bo-ipsec/.venv/lib/python3.11/site-packages/gpytorch/distributions/multivariate_normal.py:375: NumericalWarning: Negative variance values detected. This is likely due to numerical instabilities. Rounding negative variances up to 1e-10.
  warnings.warn(
/Users/jy/BO/nutrigene-ai-bo-ipsec/.venv/lib/python3.11/site-packages/gpytorch/distributions/multivariate_normal.py:375: NumericalWarning: Negative variance values detected. This is likely due to numerical instabilities. Rounding negative variances up to 1e-10.
  warnings.warn(
/Users/jy/BO/nutrigene-ai-bo-ipsec/.venv/lib/python3.11/site-packages/gpytorch/distributions/multivariate_normal.py:375: NumericalWarning: Negative variance values detected. This is likely due to numerical instabilities. Rounding negative variances up to 1e-10.
  warnings.warn(
/Users/jy/BO/nutrigene-ai-bo-ipsec/.venv/lib/python3.11/site-packages/gpytorch/distributions/multivariate_normal.py:375: NumericalWarning: Negative variance values detected. This is likely due to numerical instabilities. Rounding negative variances up to 1e-10.
  warnings.warn(
/Users/jy/BO/nutrigene-ai-bo-ipsec/.venv/lib/python3.11/site-packages/gpytorch/distributions/multivariate_normal.py:375: NumericalWarning: Negative variance values detected. This is likely due to numerical instabilities. Rounding negative variances up to 1e-10.
  warnings.warn(
/Users/jy/BO/nutrigene-ai-bo-ipsec/.venv/lib/python3.11/site-packages/gpytorch/distributions/multivariate_normal.py:375: NumericalWarning: Negative variance values detected. This is likely due to numerical instabilities. Rounding negative variances up to 1e-10.
  warnings.warn(
/Users/jy/BO/nutrigene-ai-bo-ipsec/.venv/lib/python3.11/site-packages/gpytorch/distributions/multivariate_normal.py:375: NumericalWarning: Negative variance values detected. This is likely due to numerical instabilities. Rounding negative variances up to 1e-10.
  warnings.warn(
/Users/jy/BO/nutrigene-ai-bo-ipsec/.venv/lib/python3.11/site-packages/gpytorch/distributions/multivariate_normal.py:375: NumericalWarning: Negative variance values detected. This is likely due to numerical instabilities. Rounding negative variances up to 1e-10.
  warnings.warn(
/Users/jy/BO/nutrigene-ai-bo-ipsec/.venv/lib/python3.11/site-packages/gpytorch/distributions/multivariate_normal.py:375: NumericalWarning: Negative variance values detected. This is likely due to numerical instabilities. Rounding negative variances up to 1e-10.
  warnings.warn(
/Users/jy/BO/nutrigene-ai-bo-ipsec/.venv/lib/python3.11/site-packages/gpytorch/distributions/multivariate_normal.py:375: NumericalWarning: Negative variance values detected. This is likely due to numerical instabilities. Rounding negative variances up to 1e-10.
  warnings.warn(
/Users/jy/BO/nutrigene-ai-bo-ipsec/.venv/lib/python3.11/site-packages/gpytorch/distributions/multivariate_normal.py:375: NumericalWarning: Negative variance values detected. This is likely due to numerical instabilities. Rounding negative variances up to 1e-10.
  warnings.warn(
/Users/jy/BO/nutrigene-ai-bo-ipsec/.venv/lib/python3.11/site-packages/gpytorch/distributions/multivariate_normal.py:375: NumericalWarning: Negative variance values detected. This is likely due to numerical instabilities. Rounding negative variances up to 1e-10.
  warnings.warn(
/Users/jy/BO/nutrigene-ai-bo-ipsec/.venv/lib/python3.11/site-packages/gpytorch/distributions/multivariate_normal.py:375: NumericalWarning: Negative variance values detected. This is likely due to numerical instabilities. Rounding negative variances up to 1e-10.
  warnings.warn(
/Users/jy/BO/nutrigene-ai-bo-ipsec/.venv/lib/python3.11/site-packages/gpytorch/distributions/multivariate_normal.py:375: NumericalWarning: Negative variance values detected. This is likely due to numerical instabilities. Rounding negative variances up to 1e-10.
  warnings.warn(
/Users/jy/BO/nutrigene-ai-bo-ipsec/.venv/lib/python3.11/site-packages/gpytorch/distributions/multivariate_normal.py:375: NumericalWarning: Negative variance values detected. This is likely due to numerical instabilities. Rounding negative variances up to 1e-10.
  warnings.warn(
/Users/jy/BO/nutrigene-ai-bo-ipsec/.venv/lib/python3.11/site-packages/gpytorch/distributions/multivariate_normal.py:375: NumericalWarning: Negative variance values detected. This is likely due to numerical instabilities. Rounding negative variances up to 1e-10.
  warnings.warn(
/Users/jy/BO/nutrigene-ai-bo-ipsec/.venv/lib/python3.11/site-packages/gpytorch/distributions/multivariate_normal.py:375: NumericalWarning: Negative variance values detected. This is likely due to numerical instabilities. Rounding negative variances up to 1e-10.
  warnings.warn(
/Users/jy/BO/nutrigene-ai-bo-ipsec/.venv/lib/python3.11/site-packages/gpytorch/distributions/multivariate_normal.py:375: NumericalWarning: Negative variance values detected. This is likely due to numerical instabilities. Rounding negative variances up to 1e-10.
  warnings.warn(
/Users/jy/BO/nutrigene-ai-bo-ipsec/.venv/lib/python3.11/site-packages/gpytorch/distributions/multivariate_normal.py:375: NumericalWarning: Negative variance values detected. This is likely due to numerical instabilities. Rounding negative variances up to 1e-10.
  warnings.warn(
/Users/jy/BO/nutrigene-ai-bo-ipsec/.venv/lib/python3.11/site-packages/gpytorch/distributions/multivariate_normal.py:375: NumericalWarning: Negative variance values detected. This is likely due to numerical instabilities. Rounding negative variances up to 1e-10.
  warnings.warn(
/Users/jy/BO/nutrigene-ai-bo-ipsec/.venv/lib/python3.11/site-packages/gpytorch/distributions/multivariate_normal.py:375: NumericalWarning: Negative variance values detected. This is likely due to numerical instabilities. Rounding negative variances up to 1e-10.
  warnings.warn(
/Users/jy/BO/nutrigene-ai-bo-ipsec/.venv/lib/python3.11/site-packages/gpytorch/distributions/multivariate_normal.py:375: NumericalWarning: Negative variance values detected. This is likely due to numerical instabilities. Rounding negative variances up to 1e-10.
  warnings.warn(
/Users/jy/BO/nutrigene-ai-bo-ipsec/.venv/lib/python3.11/site-packages/gpytorch/distributions/multivariate_normal.py:375: NumericalWarning: Negative variance values detected. This is likely due to numerical instabilities. Rounding negative variances up to 1e-10.
  warnings.warn(
/Users/jy/BO/nutrigene-ai-bo-ipsec/.venv/lib/python3.11/site-packages/gpytorch/distributions/multivariate_normal.py:375: NumericalWarning: Negative variance values detected. This is likely due to numerical instabilities. Rounding negative variances up to 1e-10.
  warnings.warn(
/Users/jy/BO/nutrigene-ai-bo-ipsec/.venv/lib/python3.11/site-packages/gpytorch/distributions/multivariate_normal.py:375: NumericalWarning: Negative variance values detected. This is likely due to numerical instabilities. Rounding negative variances up to 1e-10.
  warnings.warn(
/Users/jy/BO/nutrigene-ai-bo-ipsec/.venv/lib/python3.11/site-packages/gpytorch/distributions/multivariate_normal.py:375: NumericalWarning: Negative variance values detected. This is likely due to numerical instabilities. Rounding negative variances up to 1e-10.
  warnings.warn(
/Users/jy/BO/nutrigene-ai-bo-ipsec/.venv/lib/python3.11/site-packages/gpytorch/distributions/multivariate_normal.py:375: NumericalWarning: Negative variance values detected. This is likely due to numerical instabilities. Rounding negative variances up to 1e-10.
  warnings.warn(
/Users/jy/BO/nutrigene-ai-bo-ipsec/.venv/lib/python3.11/site-packages/gpytorch/distributions/multivariate_normal.py:375: NumericalWarning: Negative variance values detected. This is likely due to numerical instabilities. Rounding negative variances up to 1e-10.
  warnings.warn(
/Users/jy/BO/nutrigene-ai-bo-ipsec/.venv/lib/python3.11/site-packages/gpytorch/distributions/multivariate_normal.py:375: NumericalWarning: Negative variance values detected. This is likely due to numerical instabilities. Rounding negative variances up to 1e-10.
  warnings.warn(
/Users/jy/BO/nutrigene-ai-bo-ipsec/.venv/lib/python3.11/site-packages/gpytorch/distributions/multivariate_normal.py:375: NumericalWarning: Negative variance values detected. This is likely due to numerical instabilities. Rounding negative variances up to 1e-10.
  warnings.warn(
/Users/jy/BO/nutrigene-ai-bo-ipsec/.venv/lib/python3.11/site-packages/gpytorch/distributions/multivariate_normal.py:375: NumericalWarning: Negative variance values detected. This is likely due to numerical instabilities. Rounding negative variances up to 1e-10.
  warnings.warn(
/Users/jy/BO/nutrigene-ai-bo-ipsec/.venv/lib/python3.11/site-packages/gpytorch/distributions/multivariate_normal.py:375: NumericalWarning: Negative variance values detected. This is likely due to numerical instabilities. Rounding negative variances up to 1e-10.
  warnings.warn(
/Users/jy/BO/nutrigene-ai-bo-ipsec/.venv/lib/python3.11/site-packages/gpytorch/distributions/multivariate_normal.py:375: NumericalWarning: Negative variance values detected. This is likely due to numerical instabilities. Rounding negative variances up to 1e-10.
  warnings.warn(
/Users/jy/BO/nutrigene-ai-bo-ipsec/.venv/lib/python3.11/site-packages/gpytorch/distributions/multivariate_normal.py:375: NumericalWarning: Negative variance values detected. This is likely due to numerical instabilities. Rounding negative variances up to 1e-10.
  warnings.warn(
/Users/jy/BO/nutrigene-ai-bo-ipsec/.venv/lib/python3.11/site-packages/gpytorch/distributions/multivariate_normal.py:375: NumericalWarning: Negative variance values detected. This is likely due to numerical instabilities. Rounding negative variances up to 1e-10.
  warnings.warn(
/Users/jy/BO/nutrigene-ai-bo-ipsec/.venv/lib/python3.11/site-packages/gpytorch/distributions/multivariate_normal.py:375: NumericalWarning: Negative variance values detected. This is likely due to numerical instabilities. Rounding negative variances up to 1e-10.
  warnings.warn(
/Users/jy/BO/nutrigene-ai-bo-ipsec/.venv/lib/python3.11/site-packages/gpytorch/distributions/multivariate_normal.py:375: NumericalWarning: Negative variance values detected. This is likely due to numerical instabilities. Rounding negative variances up to 1e-10.
  warnings.warn(
/Users/jy/BO/nutrigene-ai-bo-ipsec/.venv/lib/python3.11/site-packages/gpytorch/distributions/multivariate_normal.py:375: NumericalWarning: Negative variance values detected. This is likely due to numerical instabilities. Rounding negative variances up to 1e-10.
  warnings.warn(
/Users/jy/BO/nutrigene-ai-bo-ipsec/.venv/lib/python3.11/site-packages/gpytorch/distributions/multivariate_normal.py:375: NumericalWarning: Negative variance values detected. This is likely due to numerical instabilities. Rounding negative variances up to 1e-10.
  warnings.warn(
/Users/jy/BO/nutrigene-ai-bo-ipsec/.venv/lib/python3.11/site-packages/gpytorch/distributions/multivariate_normal.py:375: NumericalWarning: Negative variance values detected. This is likely due to numerical instabilities. Rounding negative variances up to 1e-10.
  warnings.warn(
/Users/jy/BO/nutrigene-ai-bo-ipsec/.venv/lib/python3.11/site-packages/gpytorch/distributions/multivariate_normal.py:375: NumericalWarning: Negative variance values detected. This is likely due to numerical instabilities. Rounding negative variances up to 1e-10.
  warnings.warn(
/Users/jy/BO/nutrigene-ai-bo-ipsec/.venv/lib/python3.11/site-packages/gpytorch/distributions/multivariate_normal.py:375: NumericalWarning: Negative variance values detected. This is likely due to numerical instabilities. Rounding negative variances up to 1e-10.
  warnings.warn(
/Users/jy/BO/nutrigene-ai-bo-ipsec/.venv/lib/python3.11/site-packages/gpytorch/distributions/multivariate_normal.py:375: NumericalWarning: Negative variance values detected. This is likely due to numerical instabilities. Rounding negative variances up to 1e-10.
  warnings.warn(
/Users/jy/BO/nutrigene-ai-bo-ipsec/.venv/lib/python3.11/site-packages/gpytorch/distributions/multivariate_normal.py:375: NumericalWarning: Negative variance values detected. This is likely due to numerical instabilities. Rounding negative variances up to 1e-10.
  warnings.warn(
/Users/jy/BO/nutrigene-ai-bo-ipsec/.venv/lib/python3.11/site-packages/gpytorch/distributions/multivariate_normal.py:375: NumericalWarning: Negative variance values detected. This is likely due to numerical instabilities. Rounding negative variances up to 1e-10.
  warnings.warn(
/Users/jy/BO/nutrigene-ai-bo-ipsec/.venv/lib/python3.11/site-packages/gpytorch/distributions/multivariate_normal.py:375: NumericalWarning: Negative variance values detected. This is likely due to numerical instabilities. Rounding negative variances up to 1e-10.
  warnings.warn(
/Users/jy/BO/nutrigene-ai-bo-ipsec/.venv/lib/python3.11/site-packages/gpytorch/distributions/multivariate_normal.py:375: NumericalWarning: Negative variance values detected. This is likely due to numerical instabilities. Rounding negative variances up to 1e-10.
  warnings.warn(
/Users/jy/BO/nutrigene-ai-bo-ipsec/.venv/lib/python3.11/site-packages/gpytorch/distributions/multivariate_normal.py:375: NumericalWarning: Negative variance values detected. This is likely due to numerical instabilities. Rounding negative variances up to 1e-10.
  warnings.warn(
/Users/jy/BO/nutrigene-ai-bo-ipsec/.venv/lib/python3.11/site-packages/gpytorch/distributions/multivariate_normal.py:375: NumericalWarning: Negative variance values detected. This is likely due to numerical instabilities. Rounding negative variances up to 1e-10.
  warnings.warn(
/Users/jy/BO/nutrigene-ai-bo-ipsec/.venv/lib/python3.11/site-packages/gpytorch/distributions/multivariate_normal.py:375: NumericalWarning: Negative variance values detected. This is likely due to numerical instabilities. Rounding negative variances up to 1e-10.
  warnings.warn(
/Users/jy/BO/nutrigene-ai-bo-ipsec/.venv/lib/python3.11/site-packages/gpytorch/distributions/multivariate_normal.py:375: NumericalWarning: Negative variance values detected. This is likely due to numerical instabilities. Rounding negative variances up to 1e-10.
  warnings.warn(
/Users/jy/BO/nutrigene-ai-bo-ipsec/.venv/lib/python3.11/site-packages/gpytorch/distributions/multivariate_normal.py:375: NumericalWarning: Negative variance values detected. This is likely due to numerical instabilities. Rounding negative variances up to 1e-10.
  warnings.warn(
/Users/jy/BO/nutrigene-ai-bo-ipsec/.venv/lib/python3.11/site-packages/gpytorch/distributions/multivariate_normal.py:375: NumericalWarning: Negative variance values detected. This is likely due to numerical instabilities. Rounding negative variances up to 1e-10.
  warnings.warn(
/Users/jy/BO/nutrigene-ai-bo-ipsec/.venv/lib/python3.11/site-packages/gpytorch/distributions/multivariate_normal.py:375: NumericalWarning: Negative variance values detected. This is likely due to numerical instabilities. Rounding negative variances up to 1e-10.
  warnings.warn(
/Users/jy/BO/nutrigene-ai-bo-ipsec/.venv/lib/python3.11/site-packages/gpytorch/distributions/multivariate_normal.py:375: NumericalWarning: Negative variance values detected. This is likely due to numerical instabilities. Rounding negative variances up to 1e-10.
  warnings.warn(
/Users/jy/BO/nutrigene-ai-bo-ipsec/.venv/lib/python3.11/site-packages/gpytorch/distributions/multivariate_normal.py:375: NumericalWarning: Negative variance values detected. This is likely due to numerical instabilities. Rounding negative variances up to 1e-10.
  warnings.warn(
/Users/jy/BO/nutrigene-ai-bo-ipsec/.venv/lib/python3.11/site-packages/gpytorch/distributions/multivariate_normal.py:375: NumericalWarning: Negative variance values detected. This is likely due to numerical instabilities. Rounding negative variances up to 1e-10.
  warnings.warn(
/Users/jy/BO/nutrigene-ai-bo-ipsec/.venv/lib/python3.11/site-packages/gpytorch/distributions/multivariate_normal.py:375: NumericalWarning: Negative variance values detected. This is likely due to numerical instabilities. Rounding negative variances up to 1e-10.
  warnings.warn(
/Users/jy/BO/nutrigene-ai-bo-ipsec/.venv/lib/python3.11/site-packages/gpytorch/distributions/multivariate_normal.py:375: NumericalWarning: Negative variance values detected. This is likely due to numerical instabilities. Rounding negative variances up to 1e-10.
  warnings.warn(
/Users/jy/BO/nutrigene-ai-bo-ipsec/.venv/lib/python3.11/site-packages/gpytorch/distributions/multivariate_normal.py:375: NumericalWarning: Negative variance values detected. This is likely due to numerical instabilities. Rounding negative variances up to 1e-10.
  warnings.warn(
/Users/jy/BO/nutrigene-ai-bo-ipsec/.venv/lib/python3.11/site-packages/gpytorch/distributions/multivariate_normal.py:375: NumericalWarning: Negative variance values detected. This is likely due to numerical instabilities. Rounding negative variances up to 1e-10.
  warnings.warn(
/Users/jy/BO/nutrigene-ai-bo-ipsec/.venv/lib/python3.11/site-packages/gpytorch/distributions/multivariate_normal.py:375: NumericalWarning: Negative variance values detected. This is likely due to numerical instabilities. Rounding negative variances up to 1e-10.
  warnings.warn(
/Users/jy/BO/nutrigene-ai-bo-ipsec/.venv/lib/python3.11/site-packages/gpytorch/distributions/multivariate_normal.py:375: NumericalWarning: Negative variance values detected. This is likely due to numerical instabilities. Rounding negative variances up to 1e-10.
  warnings.warn(
/Users/jy/BO/nutrigene-ai-bo-ipsec/.venv/lib/python3.11/site-packages/gpytorch/distributions/multivariate_normal.py:375: NumericalWarning: Negative variance values detected. This is likely due to numerical instabilities. Rounding negative variances up to 1e-10.
  warnings.warn(
/Users/jy/BO/nutrigene-ai-bo-ipsec/.venv/lib/python3.11/site-packages/gpytorch/distributions/multivariate_normal.py:375: NumericalWarning: Negative variance values detected. This is likely due to numerical instabilities. Rounding negative variances up to 1e-10.
  warnings.warn(
/Users/jy/BO/nutrigene-ai-bo-ipsec/.venv/lib/python3.11/site-packages/gpytorch/distributions/multivariate_normal.py:375: NumericalWarning: Negative variance values detected. This is likely due to numerical instabilities. Rounding negative variances up to 1e-10.
  warnings.warn(
/Users/jy/BO/nutrigene-ai-bo-ipsec/.venv/lib/python3.11/site-packages/gpytorch/distributions/multivariate_normal.py:375: NumericalWarning: Negative variance values detected. This is likely due to numerical instabilities. Rounding negative variances up to 1e-10.
  warnings.warn(
  400/400

36/400 runs FAILED and are excluded (recorded in the json):
            quad/r2/warp: 36 — OptimizationGradientError: 57 elements of the 60 element gradient array `gradf` are NaN. This often indicates numerical issues. Consider using `dtype=torch.double`.

CELL 1 REPRODUCES E2: 50/50 runs to 1e-9.
Best cell #5 (quad/r1/nowarp); running the two out-of-cell checks.

====================================================================================================
EXPLORATORY 2^3 FACTORIAL — d=6, sigma=0.25.  NOT REGISTERED, NOT A RESULT.
====================================================================================================
 #                   cell  regret (median)                vs cell 1        p  ARD open    null        p
 1        const/r1/nowarp           0.1569                 baseline        —     0.992   0.966   0.4266
 2          const/r1/warp           0.1895  +0.0341 [+0.0134,+0.0561]   0.0061     1.016   0.977   0.0822
 3        const/r2/nowarp           0.1840  +0.0188 [-0.0042,+0.0422]   0.1336      DEAD       —        —
 4          const/r2/warp           0.1690  +0.0101 [-0.0150,+0.0368]   0.6338     1.000   0.998   0.0087
 5         quad/r1/nowarp           0.1468  -0.0093 [-0.0303,+0.0129]   0.3123      DEAD       —        —
 6           quad/r1/warp           0.1644  +0.0153 [-0.0116,+0.0435]   0.3810      DEAD       —        —
 7         quad/r2/nowarp           0.1969  +0.0314 [+0.0047,+0.0573]   0.0203      DEAD       —        —
Traceback (most recent call last):
  File "/Users/jy/BO/nutrigene-ai-bo-ipsec/scripts/exploratory_three_factor.py", line 369, in <module>
    main()
  File "/Users/jy/BO/nutrigene-ai-bo-ipsec/scripts/exploratory_three_factor.py", line 365, in main
    report(rows)
  File "/Users/jy/BO/nutrigene-ai-bo-ipsec/scripts/exploratory_three_factor.py", line 213, in report
    d_ = r - base
         ~~^~~~~~
ValueError: operands could not be broadcast together with shapes (11,) (25,) 
