commit,date,subject,research_era,purpose,important_files,conclusion_status,superseding_commit,paper_relevance,audit_notes
6e4f22edd25ca080dab081f416bada10fccb7418,2026-09-01,feat: redesign SPADE figures for publication and presentation,UNREVIEWED,UNREVIEWED,UNREVIEWED,UNREVIEWED,UNREVIEWED,UNREVIEWED,UNREVIEWED
9d88dc454e85396db64d531a4b044a9ca1ddca18,2026-08-31,"Scoreboard: the whole result at a glance, with the language guard",UNREVIEWED,UNREVIEWED,UNREVIEWED,UNREVIEWED,UNREVIEWED,UNREVIEWED,UNREVIEWED
549a4515e7f9544a5083c0432f2bbbb180033f94,2026-08-31,"Propagate DC: parity confirmed in one process, DoE claim now measured",UNREVIEWED,UNREVIEWED,UNREVIEWED,UNREVIEWED,UNREVIEWED,UNREVIEWED,UNREVIEWED
843a44fbf0cd5a90237f9314e4266ada77394720,2026-08-31,DC RESULT: DC-1 PASSES -- DoE cannot certify; its failure is over-confidence,UNREVIEWED,UNREVIEWED,UNREVIEWED,UNREVIEWED,UNREVIEWED,UNREVIEWED,UNREVIEWED
352563dffa356d499e3a0391d45bcfa108f75dc9,2026-08-30,"DC analyser, frozen while the run is in flight",UNREVIEWED,UNREVIEWED,UNREVIEWED,UNREVIEWED,UNREVIEWED,UNREVIEWED,UNREVIEWED
96be936f8113736500df6365c87da45d0c52d4e0,2026-08-30,CORRECTION: the BO drift is not significant; my 4-cell alarm was wrong,UNREVIEWED,UNREVIEWED,UNREVIEWED,UNREVIEWED,UNREVIEWED,UNREVIEWED,UNREVIEWED
58faefaecf4f8e1257e4941dd9d60c0d8e969e0c,2026-08-30,DC amendment: the BO arm has DRIFTED; LC's parity claim is provisional,UNREVIEWED,UNREVIEWED,UNREVIEWED,UNREVIEWED,UNREVIEWED,UNREVIEWED,UNREVIEWED
8568a449ccf261a3ea19fb9caacd67d761c3f2ac,2026-08-30,DC: frozen gate -- can classical DoE certify a design space at all?,UNREVIEWED,UNREVIEWED,UNREVIEWED,UNREVIEWED,UNREVIEWED,UNREVIEWED,UNREVIEWED
270a4a4a276207b6b065296b0303729796e91472,2026-08-30,Propagate the TT result; correct the rho-estimand error at its source,UNREVIEWED,UNREVIEWED,UNREVIEWED,UNREVIEWED,UNREVIEWED,UNREVIEWED,UNREVIEWED
bdd9f52438d11b32eaa35405608e64ca0b486de3,2026-08-30,TT RESULT: correct targeting FAILS both gates -- KF-3 vindicated,UNREVIEWED,UNREVIEWED,UNREVIEWED,UNREVIEWED,UNREVIEWED,UNREVIEWED,UNREVIEWED
5983bad6ebe6d84669b68ae1b34df7f29b33ec4c,2026-08-30,"TT analyser and runner, frozen before the data",UNREVIEWED,UNREVIEWED,UNREVIEWED,UNREVIEWED,UNREVIEWED,UNREVIEWED,UNREVIEWED
706ebf0095001fd7a79a9a3902b12d5074637735,2026-08-30,gitignore: pin the TT results before they are written,UNREVIEWED,UNREVIEWED,UNREVIEWED,UNREVIEWED,UNREVIEWED,UNREVIEWED,UNREVIEWED
c6c034c1bf337c1c51f9d3660c0a6d40c12b7a33,2026-08-30,TT: frozen gate -- does SPADE's mechanism work when correctly aimed?,UNREVIEWED,UNREVIEWED,UNREVIEWED,UNREVIEWED,UNREVIEWED,UNREVIEWED,UNREVIEWED
f0164bd62ee7103e5f289ddd0ba93be93cc3f5c4,2026-08-30,"SPADE is the paper: write the argument, demote the terminal-rule study",UNREVIEWED,UNREVIEWED,UNREVIEWED,UNREVIEWED,UNREVIEWED,UNREVIEWED,UNREVIEWED
b29f4eb9e07a754b6aa4c428fa40d3177cfc23f4,2026-08-30,Design: SPADE becomes the paper's argument; terminal-rule demoted to companion,UNREVIEWED,UNREVIEWED,UNREVIEWED,UNREVIEWED,UNREVIEWED,UNREVIEWED,UNREVIEWED
b93061b06257b4b932a41fc56ee0b300bd0bbc16,2026-08-30,Flag three PRE-EXISTING replay reproduction failures on main,UNREVIEWED,UNREVIEWED,UNREVIEWED,UNREVIEWED,UNREVIEWED,UNREVIEWED,UNREVIEWED
38b26bd2310827140e876c55ccd412625edb7eb6,2026-08-30,Merge remote-tracking branch 'origin/main' into kr-effective-resolution,UNREVIEWED,UNREVIEWED,UNREVIEWED,UNREVIEWED,UNREVIEWED,UNREVIEWED,UNREVIEWED
fb6000eb6004882d8b6203a58c2f2db4e5f005e6,2026-08-30,Handoff: record the verified state,UNREVIEWED,UNREVIEWED,UNREVIEWED,UNREVIEWED,UNREVIEWED,UNREVIEWED,UNREVIEWED
2a9c23ea1bd7f74c745d9ecab704c43114641ca7,2026-08-30,Guard: machine-check that the conclusions reproduce from committed data,UNREVIEWED,UNREVIEWED,UNREVIEWED,UNREVIEWED,UNREVIEWED,UNREVIEWED,UNREVIEWED
ae9ecc062f7e76539940bad75da76a02707dfd7a,2026-08-30,"Connect the docs: current handoff, superseded notices, precise data refs",UNREVIEWED,UNREVIEWED,UNREVIEWED,UNREVIEWED,UNREVIEWED,UNREVIEWED,UNREVIEWED
b5a5bfeb8aa7dbc101bb22162a1c2439dec8c19e,2026-08-29,"Conclusions as of 2026-08-29: what stands, what was withdrawn, and how",UNREVIEWED,UNREVIEWED,UNREVIEWED,UNREVIEWED,UNREVIEWED,UNREVIEWED,UNREVIEWED
0728d0780b28b5b33e9ae8eca47cd62f62b651c7,2026-08-29,ACK-1 FAILS: theta cancels out of the acquisition. Root cause retracted.,UNREVIEWED,UNREVIEWED,UNREVIEWED,UNREVIEWED,UNREVIEWED,UNREVIEWED,UNREVIEWED
6947c810da2e293d5f425a2a67a3410b215f9b07,2026-08-29,"ACK: root cause of the ackley loss, fix, and frozen gate",UNREVIEWED,UNREVIEWED,UNREVIEWED,UNREVIEWED,UNREVIEWED,UNREVIEWED,UNREVIEWED
0ff1e309b4e15dbb403086b0b1c95ac2f9487c66,2026-08-29,"TAU at 64 seeds: TAU-2 PASSES -- hill certifies, scope restriction lifted",UNREVIEWED,UNREVIEWED,UNREVIEWED,UNREVIEWED,UNREVIEWED,UNREVIEWED,UNREVIEWED
101799f1b09cec662ea739144e741b1e1b5b54e7,2026-08-29,"TAU RESULT at 32 seeds: TAU-1 and TAU-3 pass, TAU-2 fails on n",UNREVIEWED,UNREVIEWED,UNREVIEWED,UNREVIEWED,UNREVIEWED,UNREVIEWED,UNREVIEWED
f696567e47dafe9fd1efefcaf7d0922704ee20e5,2026-08-29,gitignore: pin the TAU sweep results before they are written,UNREVIEWED,UNREVIEWED,UNREVIEWED,UNREVIEWED,UNREVIEWED,UNREVIEWED,UNREVIEWED
cb9e391f27aa4f140d4e839b0a4ab339e76cbf21,2026-08-29,"TAU runner and analyser, frozen before the data",UNREVIEWED,UNREVIEWED,UNREVIEWED,UNREVIEWED,UNREVIEWED,UNREVIEWED,UNREVIEWED
0c21304dfbb471ce7709e49933b6f7d8c8164ed4,2026-08-29,"TAU: pre-registration, frozen before any TAU data exists",UNREVIEWED,UNREVIEWED,UNREVIEWED,UNREVIEWED,UNREVIEWED,UNREVIEWED,UNREVIEWED
7d0e519607fdb4e60a26a44aab35c3581471caad,2026-08-29,LC at 32 seeds + root cause for hill saturation,UNREVIEWED,UNREVIEWED,UNREVIEWED,UNREVIEWED,UNREVIEWED,UNREVIEWED,UNREVIEWED
cf80ac12a79c389540df517423bc31746fe96648,2026-08-29,"LC RESULT: the headline is withdrawn, and hill saturates",UNREVIEWED,UNREVIEWED,UNREVIEWED,UNREVIEWED,UNREVIEWED,UNREVIEWED,UNREVIEWED
942eae328eadc5a8e2dfe0d061fb5fdd49f1146f,2026-08-29,"LC analyser: leave-one-seed-out, labelled post-hoc",UNREVIEWED,UNREVIEWED,UNREVIEWED,UNREVIEWED,UNREVIEWED,UNREVIEWED,UNREVIEWED
a64e3a4e38f8ec9fae89e9eb41f4ba2b58cd43f5,2026-08-29,"LC analyser, frozen with the spec and before the data",UNREVIEWED,UNREVIEWED,UNREVIEWED,UNREVIEWED,UNREVIEWED,UNREVIEWED,UNREVIEWED
19f845a7f7757b0c985b365ceb1ecbe69b984b61,2026-08-29,"LC: pre-registration, frozen before the data lands",UNREVIEWED,UNREVIEWED,UNREVIEWED,UNREVIEWED,UNREVIEWED,UNREVIEWED,UNREVIEWED
afe04a9e5c9baabde46066f0c612904c2bb9dd1e,2026-08-29,"LB non-monotonicity: examined, and it is not noise",UNREVIEWED,UNREVIEWED,UNREVIEWED,UNREVIEWED,UNREVIEWED,UNREVIEWED,UNREVIEWED
8c5219798256fac933874606b7e90d2d3f12cf20,2026-08-29,"LC: --resume so a reboot costs minutes, not hours",UNREVIEWED,UNREVIEWED,UNREVIEWED,UNREVIEWED,UNREVIEWED,UNREVIEWED,UNREVIEWED
07ae40eb8723cfc76f6f85d4342c8b573e291bfb,2026-08-29,"Handoff doc: safe to restart, with LC relaunch commands",UNREVIEWED,UNREVIEWED,UNREVIEWED,UNREVIEWED,UNREVIEWED,UNREVIEWED,UNREVIEWED
3bab48f1ae27b97bab758eee99c5f8d7c427ec39,2026-08-29,LC: the confirmatory run the headline needs,UNREVIEWED,UNREVIEWED,UNREVIEWED,UNREVIEWED,UNREVIEWED,UNREVIEWED,UNREVIEWED
aafa65c678c8f2896359a09d999d5fe5daccaef1,2026-08-29,"Headline: SPADE at 5 rounds matches qLogNEI at 10 on regret, and certifies where it cannot",UNREVIEWED,UNREVIEWED,UNREVIEWED,UNREVIEWED,UNREVIEWED,UNREVIEWED,UNREVIEWED
2cad89f8f46f045e60b0565bbf328f4ae72a4422,2026-08-29,LB RESULT: LB-1 PASSES -- SPADE beats qLogNEI on certified volume at matched rounds,UNREVIEWED,UNREVIEWED,UNREVIEWED,UNREVIEWED,UNREVIEWED,UNREVIEWED,UNREVIEWED
10970c3bb64f0dc842387fdd680febba37a4d69c,2026-08-28,Probe: SUR vs the straddle proxies it was meant to stand in for,UNREVIEWED,UNREVIEWED,UNREVIEWED,UNREVIEWED,UNREVIEWED,UNREVIEWED,UNREVIEWED
458ff424614fefdcc23415f6837889043c9ac978,2026-08-28,"Implement SUR on certified volume -- the objective itself, not a proxy",UNREVIEWED,UNREVIEWED,UNREVIEWED,UNREVIEWED,UNREVIEWED,UNREVIEWED,UNREVIEWED
02b899120bf9b96f6196839a22fb0aa00a601720,2026-08-28,"LB runner: SPADE vs qLogNEI at matched round counts 2,3,4,5",UNREVIEWED,UNREVIEWED,UNREVIEWED,UNREVIEWED,UNREVIEWED,UNREVIEWED,UNREVIEWED
4411e5e8ed96c76190680dfb8c67f51b5ec20db2,2026-08-28,Pre-register LB: SPADE vs qLogNEI at every matched round count,UNREVIEWED,UNREVIEWED,UNREVIEWED,UNREVIEWED,UNREVIEWED,UNREVIEWED,UNREVIEWED
29cbe48447948516fe05f82306ef27ccb628290c,2026-08-28,"LA RESULT: KX's margin was ALL round count, and SPADE wins on regret at matched rounds",UNREVIEWED,UNREVIEWED,UNREVIEWED,UNREVIEWED,UNREVIEWED,UNREVIEWED,UNREVIEWED
c6e5f3323dd2da09c74e66e43748dbddcb243ab4,2026-08-28,Add multi-round SPADE: spend the same wells across more adaptive rounds,UNREVIEWED,UNREVIEWED,UNREVIEWED,UNREVIEWED,UNREVIEWED,UNREVIEWED,UNREVIEWED
9da0e36d91ac6b89d48637c02fcc8284dbe719a8,2026-08-28,"LA analyser, written before its data lands",UNREVIEWED,UNREVIEWED,UNREVIEWED,UNREVIEWED,UNREVIEWED,UNREVIEWED,UNREVIEWED
f0917ac2b18402ad0b4cb7d2758f793dfc0d63bb,2026-08-28,"KZ-2: finite set gives 2.9x answers at identical containment (sigma=0.25), 0% above it",UNREVIEWED,UNREVIEWED,UNREVIEWED,UNREVIEWED,UNREVIEWED,UNREVIEWED,UNREVIEWED
91b32387c4d3cf2c67d30623f6a3234a0a9e0d16,2026-08-28,Add the rho-contour arm to LA -- the acquisition fix the certificate actually needs,UNREVIEWED,UNREVIEWED,UNREVIEWED,UNREVIEWED,UNREVIEWED,UNREVIEWED,UNREVIEWED
83a611251bfec57128ee1b5f4cf276909a471752,2026-08-28,LA runner: round-matched benchmark,UNREVIEWED,UNREVIEWED,UNREVIEWED,UNREVIEWED,UNREVIEWED,UNREVIEWED,UNREVIEWED
4cbe17e0919e4baa66e9117b96c70420c4ac2bfc,2026-08-28,Pre-register LA: the round-matched benchmark KX failed to control,UNREVIEWED,UNREVIEWED,UNREVIEWED,UNREVIEWED,UNREVIEWED,UNREVIEWED,UNREVIEWED
fe24b284bb4c5a3f4dc4bacec8315ccf63932b5a,2026-08-28,KX RESULT: KX-1 FAILS -- qLogNEI's certificate beats SPADE's,UNREVIEWED,UNREVIEWED,UNREVIEWED,UNREVIEWED,UNREVIEWED,UNREVIEWED,UNREVIEWED
b1a50695a0ab5480126e0abec9479321dc167e0f,2026-08-28,docs: archive meanmarg manufacturing gate FAIL (0 survivors),UNREVIEWED,UNREVIEWED,UNREVIEWED,UNREVIEWED,UNREVIEWED,UNREVIEWED,UNREVIEWED
9ce0e066cf7a67b83ebf5777e50c77d4ff85b575,2026-08-28,chore: commit multi-CQA audit artifacts and meanmarg gate shard,UNREVIEWED,UNREVIEWED,UNREVIEWED,UNREVIEWED,UNREVIEWED,UNREVIEWED,UNREVIEWED
57e0749fe134a7d3b99075efdd251e476edff34d,2026-08-28,feat(spade): wire multi-CQA to meanmarg and fix lockbox freeze hash,UNREVIEWED,UNREVIEWED,UNREVIEWED,UNREVIEWED,UNREVIEWED,UNREVIEWED,UNREVIEWED
1b884ba5fd30e1b0cea347d2886df45fd34fb594,2026-08-27,docs: plan SPADE EC differentiation roadmap,UNREVIEWED,UNREVIEWED,UNREVIEWED,UNREVIEWED,UNREVIEWED,UNREVIEWED,UNREVIEWED
11b405f09a6ebb7eceade4cccb7efad536c18142,2026-08-27,feat: register multi-CQA safety benchmark,UNREVIEWED,UNREVIEWED,UNREVIEWED,UNREVIEWED,UNREVIEWED,UNREVIEWED,UNREVIEWED
84e8aab0f6776b42d8e8c6231a08feb0aaef92f5,2026-08-27,fix: score multi-CQA certificates on candidate grid,UNREVIEWED,UNREVIEWED,UNREVIEWED,UNREVIEWED,UNREVIEWED,UNREVIEWED,UNREVIEWED
40ce691ea67b58ea759065ed47dd2372b2efd86d,2026-08-27,chore: register synthetic multi-CQA configuration,UNREVIEWED,UNREVIEWED,UNREVIEWED,UNREVIEWED,UNREVIEWED,UNREVIEWED,UNREVIEWED
26b32f111b751d1f64a65d2f4067b63f8d8db807,2026-08-27,feat: intersect multi-CQA SPADE certificates,UNREVIEWED,UNREVIEWED,UNREVIEWED,UNREVIEWED,UNREVIEWED,UNREVIEWED,UNREVIEWED
dff088ef05ed0991faf19cf8eba8cfc6143421e2,2026-08-27,docs: plan multi-CQA qualification implementation,UNREVIEWED,UNREVIEWED,UNREVIEWED,UNREVIEWED,UNREVIEWED,UNREVIEWED,UNREVIEWED
25e0ef69c780b1a4ead0ea52070f466db7f26603,2026-08-27,docs: design SPADE multi-CQA qualification,UNREVIEWED,UNREVIEWED,UNREVIEWED,UNREVIEWED,UNREVIEWED,UNREVIEWED,UNREVIEWED
98b265037a20e3f70fea0ff0d492e189d98e1b81,2026-08-28,docs: note floor-1.5 gate FAIL and meanmarg cutover,UNREVIEWED,UNREVIEWED,UNREVIEWED,UNREVIEWED,UNREVIEWED,UNREVIEWED,UNREVIEWED
31cd02f6ee96efb00ca081d47ca9fc0019b3d3b7,2026-08-28,docs: record floor-1.5 gate FAIL; start meanmarg recovery digest,UNREVIEWED,UNREVIEWED,UNREVIEWED,UNREVIEWED,UNREVIEWED,UNREVIEWED,UNREVIEWED
e5a65905753e3dd6910dd8d35b496547c974ac05,2026-08-28,RETRACT section 6.4: the finite-set estimand buys nothing on real data,UNREVIEWED,UNREVIEWED,UNREVIEWED,UNREVIEWED,UNREVIEWED,UNREVIEWED,UNREVIEWED
1bb9bc861af4b6f6609773c1d65a4bee82edad90,2026-08-28,Run the fully-corrected SPADE on both real datasets,UNREVIEWED,UNREVIEWED,UNREVIEWED,UNREVIEWED,UNREVIEWED,UNREVIEWED,UNREVIEWED
11e041c493e2edbc5fb7b4d74b34e4a532639c95,2026-08-28,KY RESULT: hyperparameter mixing does NOT break the saturation,UNREVIEWED,UNREVIEWED,UNREVIEWED,UNREVIEWED,UNREVIEWED,UNREVIEWED,UNREVIEWED
60f32bb7ad034b3f9a208df1106fe0aa2608b097,2026-08-27,"Commit the data behind the doc, and put the numbers back in it",UNREVIEWED,UNREVIEWED,UNREVIEWED,UNREVIEWED,UNREVIEWED,UNREVIEWED,UNREVIEWED
2525395864c172285be7a613a25976206127fd32,2026-08-27,Rewrite the state-of-the-method doc in plain English,UNREVIEWED,UNREVIEWED,UNREVIEWED,UNREVIEWED,UNREVIEWED,UNREVIEWED,UNREVIEWED
b40c48ac8b6bff85c8e9da0f8f81d67487557f31,2026-08-27,"State-of-the-method doc: what changed, what is new, what SPADE lacks",UNREVIEWED,UNREVIEWED,UNREVIEWED,UNREVIEWED,UNREVIEWED,UNREVIEWED,UNREVIEWED
dd2fb144290ecab6dbd751e00dc6a4bce9c8d5a0,2026-08-27,chore: ignore watchdog-quarantined wrong-digest shards,UNREVIEWED,UNREVIEWED,UNREVIEWED,UNREVIEWED,UNREVIEWED,UNREVIEWED,UNREVIEWED
c8b9c82d48427bc68e8be1aaba88b9cc533930b4,2026-08-27,KZ RESULT: the region certificate is VACUOUS at real cell-manufacturing noise,UNREVIEWED,UNREVIEWED,UNREVIEWED,UNREVIEWED,UNREVIEWED,UNREVIEWED,UNREVIEWED
a3b8647c195ed856bccbae7c36faec648fe3a11e,2026-08-27,Pre-register KZ: does plate-2 targeting survive REAL cell-manufacturing noise?,UNREVIEWED,UNREVIEWED,UNREVIEWED,UNREVIEWED,UNREVIEWED,UNREVIEWED,UNREVIEWED
d6652e01077c5ca18dfb802e8f09a75fd06cf196,2026-08-27,Certify the PUBLISHED Hall/Ogle iPSC-EC ECM data -- the collapse defect replicates,UNREVIEWED,UNREVIEWED,UNREVIEWED,UNREVIEWED,UNREVIEWED,UNREVIEWED,UNREVIEWED
7cd3bcf35e39c7e145a8248e506cad77b2327f2c,2026-08-27,feat(spade): wire Joseph mean-marginalisation into manufacturing recovery,UNREVIEWED,UNREVIEWED,UNREVIEWED,UNREVIEWED,UNREVIEWED,UNREVIEWED,UNREVIEWED
94775ae8d67f254656fb3ade63a912dd6ab89154,2026-08-27,Pre-register KY and add boec.hypermix: attack the bias inflation cannot reach,UNREVIEWED,UNREVIEWED,UNREVIEWED,UNREVIEWED,UNREVIEWED,UNREVIEWED,UNREVIEWED
5235f5541ba7a910ec3c09eefa06051edf5d5970,2026-08-27,merge: integrate kr-effective-resolution (Joseph) with manufacturing recovery,UNREVIEWED,UNREVIEWED,UNREVIEWED,UNREVIEWED,UNREVIEWED,UNREVIEWED,UNREVIEWED
aa012032ed34e85681da8d253e4ebcb642d6af59,2026-08-27,"FIX open item 3: calibrate c on the real assay by LOO, no new experiments",UNREVIEWED,UNREVIEWED,UNREVIEWED,UNREVIEWED,UNREVIEWED,UNREVIEWED,UNREVIEWED
665e4f094c5d965ba6b3012702e2bfcb7857b063,2026-08-27,"Measure the meanmarg defect in BOTH directions: 1% on benchmarks, 484x on real cells",UNREVIEWED,UNREVIEWED,UNREVIEWED,UNREVIEWED,UNREVIEWED,UNREVIEWED,UNREVIEWED
e8150426874165b8382763671fde57d4854d4993,2026-08-27,fix: register LOO-tail inflation floor c=1.5 for SPADE certificates,UNREVIEWED,UNREVIEWED,UNREVIEWED,UNREVIEWED,UNREVIEWED,UNREVIEWED,UNREVIEWED
0e36593e9c567413b30a9c996e3309d2bdd4aad3,2026-08-27,Widen the real-data threshold sweep downward,UNREVIEWED,UNREVIEWED,UNREVIEWED,UNREVIEWED,UNREVIEWED,UNREVIEWED,UNREVIEWED
10e6f55ccaa3e708736955c13173ede75eece746,2026-08-27,Record the real iPSC-EC certification result and its limits,UNREVIEWED,UNREVIEWED,UNREVIEWED,UNREVIEWED,UNREVIEWED,UNREVIEWED,UNREVIEWED
a261b0ac8e2aea3e8f4a5f2b0312bb8517cab902,2026-08-27,Fix posterior collapse on noise-dominated data; caught on the real iPSC-EC cells,UNREVIEWED,UNREVIEWED,UNREVIEWED,UNREVIEWED,UNREVIEWED,UNREVIEWED,UNREVIEWED
f7f03beaf9f7edb38e35e438ace15e8c1bdf7e6c,2026-08-27,"KT-7 RESULT: 7a FAILS, and the failure explains the open question",UNREVIEWED,UNREVIEWED,UNREVIEWED,UNREVIEWED,UNREVIEWED,UNREVIEWED,UNREVIEWED
b78eaa21e4f08ace6960cc52ad9e055b3f9bdc8e,2026-08-27,Document the selection effect in certified_topk before it reaches a paper,UNREVIEWED,UNREVIEWED,UNREVIEWED,UNREVIEWED,UNREVIEWED,UNREVIEWED,UNREVIEWED
fa6bb872cb032537b45c64dee5f83e2bb6c275aa,2026-08-27,ERRATUM section 7: the published 0.9377 bound pools SPADE with its own controls,UNREVIEWED,UNREVIEWED,UNREVIEWED,UNREVIEWED,UNREVIEWED,UNREVIEWED,UNREVIEWED
a22f6bc0a8ed0156121de97fa1ce83935c06e994,2026-08-27,"Amend KX before reading any result: narrow grid, 30 seeds, add finite-set estimand",UNREVIEWED,UNREVIEWED,UNREVIEWED,UNREVIEWED,UNREVIEWED,UNREVIEWED,UNREVIEWED
bf4845bb462252829dec3edab55eb1e845b7fdba,2026-08-27,"Add finite-set certification: certify formulations, not a region",UNREVIEWED,UNREVIEWED,UNREVIEWED,UNREVIEWED,UNREVIEWED,UNREVIEWED,UNREVIEWED
f4344af03871dc1fca7a8ec74d54dad57815a2ff,2026-08-27,"KX runner + analyser, and KT-7 analyser, all written before their data",UNREVIEWED,UNREVIEWED,UNREVIEWED,UNREVIEWED,UNREVIEWED,UNREVIEWED,UNREVIEWED
08b9650d630c488a78e655f9459b3c2ca1ed9278,2026-08-27,Pre-register KX: SPADE vs all comparators at matched calibration,UNREVIEWED,UNREVIEWED,UNREVIEWED,UNREVIEWED,UNREVIEWED,UNREVIEWED,UNREVIEWED
9f90ee3cb1e61f63cd12bb1cd264f56d2533ecaf,2026-08-27,RETRACT section 9: the SNR explanation does not survive expansion,UNREVIEWED,UNREVIEWED,UNREVIEWED,UNREVIEWED,UNREVIEWED,UNREVIEWED,UNREVIEWED
0f9dcd46bd43cdd3c27ff4f17dca9695b1472680,2026-08-27,"Answer why some families certify and others cannot -- it is the noise model, not the landscape",UNREVIEWED,UNREVIEWED,UNREVIEWED,UNREVIEWED,UNREVIEWED,UNREVIEWED,UNREVIEWED
4ece249b830493918364d6428ba2366a8957e0ca,2026-08-27,Register KT-7 before its run: the alpha-generality test and a named hard limit,UNREVIEWED,UNREVIEWED,UNREVIEWED,UNREVIEWED,UNREVIEWED,UNREVIEWED,UNREVIEWED
bdd6ec79e8174c1c865b60fab83bfde3b8d8d8f5,2026-08-27,fix: LOO tail inflation for SPADE manufacturing certificates,UNREVIEWED,UNREVIEWED,UNREVIEWED,UNREVIEWED,UNREVIEWED,UNREVIEWED,UNREVIEWED
5ff42cba56f5296d8eb0d217d9883e0a88141b62,2026-08-27,"Corrections to the KW-4 claims, found by stress-testing my own result",UNREVIEWED,UNREVIEWED,UNREVIEWED,UNREVIEWED,UNREVIEWED,UNREVIEWED,UNREVIEWED
797add6e4ce3a06f9dc3abc70673b58ec31f3a84,2026-08-27,"KW result: KW-1/KW-2 FAIL, but KW-4 PASSES once inflation supplies the honesty",UNREVIEWED,UNREVIEWED,UNREVIEWED,UNREVIEWED,UNREVIEWED,UNREVIEWED,UNREVIEWED
28174eee29c75ef8261e81240ab6a488e24524d9,2026-08-27,KT-5 (Lever B) PASSES: a single dimensionless inflation factor transfers across families,UNREVIEWED,UNREVIEWED,UNREVIEWED,UNREVIEWED,UNREVIEWED,UNREVIEWED,UNREVIEWED
1b75d50fa440c77898d5075413cc9a827d2c3b05,2026-08-27,"Bagged certification: intersect certified regions across bootstrap refits, TDD",UNREVIEWED,UNREVIEWED,UNREVIEWED,UNREVIEWED,UNREVIEWED,UNREVIEWED,UNREVIEWED
22249963ea95d173734cd158cb5584f230eee267,2026-08-27,Erratum (mine): the gamma loop was 6x redundant in the KW/KT-B runners,UNREVIEWED,UNREVIEWED,UNREVIEWED,UNREVIEWED,UNREVIEWED,UNREVIEWED,UNREVIEWED
ed0ccf9ce911e2c70f26131cdcab0d21f57f0a1e,2026-08-27,"KW: selection-blind covariance, TDD, plus its runner",UNREVIEWED,UNREVIEWED,UNREVIEWED,UNREVIEWED,UNREVIEWED,UNREVIEWED,UNREVIEWED
09275d7f2c4ab78a7d323ef1c876ae8e8f0d6f8b,2026-08-27,Freeze SPADE-SELECTION-BLIND-SPEC.md (KW) before any KW result exists,UNREVIEWED,UNREVIEWED,UNREVIEWED,UNREVIEWED,UNREVIEWED,UNREVIEWED,UNREVIEWED
de46417e2b58987f338ec429fc37f3be390d129c,2026-08-27,"KV result: KV-1 FAILS, the post-hoc finding did NOT replicate, KV-6 fires",UNREVIEWED,UNREVIEWED,UNREVIEWED,UNREVIEWED,UNREVIEWED,UNREVIEWED,UNREVIEWED
291935b9065406517ebf1f30248bb9569931e893,2026-08-27,"KV amendment 4a: degenerate-fit exclusion, on a mathematical identity, before any gate was read",UNREVIEWED,UNREVIEWED,UNREVIEWED,UNREVIEWED,UNREVIEWED,UNREVIEWED,UNREVIEWED
8ba4472b82c1179a568d4f4f6ad5777cedff6627,2026-08-27,"KU result: KU-1 PASSES pooled, KU-2 FAILS, and an incidental finding larger than both",UNREVIEWED,UNREVIEWED,UNREVIEWED,UNREVIEWED,UNREVIEWED,UNREVIEWED,UNREVIEWED
b951d389c33c0a2040efddb9964a9590f9dc8be4,2026-08-27,"KU analyser, written before KU's data exists",UNREVIEWED,UNREVIEWED,UNREVIEWED,UNREVIEWED,UNREVIEWED,UNREVIEWED,UNREVIEWED
fb0bb299964a237fb84a65c0b922d84041189898,2026-08-27,"KV analyser, written before KV's data exists",UNREVIEWED,UNREVIEWED,UNREVIEWED,UNREVIEWED,UNREVIEWED,UNREVIEWED,UNREVIEWED
25d4ac8550f98fee5d8f144a22bea279e674896f,2026-08-27,"KV runner: add the map-error column KV-4 gates on, before the real run",UNREVIEWED,UNREVIEWED,UNREVIEWED,UNREVIEWED,UNREVIEWED,UNREVIEWED,UNREVIEWED
2aff39d46f79999a9ee48fb2c93c7d22e2c891d6,2026-08-27,KV 7a: scope fixed before the run from the firewalled pilot,UNREVIEWED,UNREVIEWED,UNREVIEWED,UNREVIEWED,UNREVIEWED,UNREVIEWED,UNREVIEWED
d9f371ed85895ae97d66206cda270f88c5c579fe,2026-08-27,"KV arm: _two_plate mode='cert', plus a guard for a live silent-fallthrough defect",UNREVIEWED,UNREVIEWED,UNREVIEWED,UNREVIEWED,UNREVIEWED,UNREVIEWED,UNREVIEWED
0bb34725366022abad01d9309b4accead0b646b3,2026-08-27,"KU erratum 5c: pilot cost estimate wrong by ~5x, recorded before the result",UNREVIEWED,UNREVIEWED,UNREVIEWED,UNREVIEWED,UNREVIEWED,UNREVIEWED,UNREVIEWED
e6f02757d218056fd006913f4f22ac34c33bfa49,2026-08-26,"chore: harden LOO+Vmax recovery with tests, docs, and durable watchdog",UNREVIEWED,UNREVIEWED,UNREVIEWED,UNREVIEWED,UNREVIEWED,UNREVIEWED,UNREVIEWED
ede920ea02f1fa4757a85b09fc30a68359f09637,2026-08-26,fix: LOO latent inflation and volume cap for SPADE certificates,UNREVIEWED,UNREVIEWED,UNREVIEWED,UNREVIEWED,UNREVIEWED,UNREVIEWED,UNREVIEWED
42ba7c2d4e16c6f5d91bf72fe4e4cca47a5206e8,2026-08-26,"Session log: resume instructions, spec ledger, and what must not be quietly undone",UNREVIEWED,UNREVIEWED,UNREVIEWED,UNREVIEWED,UNREVIEWED,UNREVIEWED,UNREVIEWED
1df991ad4b11897731600a4c00955c5c609ebbcb,2026-08-26,"Freeze SPADE-PLATE2-CERTIFICATE-SPEC.md (KV) + batch_lse_rho, TDD",UNREVIEWED,UNREVIEWED,UNREVIEWED,UNREVIEWED,UNREVIEWED,UNREVIEWED,UNREVIEWED
91af117e7edc17b4dc920a57fa598c4d70ab3013,2026-08-26,"certificate_straddle: target the contour the CERTIFICATE frontier sits on, TDD",UNREVIEWED,UNREVIEWED,UNREVIEWED,UNREVIEWED,UNREVIEWED,UNREVIEWED,UNREVIEWED
e298b9382f062aa3a3980d637051c5cb75d13ff8,2026-08-26,KU amendment 5b: seeds restored 25 -> 50 on firewalled pilot timing,UNREVIEWED,UNREVIEWED,UNREVIEWED,UNREVIEWED,UNREVIEWED,UNREVIEWED,UNREVIEWED
e5b59dc30731448de3d2976be0af745dc320f314,2026-08-26,"KU amendment 5a: exclude hill (ensemble evaluator path), recorded before any KU number",UNREVIEWED,UNREVIEWED,UNREVIEWED,UNREVIEWED,UNREVIEWED,UNREVIEWED,UNREVIEWED
82c0c913b8cb10ca250b192503ad5572a8c04588,2026-08-26,Freeze SPADE-PREVALENCE-MATCHED-SPEC.md (KU) before any KU result exists,UNREVIEWED,UNREVIEWED,UNREVIEWED,UNREVIEWED,UNREVIEWED,UNREVIEWED,UNREVIEWED
6848e2f59e26aeaba41a36be6fd0dcd0a19fdd0d,2026-08-26,"KS result: KS-1 FAIL, KS-4 drops kappa_tail, KS-5 fires -- and freeze KT",UNREVIEWED,UNREVIEWED,UNREVIEWED,UNREVIEWED,UNREVIEWED,UNREVIEWED,UNREVIEWED
f05805d88f7b4a6f97bf6cd1f89403a14e019b03,2026-08-26,docs: bind manufacturing recovery protocol digest in joint spec,UNREVIEWED,UNREVIEWED,UNREVIEWED,UNREVIEWED,UNREVIEWED,UNREVIEWED,UNREVIEWED
61eee450b9da07ca30ab412ac3e9e14690b85437,2026-08-26,fix: align SPADE certificates with assay noise for manufacturing,UNREVIEWED,UNREVIEWED,UNREVIEWED,UNREVIEWED,UNREVIEWED,UNREVIEWED,UNREVIEWED
a9c0070b94bb419026551d6b813f31dad3c68fc4,2026-08-26,Extend the runner to emit kappa_tail/kappa_mean for KS,UNREVIEWED,UNREVIEWED,UNREVIEWED,UNREVIEWED,UNREVIEWED,UNREVIEWED,UNREVIEWED
1a3d9274fe06ea2ae52cb1e13923ce31be48a68d,2026-08-26,"KR result: KR-1 FAIL, KR-2 FAIL, KR-4 fires -- k_eff dropped",UNREVIEWED,UNREVIEWED,UNREVIEWED,UNREVIEWED,UNREVIEWED,UNREVIEWED,UNREVIEWED
434a987dc1c767cb423acdd8ab41d081c8287d84,2026-08-26,"Route B: self-calibration from the campaign's own LOO residuals, TDD",UNREVIEWED,UNREVIEWED,UNREVIEWED,UNREVIEWED,UNREVIEWED,UNREVIEWED,UNREVIEWED
b366d7a21b1652aa2a318edb39ed0b0f06e7c000,2026-08-26,fix: SPADE manufacturing certificate recovery (smallest CE),UNREVIEWED,UNREVIEWED,UNREVIEWED,UNREVIEWED,UNREVIEWED,UNREVIEWED,UNREVIEWED
7ae6fc6347d03bd0a23dec49434ae551fdc075b6,2026-08-26,Freeze SPADE-EFFECTIVE-RESOLUTION-SPEC.md (KR) before any KR result exists,UNREVIEWED,UNREVIEWED,UNREVIEWED,UNREVIEWED,UNREVIEWED,UNREVIEWED,UNREVIEWED
624c71126ada474f5418608b6a0ef4ef65633644,2026-08-26,docs: log full SPADE joint development execution trail,UNREVIEWED,UNREVIEWED,UNREVIEWED,UNREVIEWED,UNREVIEWED,UNREVIEWED,UNREVIEWED
502ea3948976b15f849aecf680e24a0487eed742,2026-08-26,results: freeze SPADE development NO_SELECTION evidence,UNREVIEWED,UNREVIEWED,UNREVIEWED,UNREVIEWED,UNREVIEWED,UNREVIEWED,UNREVIEWED
c9199a3bafb0e4ea7b2d7026d84657501f12d893,2026-08-26,docs: record local SPADE execution decision,UNREVIEWED,UNREVIEWED,UNREVIEWED,UNREVIEWED,UNREVIEWED,UNREVIEWED,UNREVIEWED
1c062bcc66498dfa0d7f35ee1984c85f834fb79c,2026-08-26,Merge branch 'codex/spade-execution-freeze',UNREVIEWED,UNREVIEWED,UNREVIEWED,UNREVIEWED,UNREVIEWED,UNREVIEWED,UNREVIEWED
eea2b308e06224fb5f3a7dceccfcd7242c5dc63a,2026-08-26,fix(spade): freeze registered execution logistics,UNREVIEWED,UNREVIEWED,UNREVIEWED,UNREVIEWED,UNREVIEWED,UNREVIEWED,UNREVIEWED
79f973ae6ff7a4914e1e7fd8b291836c2558b92c,2026-08-26,Merge branch 'codex/spade-joint-protocol',UNREVIEWED,UNREVIEWED,UNREVIEWED,UNREVIEWED,UNREVIEWED,UNREVIEWED,UNREVIEWED
38ba8ec7dd611fae0481bc3c84264d8846c9912e,2026-08-26,fix: seal SPADE lockbox evidence publication,UNREVIEWED,UNREVIEWED,UNREVIEWED,UNREVIEWED,UNREVIEWED,UNREVIEWED,UNREVIEWED
e3684ce63b63cc691b7d053127cc71aeb471f156,2026-08-26,Merge branch 'codex/spade-doc-sync',UNREVIEWED,UNREVIEWED,UNREVIEWED,UNREVIEWED,UNREVIEWED,UNREVIEWED,UNREVIEWED
ee0039d09a814282c68a4325a1f9dbbc507e6a32,2026-08-26,docs: map distributed SPADE execution,UNREVIEWED,UNREVIEWED,UNREVIEWED,UNREVIEWED,UNREVIEWED,UNREVIEWED,UNREVIEWED
3ae39b0e9fc3a09dbdbc14cacfadb0a60ae358fd,2026-08-26,Merge branch 'codex/spade-actions',UNREVIEWED,UNREVIEWED,UNREVIEWED,UNREVIEWED,UNREVIEWED,UNREVIEWED,UNREVIEWED
047a42b165abf53d45f445e8252fd7cced23d80f,2026-08-26,Merge branch 'codex/spade-development-merge',UNREVIEWED,UNREVIEWED,UNREVIEWED,UNREVIEWED,UNREVIEWED,UNREVIEWED,UNREVIEWED
f85ab03adff8f47aa118690308b17bf4a9d6632e,2026-08-26,Merge branch 'codex/spade-metadata-fix',UNREVIEWED,UNREVIEWED,UNREVIEWED,UNREVIEWED,UNREVIEWED,UNREVIEWED,UNREVIEWED
b6c4a8eaa5462cc73578d92e54e596f82d1cda58,2026-08-26,Merge branch 'codex/spade-joint-protocol',UNREVIEWED,UNREVIEWED,UNREVIEWED,UNREVIEWED,UNREVIEWED,UNREVIEWED,UNREVIEWED
56a938ae73df95b372a569c6a40a6b1fcba1f4c5,2026-08-26,fix(spade): project validated development metadata,UNREVIEWED,UNREVIEWED,UNREVIEWED,UNREVIEWED,UNREVIEWED,UNREVIEWED,UNREVIEWED
e53f9e3485572660a5294c391a27e7ceeb915ef0,2026-08-26,fix: authenticate SPADE development shard merges,UNREVIEWED,UNREVIEWED,UNREVIEWED,UNREVIEWED,UNREVIEWED,UNREVIEWED,UNREVIEWED
2f10458d9e4444f66647491dd5ddd8a8c9a7e46f,2026-08-26,ci: add pinned distributed SPADE workflow,UNREVIEWED,UNREVIEWED,UNREVIEWED,UNREVIEWED,UNREVIEWED,UNREVIEWED,UNREVIEWED
4da57874183870b25823e2d648a995e318873868,2026-08-26,feat: add deterministic SPADE Actions sharding,UNREVIEWED,UNREVIEWED,UNREVIEWED,UNREVIEWED,UNREVIEWED,UNREVIEWED,UNREVIEWED
6c480d4236d972843112a71b52dbf571812b44f9,2026-08-26,feat: bind SPADE release to frozen power,UNREVIEWED,UNREVIEWED,UNREVIEWED,UNREVIEWED,UNREVIEWED,UNREVIEWED,UNREVIEWED
c69296a84983394707622873b04d7cab7af22b02,2026-08-25,feat: merge distributed SPADE development shards,UNREVIEWED,UNREVIEWED,UNREVIEWED,UNREVIEWED,UNREVIEWED,UNREVIEWED,UNREVIEWED
4044a30a14fa60eec5417fb8b5c65993de71ace2,2026-08-25,fix: support compatible distributed lockbox shards,UNREVIEWED,UNREVIEWED,UNREVIEWED,UNREVIEWED,UNREVIEWED,UNREVIEWED,UNREVIEWED
8582ae3fc602ad376919807fdff2271d48ad92d4,2026-08-25,fix: close SPADE power planner race windows,UNREVIEWED,UNREVIEWED,UNREVIEWED,UNREVIEWED,UNREVIEWED,UNREVIEWED,UNREVIEWED
b9730e5eb22fc9c67738b41f0e37a675f10ea74d,2026-08-25,fix: revalidate SPADE lockbox merge access,UNREVIEWED,UNREVIEWED,UNREVIEWED,UNREVIEWED,UNREVIEWED,UNREVIEWED,UNREVIEWED
5b44d0175f253edb96be862fa08af9a6c380ff9d,2026-08-25,feat: bind SPADE lockbox size to frozen power,UNREVIEWED,UNREVIEWED,UNREVIEWED,UNREVIEWED,UNREVIEWED,UNREVIEWED,UNREVIEWED
3cde28c58df20e9e6885a6f11fe86fc32e4fc425,2026-08-25,fix: harden SPADE power input freeze,UNREVIEWED,UNREVIEWED,UNREVIEWED,UNREVIEWED,UNREVIEWED,UNREVIEWED,UNREVIEWED
02730d8bed4d43005235a4453c37e726364c9c56,2026-08-25,feat: freeze SPADE lockbox power planning,UNREVIEWED,UNREVIEWED,UNREVIEWED,UNREVIEWED,UNREVIEWED,UNREVIEWED,UNREVIEWED
d906405515ab93788cf9a10cc56d7c787edaf748,2026-08-25,merge: integrate editorial publication figures,UNREVIEWED,UNREVIEWED,UNREVIEWED,UNREVIEWED,UNREVIEWED,UNREVIEWED,UNREVIEWED
6b679e2bb8041a988d73027f39dd5ffe25409b8f,2026-08-25,fix: harden SPADE power engine invariants,UNREVIEWED,UNREVIEWED,UNREVIEWED,UNREVIEWED,UNREVIEWED,UNREVIEWED,UNREVIEWED
d5f0a58b2302bb8780f3ad53d9c5e63782e3ad8f,2026-08-25,docs: reconcile corrected SPADE release evidence,UNREVIEWED,UNREVIEWED,UNREVIEWED,UNREVIEWED,UNREVIEWED,UNREVIEWED,UNREVIEWED
ffa095d0d819be319ca3c91c8882c301741172a6,2026-08-25,assets: rebuild publication figure package,UNREVIEWED,UNREVIEWED,UNREVIEWED,UNREVIEWED,UNREVIEWED,UNREVIEWED,UNREVIEWED
d343fda6b0015e706f74d3f29c20e6cb5f701a13,2026-08-25,feat: add editorial figure export provenance,UNREVIEWED,UNREVIEWED,UNREVIEWED,UNREVIEWED,UNREVIEWED,UNREVIEWED,UNREVIEWED
6e58d9016644a1e735c7e1973ab093150b8ad86a,2026-08-25,feat: redesign certification reliability figure,UNREVIEWED,UNREVIEWED,UNREVIEWED,UNREVIEWED,UNREVIEWED,UNREVIEWED,UNREVIEWED
ec4c8aca0d8849c6e9fb63559a5bce4d92c2cbf6,2026-08-25,feat: redesign point map cost evidence figure,UNREVIEWED,UNREVIEWED,UNREVIEWED,UNREVIEWED,UNREVIEWED,UNREVIEWED,UNREVIEWED
4911c1e68b2e78ff545659de66d587ff6900ff27,2026-08-25,feat: redesign terminal rule evidence figure,UNREVIEWED,UNREVIEWED,UNREVIEWED,UNREVIEWED,UNREVIEWED,UNREVIEWED,UNREVIEWED
539de5155a1bd3da66b2024a14acc4056ba496ad,2026-08-25,fix: bind SPADE power decisions to held-out evidence,UNREVIEWED,UNREVIEWED,UNREVIEWED,UNREVIEWED,UNREVIEWED,UNREVIEWED,UNREVIEWED
cc8a4da4a2590e947ac22e0b5a38feab447c2a1e,2026-08-25,feat: redesign benchmark definition figure,UNREVIEWED,UNREVIEWED,UNREVIEWED,UNREVIEWED,UNREVIEWED,UNREVIEWED,UNREVIEWED
218517fc728ba0c7b9af387ada985336966d42c8,2026-08-25,feat: add editorial figure layout contracts,UNREVIEWED,UNREVIEWED,UNREVIEWED,UNREVIEWED,UNREVIEWED,UNREVIEWED,UNREVIEWED
c2edf415fe4a6bf69d604bf9c55042f5c9ab6435,2026-08-25,test: refresh registered Figure 3 contrasts,UNREVIEWED,UNREVIEWED,UNREVIEWED,UNREVIEWED,UNREVIEWED,UNREVIEWED,UNREVIEWED
ea84d484b51ab7d710521ff0398033cebc621ff6,2026-08-25,docs: plan editorial figure rebuild,UNREVIEWED,UNREVIEWED,UNREVIEWED,UNREVIEWED,UNREVIEWED,UNREVIEWED,UNREVIEWED
eab61476ae2f52adf677b7929259d4a32200900a,2026-08-25,feat: add deterministic SPADE lockbox power engine,UNREVIEWED,UNREVIEWED,UNREVIEWED,UNREVIEWED,UNREVIEWED,UNREVIEWED,UNREVIEWED
a8e0ccf8bbdbd7c61c1fe39d549123719ae9b9f4,2026-08-25,docs: specify editorial figure redesign,UNREVIEWED,UNREVIEWED,UNREVIEWED,UNREVIEWED,UNREVIEWED,UNREVIEWED,UNREVIEWED
f3cc13c3cb8f17cd70d305e7d0b4d33c22902f11,2026-08-25,docs: plan SPADE lockbox power implementation,UNREVIEWED,UNREVIEWED,UNREVIEWED,UNREVIEWED,UNREVIEWED,UNREVIEWED,UNREVIEWED
060af5bd10a2b430d6ccbcf84d10a6c9a7ab26c4,2026-08-25,merge: integrate SPADE joint protocol and origin updates,UNREVIEWED,UNREVIEWED,UNREVIEWED,UNREVIEWED,UNREVIEWED,UNREVIEWED,UNREVIEWED
4b0c83a64f5ce12b385378ad09832179e6168f3f,2026-08-25,docs: reconcile current SPADE evidence,UNREVIEWED,UNREVIEWED,UNREVIEWED,UNREVIEWED,UNREVIEWED,UNREVIEWED,UNREVIEWED
6762c2ffc4338fa1cbb9620ba5c9e06ebf748a39,2026-08-25,docs: freeze SPADE lockbox power design,UNREVIEWED,UNREVIEWED,UNREVIEWED,UNREVIEWED,UNREVIEWED,UNREVIEWED,UNREVIEWED
44bc8182d9db707efa507ded2c12c3bb011b8b63,2026-08-25,docs: record approved SPADE release gate,UNREVIEWED,UNREVIEWED,UNREVIEWED,UNREVIEWED,UNREVIEWED,UNREVIEWED,UNREVIEWED
f97b5d9f729f740a4d017dc4297d5814ce8c4bc5,2026-08-25,fix(spade): harden release shard validation,UNREVIEWED,UNREVIEWED,UNREVIEWED,UNREVIEWED,UNREVIEWED,UNREVIEWED,UNREVIEWED
d54cae816e43759d78fbba8916f2acc88a9f27f0,2026-08-25,fix: harden SPADE release artifact binding,UNREVIEWED,UNREVIEWED,UNREVIEWED,UNREVIEWED,UNREVIEWED,UNREVIEWED,UNREVIEWED
777d9be9210e16fc8a5a58baa26466230f8f18fd,2026-08-25,fix: bind SPADE lockbox provenance end to end,UNREVIEWED,UNREVIEWED,UNREVIEWED,UNREVIEWED,UNREVIEWED,UNREVIEWED,UNREVIEWED
f1429fe3bce9e8a67b01996213fc0be5194f2602,2026-08-25,fix: harden SPADE lockbox release contracts,UNREVIEWED,UNREVIEWED,UNREVIEWED,UNREVIEWED,UNREVIEWED,UNREVIEWED,UNREVIEWED
9160a511ef3cbcca45f20889f01e5d5615c3eea8,2026-08-25,fix: bound IVR covariance memory,UNREVIEWED,UNREVIEWED,UNREVIEWED,UNREVIEWED,UNREVIEWED,UNREVIEWED,UNREVIEWED
a7825b07ab8b4a4b538d1a794b711e21c3d6ed02,2026-08-25,feat: add powered SPADE lockbox and release gate,UNREVIEWED,UNREVIEWED,UNREVIEWED,UNREVIEWED,UNREVIEWED,UNREVIEWED,UNREVIEWED
9d1dc21f15018dcf1d8a80179f627aedbe1bcd77,2026-08-25,fix: bind development truth range contracts,UNREVIEWED,UNREVIEWED,UNREVIEWED,UNREVIEWED,UNREVIEWED,UNREVIEWED,UNREVIEWED
a5b6c0a9fe72b1ac78c82aebf8816a5f3c316605,2026-08-25,chore: refresh frozen protocol digests,UNREVIEWED,UNREVIEWED,UNREVIEWED,UNREVIEWED,UNREVIEWED,UNREVIEWED,UNREVIEWED
4ab080e32893cc48124faf4e6ff89c84eb6013f1,2026-08-25,fix: harden SPADE development selection,UNREVIEWED,UNREVIEWED,UNREVIEWED,UNREVIEWED,UNREVIEWED,UNREVIEWED,UNREVIEWED
64a31a1a9555032792bba357ff4f693ffcb88ad4,2026-08-25,docs: freeze nested-family consensus selection,UNREVIEWED,UNREVIEWED,UNREVIEWED,UNREVIEWED,UNREVIEWED,UNREVIEWED,UNREVIEWED
5ba499f4f50df4e041144603bcf92a16676c4028,2026-08-25,feat: add prespecified SPADE development selection,UNREVIEWED,UNREVIEWED,UNREVIEWED,UNREVIEWED,UNREVIEWED,UNREVIEWED,UNREVIEWED
8dd80dcb6bbc472c732ce2780201cd1e167675b6,2026-08-25,docs: record reviewed lockbox freeze,UNREVIEWED,UNREVIEWED,UNREVIEWED,UNREVIEWED,UNREVIEWED,UNREVIEWED,UNREVIEWED
c74067d672695468f6fbac40e6b8f9f5d13d5dd3,2026-08-25,fix: harden SPADE lockbox scoring invariants,UNREVIEWED,UNREVIEWED,UNREVIEWED,UNREVIEWED,UNREVIEWED,UNREVIEWED,UNREVIEWED
97395907dd7782e6cd918b1cf9350ffb4a9a9362,2026-08-25,data: restore final SPADE prospective artifacts,UNREVIEWED,UNREVIEWED,UNREVIEWED,UNREVIEWED,UNREVIEWED,UNREVIEWED,UNREVIEWED
6f3d42f6c658eac699c9b89d6c26509b3f548dbf,2026-08-25,feat: freeze SPADE scoring and untouched lockbox generators,UNREVIEWED,UNREVIEWED,UNREVIEWED,UNREVIEWED,UNREVIEWED,UNREVIEWED,UNREVIEWED
d1fab2c2099926945e399f741ccc79123a539066,2026-08-25,docs: record reviewed unified SPADE runner,UNREVIEWED,UNREVIEWED,UNREVIEWED,UNREVIEWED,UNREVIEWED,UNREVIEWED,UNREVIEWED
13c5c933cbcacf52428f5b98703b6c6b265e8200,2026-08-25,fix: harden SPADE campaign identity,UNREVIEWED,UNREVIEWED,UNREVIEWED,UNREVIEWED,UNREVIEWED,UNREVIEWED,UNREVIEWED
4a0f7d0d9ae8799de67a0467c1209868b0b789d3,2026-08-25,feat: implement the unified 48-evaluation SPADE protocol,UNREVIEWED,UNREVIEWED,UNREVIEWED,UNREVIEWED,UNREVIEWED,UNREVIEWED,UNREVIEWED
08df039ab16e36889a60d7e454873458f1cec433,2026-08-25,figures: publish estimand-aware paper artwork,UNREVIEWED,UNREVIEWED,UNREVIEWED,UNREVIEWED,UNREVIEWED,UNREVIEWED,UNREVIEWED
4df0721f3fd0b23757210e143c02511a9d50553b,2026-08-25,fix: normalize exported SVG whitespace,UNREVIEWED,UNREVIEWED,UNREVIEWED,UNREVIEWED,UNREVIEWED,UNREVIEWED,UNREVIEWED
c59403052f199323b78846418bbe9fb612b45046,2026-08-25,docs: record reviewed predictive certificate,UNREVIEWED,UNREVIEWED,UNREVIEWED,UNREVIEWED,UNREVIEWED,UNREVIEWED,UNREVIEWED
cdab772d0f93a9188b98f4ba9b21673c74ebee45,2026-08-25,fix: isolate reliable-set sampling RNG,UNREVIEWED,UNREVIEWED,UNREVIEWED,UNREVIEWED,UNREVIEWED,UNREVIEWED,UNREVIEWED
7ac502324c8f56ffb681318c9eb161ffec69ca9d,2026-08-25,fix: make figure export retries safe,UNREVIEWED,UNREVIEWED,UNREVIEWED,UNREVIEWED,UNREVIEWED,UNREVIEWED,UNREVIEWED
8bb3260a40445ed375e1896e2a9449e82b617017,2026-08-25,fix: harden publication figure exports,UNREVIEWED,UNREVIEWED,UNREVIEWED,UNREVIEWED,UNREVIEWED,UNREVIEWED,UNREVIEWED
346bff050e5de18267ef20addd5d2e8e7447a7f5,2026-08-25,fix: make SPADE certificates predictive and empirically testable,UNREVIEWED,UNREVIEWED,UNREVIEWED,UNREVIEWED,UNREVIEWED,UNREVIEWED,UNREVIEWED
74cb25d8bab23a9b14836dd373c0ee3fd1fcf18f,2026-08-25,feat: add publication figure export pipeline,UNREVIEWED,UNREVIEWED,UNREVIEWED,UNREVIEWED,UNREVIEWED,UNREVIEWED,UNREVIEWED
55b756576837f041f47a65309e081ea7d4675b3d,2026-08-25,docs: record reviewed acquisition foundations,UNREVIEWED,UNREVIEWED,UNREVIEWED,UNREVIEWED,UNREVIEWED,UNREVIEWED,UNREVIEWED
d9c07c4c7aeee7a7fc67be3e7fe495dae56ea54a,2026-08-25,fix: prevent IVR weight normalization overflow,UNREVIEWED,UNREVIEWED,UNREVIEWED,UNREVIEWED,UNREVIEWED,UNREVIEWED,UNREVIEWED
01d2ea532b92a178bdfa13fb023d7146f783b88d,2026-08-25,feat: add deterministic learned-noise and variance-reduction acquisitions,UNREVIEWED,UNREVIEWED,UNREVIEWED,UNREVIEWED,UNREVIEWED,UNREVIEWED,UNREVIEWED
98a0377cc372c8bac4217d5a07483322b0a7b5d0,2026-08-25,fix: derive campaign answer rates from certificates,UNREVIEWED,UNREVIEWED,UNREVIEWED,UNREVIEWED,UNREVIEWED,UNREVIEWED,UNREVIEWED
63f58f67ee9c7585e12edcad64390a589ca71246,2026-08-25,docs: advance SPADE milestone to implementation,UNREVIEWED,UNREVIEWED,UNREVIEWED,UNREVIEWED,UNREVIEWED,UNREVIEWED,UNREVIEWED
26bff8e54e680c9bf504c7eaa469afc99b938dd9,2026-08-25,Merge remote-tracking branch 'origin/main' into codex/spade-joint-protocol,UNREVIEWED,UNREVIEWED,UNREVIEWED,UNREVIEWED,UNREVIEWED,UNREVIEWED,UNREVIEWED
51b3f4f37d06fafafa732436eec0ac4b67d80333,2026-08-25,feat: add reliability audit figure,UNREVIEWED,UNREVIEWED,UNREVIEWED,UNREVIEWED,UNREVIEWED,UNREVIEWED,UNREVIEWED
398ed731cb8e632cd482d0bfd3465a358a0aec45,2026-08-25,fix: harden oracle checkpoint identity,UNREVIEWED,UNREVIEWED,UNREVIEWED,UNREVIEWED,UNREVIEWED,UNREVIEWED,UNREVIEWED
25f333184efc455703c042314132be8823776cd4,2026-08-25,chore: remove obsolete task report,UNREVIEWED,UNREVIEWED,UNREVIEWED,UNREVIEWED,UNREVIEWED,UNREVIEWED,UNREVIEWED
7d32bca086860df4081286c7234142553e65f032,2026-08-25,fix: harden campaign checkpoint provenance,UNREVIEWED,UNREVIEWED,UNREVIEWED,UNREVIEWED,UNREVIEWED,UNREVIEWED,UNREVIEWED
19c6f99af8b0e7511a2e2cb5322399780c84d0b7,2026-08-25,fix: preserve Hartmann method encodings,UNREVIEWED,UNREVIEWED,UNREVIEWED,UNREVIEWED,UNREVIEWED,UNREVIEWED,UNREVIEWED
225d26ed758de4bed96310ca16b732e0a5d29c2f,2026-08-25,fix: strengthen point map figure semantics,UNREVIEWED,UNREVIEWED,UNREVIEWED,UNREVIEWED,UNREVIEWED,UNREVIEWED,UNREVIEWED
baa065d2caca0d0d800388af6c50d73c52437862,2026-08-25,docs: incorporate tau noise and design evidence,UNREVIEWED,UNREVIEWED,UNREVIEWED,UNREVIEWED,UNREVIEWED,UNREVIEWED,UNREVIEWED
b2ade0444640e34eda1c15b4ee2b296fa6b9091a,2026-08-25,fix: make campaign randomness resumable and auditable,UNREVIEWED,UNREVIEWED,UNREVIEWED,UNREVIEWED,UNREVIEWED,UNREVIEWED,UNREVIEWED
db6f60d8b422dcd805c187898ffed72f83043fc5,2026-08-25,feat: add point map and cost figure,UNREVIEWED,UNREVIEWED,UNREVIEWED,UNREVIEWED,UNREVIEWED,UNREVIEWED,UNREVIEWED
14161db7b77583d9792c3949982efc0a7dec15fb,2026-08-25,"tau-quantile-followup result: real, substantial, but does not uniformly clear the bar",UNREVIEWED,UNREVIEWED,UNREVIEWED,UNREVIEWED,UNREVIEWED,UNREVIEWED,UNREVIEWED
9d5ec4cc25b48b56e5d97600c22d9298e16ec8f2,2026-08-25,test: scope figure two direct labels,UNREVIEWED,UNREVIEWED,UNREVIEWED,UNREVIEWED,UNREVIEWED,UNREVIEWED,UNREVIEWED
559e24a553dba51dc3d91d635572ed5f22ed708c,2026-08-25,fix: clarify terminal rule figure semantics,UNREVIEWED,UNREVIEWED,UNREVIEWED,UNREVIEWED,UNREVIEWED,UNREVIEWED,UNREVIEWED
ecbd4239211e2648465cc7a8c52b6c58fd642390,2026-08-25,docs: reconcile SPADE execution constraints,UNREVIEWED,UNREVIEWED,UNREVIEWED,UNREVIEWED,UNREVIEWED,UNREVIEWED,UNREVIEWED
b348dec3a0017e7c6f62e76b2c948da54e5f1452,2026-08-25,docs: freeze SPADE joint protocol design,UNREVIEWED,UNREVIEWED,UNREVIEWED,UNREVIEWED,UNREVIEWED,UNREVIEWED,UNREVIEWED
db06158758a30944222c2669477eb0e2e4e2e118,2026-08-25,feat: add terminal rule figure,UNREVIEWED,UNREVIEWED,UNREVIEWED,UNREVIEWED,UNREVIEWED,UNREVIEWED,UNREVIEWED
02a6bfa85c3ed5a8dbf4476f3637190676d0bb8f,2026-08-25,chore: ignore local feature worktrees,UNREVIEWED,UNREVIEWED,UNREVIEWED,UNREVIEWED,UNREVIEWED,UNREVIEWED,UNREVIEWED
16cb45dcb2edf1ba4a47f049e28ddc42dfce5534,2026-08-25,fix: contain figure one decision labels and ledger,UNREVIEWED,UNREVIEWED,UNREVIEWED,UNREVIEWED,UNREVIEWED,UNREVIEWED,UNREVIEWED
0ab619827878fae74ac303826e08e54acd2ea555,2026-08-25,fix: clarify figure one deliverables and typography,UNREVIEWED,UNREVIEWED,UNREVIEWED,UNREVIEWED,UNREVIEWED,UNREVIEWED,UNREVIEWED
9f9b4707f9936950b7a8ec8f67b4edba276cc9ca,2026-08-25,feat: add benchmark definition figure,UNREVIEWED,UNREVIEWED,UNREVIEWED,UNREVIEWED,UNREVIEWED,UNREVIEWED,UNREVIEWED
bf5036c8296c4f9bda63a091b239de8107daa2c4,2026-08-25,fix: reconcile paper figure evidence sources,UNREVIEWED,UNREVIEWED,UNREVIEWED,UNREVIEWED,UNREVIEWED,UNREVIEWED,UNREVIEWED
6492701c9ddfb5ac408aaf1ce82550a531c91210,2026-08-25,K2 computed: Piece B killed -- OA-LHS does not reduce the design lottery on hartmann6,UNREVIEWED,UNREVIEWED,UNREVIEWED,UNREVIEWED,UNREVIEWED,UNREVIEWED,UNREVIEWED
0bebb99fdfaac012161d7653db93c64429614b88,2026-08-25,fix: harden paper figure evidence validation,UNREVIEWED,UNREVIEWED,UNREVIEWED,UNREVIEWED,UNREVIEWED,UNREVIEWED,UNREVIEWED
19a378fe0bb6d910b6b5d22129206af282b6f660,2026-08-25,analyse_k2_design_lottery.py: OA-LHS design-SD vs Q53's committed plain-LHS comparator,UNREVIEWED,UNREVIEWED,UNREVIEWED,UNREVIEWED,UNREVIEWED,UNREVIEWED,UNREVIEWED
1f9ea20276080a053091d58b81af7c002188d2fa,2026-08-25,K2 spec: match Q53's exact sampling structure (25 seeds x 5 draws) for direct comparability,UNREVIEWED,UNREVIEWED,UNREVIEWED,UNREVIEWED,UNREVIEWED,UNREVIEWED,UNREVIEWED
ea647c8a7c30e9455162ec35df3f4bdee1f900f8,2026-08-25,"oa_lhs_design: strength-2 orthogonal-array LHS, TDD, for K2 (design lottery)",UNREVIEWED,UNREVIEWED,UNREVIEWED,UNREVIEWED,UNREVIEWED,UNREVIEWED,UNREVIEWED
e5ab10b27216d3beb51c22c5251dbb4dab9b2368,2026-08-25,feat: normalize paper figure evidence,UNREVIEWED,UNREVIEWED,UNREVIEWED,UNREVIEWED,UNREVIEWED,UNREVIEWED,UNREVIEWED
ab13a35347e7eff4076a0a946843a65eecfaa305,2026-08-25,K1 computed: Piece A killed cleanly -- even a perfect noise-variance ceiling misses the bar,UNREVIEWED,UNREVIEWED,UNREVIEWED,UNREVIEWED,UNREVIEWED,UNREVIEWED,UNREVIEWED
6f8e9e3350a7b936990e726d25e7e84694fe5958,2026-08-25,fix(paper-figures): enforce venue text sizes,UNREVIEWED,UNREVIEWED,UNREVIEWED,UNREVIEWED,UNREVIEWED,UNREVIEWED,UNREVIEWED
38e52324461bc18fb70cabebae888f2fc6a4fdb0,2026-08-25,feat: establish publication figure style system,UNREVIEWED,UNREVIEWED,UNREVIEWED,UNREVIEWED,UNREVIEWED,UNREVIEWED,UNREVIEWED
2cca3c478fdceb95054362d805857f5887a47fbf,2026-08-25,docs: plan publication figure implementation,UNREVIEWED,UNREVIEWED,UNREVIEWED,UNREVIEWED,UNREVIEWED,UNREVIEWED,UNREVIEWED
03e6e809075c11a106459d18af8a0ebe0ad27a92,2026-08-25,"K0 computed: ambiguous, not a clean revive -- Piece A build paused pending a decision",UNREVIEWED,UNREVIEWED,UNREVIEWED,UNREVIEWED,UNREVIEWED,UNREVIEWED,UNREVIEWED
8f9c7b5fb9558a224e09469aeb5844982b112866,2026-08-25,Freeze SPADE-CALIBRATION-FIX-SPEC.md (Fix 2) before K0 is computed,UNREVIEWED,UNREVIEWED,UNREVIEWED,UNREVIEWED,UNREVIEWED,UNREVIEWED,UNREVIEWED
8dffaf712318d29f50a51de8c793dba2b57e25fd,2026-08-25,run_tau_quantile_followup.py: rescore ackley/hartmann6 certificate under quantile tau,UNREVIEWED,UNREVIEWED,UNREVIEWED,UNREVIEWED,UNREVIEWED,UNREVIEWED,UNREVIEWED
8a80e41424ed9c3056b0635554a703946308abcd,2026-08-25,docs: incorporate figure visual benchmark,UNREVIEWED,UNREVIEWED,UNREVIEWED,UNREVIEWED,UNREVIEWED,UNREVIEWED,UNREVIEWED
8aeba0b069087df2aa69a8a93a6c53a83db7a52d,2026-08-25,"tau_quantile: per-family quantile threshold, TDD, spec frozen before any result exists",UNREVIEWED,UNREVIEWED,UNREVIEWED,UNREVIEWED,UNREVIEWED,UNREVIEWED,UNREVIEWED
a6c91b7b3f5bf4ad06632ce354ed062c69cf17dc,2026-08-25,docs: update research summary after KF-3 follow-up,UNREVIEWED,UNREVIEWED,UNREVIEWED,UNREVIEWED,UNREVIEWED,UNREVIEWED,UNREVIEWED
83d175598e421ac3ade031adb5216e26a2dacbe3,2026-08-24,docs: specify publication figure system,UNREVIEWED,UNREVIEWED,UNREVIEWED,UNREVIEWED,UNREVIEWED,UNREVIEWED,UNREVIEWED
1a4f47a8c0bceedc4cb048c9d3710d827ffa9e9e,2026-08-24,docs: reframe research summary around estimands,UNREVIEWED,UNREVIEWED,UNREVIEWED,UNREVIEWED,UNREVIEWED,UNREVIEWED,UNREVIEWED
482e8354fa9c19c6867734be723877946a16445e,2026-08-24,docs: specify SPADE-first research summary,UNREVIEWED,UNREVIEWED,UNREVIEWED,UNREVIEWED,UNREVIEWED,UNREVIEWED,UNREVIEWED
65e9675d3362a5ca2a151072da82a15eb0dbcffd,2026-08-24,docs: rewrite paper outline around SPADE,UNREVIEWED,UNREVIEWED,UNREVIEWED,UNREVIEWED,UNREVIEWED,UNREVIEWED,UNREVIEWED
c7f6c8f2ccae594ca462909fe52b8fbd3561fb7a,2026-08-24,docs: plan SPADE-first outline rewrite,UNREVIEWED,UNREVIEWED,UNREVIEWED,UNREVIEWED,UNREVIEWED,UNREVIEWED,UNREVIEWED
fdd4e911fc7c3e27c542820350a1e2db3eb077ca,2026-08-24,docs: reserve SPADE boundary-targeting claim,UNREVIEWED,UNREVIEWED,UNREVIEWED,UNREVIEWED,UNREVIEWED,UNREVIEWED,UNREVIEWED
4e78d903ee628c4b25bd4935a84523b018d3f6da,2026-08-24,docs: update SPADE paper spec after upstream results,UNREVIEWED,UNREVIEWED,UNREVIEWED,UNREVIEWED,UNREVIEWED,UNREVIEWED,UNREVIEWED
5db4b5d97387db7833a22d04af45a01033632745,2026-08-24,docs: specify SPADE-first paper outline rewrite,UNREVIEWED,UNREVIEWED,UNREVIEWED,UNREVIEWED,UNREVIEWED,UNREVIEWED,UNREVIEWED
3dd646c081441faea4a141627406b9b736c748a6,2026-08-24,docs: fix outline math rendering and navigation,UNREVIEWED,UNREVIEWED,UNREVIEWED,UNREVIEWED,UNREVIEWED,UNREVIEWED,UNREVIEWED
23b3ce9131bda916ce1210a65a56ca1e575c969a,2026-08-24,docs: add project understanding outline,UNREVIEWED,UNREVIEWED,UNREVIEWED,UNREVIEWED,UNREVIEWED,UNREVIEWED,UNREVIEWED
e4b41a8d62405b3e9badc91036d780b2231aff0b,2026-08-24,docs: map codebase for paper work,UNREVIEWED,UNREVIEWED,UNREVIEWED,UNREVIEWED,UNREVIEWED,UNREVIEWED,UNREVIEWED
6b2f631ac2929b72e32094f6f11c9cf17873bc6b,2026-08-25,Add SPADE-RESULTS-AND-ANALYSIS.md: consolidated report with architecture/mechanism reframing,UNREVIEWED,UNREVIEWED,UNREVIEWED,UNREVIEWED,UNREVIEWED,UNREVIEWED,UNREVIEWED
504d5995e9d37f7ee90c172f50f130c0b85cea41,2026-08-24,"KF-3 follow-up complete: KF-3b FAIL, KF-3c FAIL, KF-3d MOOT",UNREVIEWED,UNREVIEWED,UNREVIEWED,UNREVIEWED,UNREVIEWED,UNREVIEWED,UNREVIEWED
0a545824110bd064525571263fb7b1260663831c,2026-08-24,Erratum 3: pilot fired the terminal branch; K_ERR cut instead of rung 3,UNREVIEWED,UNREVIEWED,UNREVIEWED,UNREVIEWED,UNREVIEWED,UNREVIEWED,UNREVIEWED
a13d343b48ea651bf536b2cab744cfaa6f353947,2026-08-24,Confirm spade_cf_m0/spade_random_plate2 still reproduce committed rows exactly,UNREVIEWED,UNREVIEWED,UNREVIEWED,UNREVIEWED,UNREVIEWED,UNREVIEWED,UNREVIEWED
3881c19327bd879ad40707c2f41fce058adc8130,2026-08-24,"kf3_followup: EV(x) and repulsion-penalized batch selection, TDD",UNREVIEWED,UNREVIEWED,UNREVIEWED,UNREVIEWED,UNREVIEWED,UNREVIEWED,UNREVIEWED
4a23175a032b195f1fb9f7013b0d4f29055116ee,2026-08-24,"Erratum 2: exclusion_radius was hardcoded to 0.1, and its kernel didn't compose",UNREVIEWED,UNREVIEWED,UNREVIEWED,UNREVIEWED,UNREVIEWED,UNREVIEWED,UNREVIEWED
4326de1ccd2387c2ebb752cb2e926f9df955bdf3,2026-08-24,Erratum 1: EV(x) as first registered would have used ground truth,UNREVIEWED,UNREVIEWED,UNREVIEWED,UNREVIEWED,UNREVIEWED,UNREVIEWED,UNREVIEWED
6c5e86057eb9d21e6ad4c760435d8865df48b098,2026-08-24,Freeze SPADE-KF3-FOLLOWUP-SPEC.md before any code runs,UNREVIEWED,UNREVIEWED,UNREVIEWED,UNREVIEWED,UNREVIEWED,UNREVIEWED,UNREVIEWED
3fd6597f65c45635858ac04e7115550253a0e982,2026-08-24,"doe_unscreened complete: KF-2 resolved FAIL, validator green",UNREVIEWED,UNREVIEWED,UNREVIEWED,UNREVIEWED,UNREVIEWED,UNREVIEWED,UNREVIEWED
1bf51f11695ae348ffa8993ad42992141558fb80,2026-08-24,Merge remote-tracking branch 'origin/main',UNREVIEWED,UNREVIEWED,UNREVIEWED,UNREVIEWED,UNREVIEWED,UNREVIEWED,UNREVIEWED
fe6e0ab6256544ccb68cf1fb77ab8071b07c13d9,2026-08-24,Implement doe_unscreened: the mandatory no-screening comparator (spec §4),UNREVIEWED,UNREVIEWED,UNREVIEWED,UNREVIEWED,UNREVIEWED,UNREVIEWED,UNREVIEWED
c4e82a9f043a8e1e7c52b31fed440043f82c2c6e,2026-08-24,Fold the prospective study into section 5.9 -- and the method claim narrows,UNREVIEWED,UNREVIEWED,UNREVIEWED,UNREVIEWED,UNREVIEWED,UNREVIEWED,UNREVIEWED
b019cb3011d2f8579349622702c1311e905944be,2026-08-24,"Manifest written, validator run against all 7 conditions -- one blocker left, and it's known",UNREVIEWED,UNREVIEWED,UNREVIEWED,UNREVIEWED,UNREVIEWED,UNREVIEWED,UNREVIEWED
3a75e18e7b8c82e8705ce85398f1b69dec771140,2026-08-24,ALL SEVEN registered conditions complete -- S3 (rosenbrock) folded in,UNREVIEWED,UNREVIEWED,UNREVIEWED,UNREVIEWED,UNREVIEWED,UNREVIEWED,UNREVIEWED
9aaf22a574f01d26363681ca4a483f3a3ce7106e,2026-08-24,"S2 (levy) folded in -- a third, distinct pattern: the map barely discriminates at all",UNREVIEWED,UNREVIEWED,UNREVIEWED,UNREVIEWED,UNREVIEWED,UNREVIEWED,UNREVIEWED
5b09cf8140e5ec05e52a69e1d548dc7b3042ea51,2026-08-24,"S1 (ackley) folded in -- the pre-declared exception, cleanly confirmed",UNREVIEWED,UNREVIEWED,UNREVIEWED,UNREVIEWED,UNREVIEWED,UNREVIEWED,UNREVIEWED
8275a27e86f00faf3b8c6478788e3c19368655e8,2026-08-24,All four PRIMARY conditions (C1-C4) combined and analysed -- and the split reproduces at d=8,UNREVIEWED,UNREVIEWED,UNREVIEWED,UNREVIEWED,UNREVIEWED,UNREVIEWED,UNREVIEWED
b493ac17fabedeffc60a859ab3eb69cc9d87304c,2026-08-24,"C3 (hartmann6, d=6) folded into the combined artefacts -- and a genuine surprise",UNREVIEWED,UNREVIEWED,UNREVIEWED,UNREVIEWED,UNREVIEWED,UNREVIEWED,UNREVIEWED
16073268448b25a6d9b090d56790488eb9f4ab0f,2026-08-24,"FINDINGS: C1+C2 combined picture, and the artefact-naming architecture logged",UNREVIEWED,UNREVIEWED,UNREVIEWED,UNREVIEWED,UNREVIEWED,UNREVIEWED,UNREVIEWED
fcaf713ecddc118054e59ab1e4b15f80eb62e1b1,2026-08-24,"The TRUE combined artefacts: C1+C2 through merge_condition_rows, not C2 alone",UNREVIEWED,UNREVIEWED,UNREVIEWED,UNREVIEWED,UNREVIEWED,UNREVIEWED,UNREVIEWED
e0b26194aa68de8422752c1c3192a75a363e08db,2026-08-24,"merge_condition_rows -- the analyser's artefacts are SINGULAR, not per-condition",UNREVIEWED,UNREVIEWED,UNREVIEWED,UNREVIEWED,UNREVIEWED,UNREVIEWED,UNREVIEWED
b01502729d300b1f9bd8cc23437d428a7967e88c,2026-08-24,"Fix: primary gamma is SIGMA-DEPENDENT, and a flat constant said otherwise",UNREVIEWED,UNREVIEWED,UNREVIEWED,UNREVIEWED,UNREVIEWED,UNREVIEWED,UNREVIEWED
cad7b68bbef1e64310c76ace448073d0c3de6e80,2026-08-23,FINDINGS: C2's real results replace every NOT RUN label it settles,UNREVIEWED,UNREVIEWED,UNREVIEWED,UNREVIEWED,UNREVIEWED,UNREVIEWED,UNREVIEWED
996cd81874d3e0a81da3a118329454034cd9a1db,2026-08-23,"Fix: KF-9 failed on the registered DIAGNOSTIC gamma, not just planned cells",UNREVIEWED,UNREVIEWED,UNREVIEWED,UNREVIEWED,UNREVIEWED,UNREVIEWED,UNREVIEWED
dd75c91d88881911818e29726de9b13d8b90aae5,2026-08-23,Fix: above_ceiling was a condition-level flag copied onto every row's own gamma,UNREVIEWED,UNREVIEWED,UNREVIEWED,UNREVIEWED,UNREVIEWED,UNREVIEWED,UNREVIEWED
e9867910413b5fc99b3b5d2dfee919b24a5abf0d,2026-08-23,Fix: --map-cell was accepted by argparse and did nothing,UNREVIEWED,UNREVIEWED,UNREVIEWED,UNREVIEWED,UNREVIEWED,UNREVIEWED,UNREVIEWED
7c8959a777bafd730ebae93ea753ed43552ad5d2,2026-08-23,Merge remote-tracking branch 'origin/main',UNREVIEWED,UNREVIEWED,UNREVIEWED,UNREVIEWED,UNREVIEWED,UNREVIEWED,UNREVIEWED
6fd038d52b33a122e8fe623921b778961c39016e,2026-08-23,Add the analyser's test suite (missed in the prior commit),UNREVIEWED,UNREVIEWED,UNREVIEWED,UNREVIEWED,UNREVIEWED,UNREVIEWED,UNREVIEWED
3d4ccc886c0206cc178fb815333dffa95c1f5916,2026-08-23,"Land the analyser, and align validator/figures/tests to the renamed artefacts",UNREVIEWED,UNREVIEWED,UNREVIEWED,UNREVIEWED,UNREVIEWED,UNREVIEWED,UNREVIEWED
ecd1e8b31d66117b9a33f16de619c5624121e0e3,2026-08-23,"Fold the design-space programme into RESEARCH-SUMMARY, and correct three stale documents",UNREVIEWED,UNREVIEWED,UNREVIEWED,UNREVIEWED,UNREVIEWED,UNREVIEWED,UNREVIEWED
7d3b2d6138c13d3fbde632181a79c0ad8b2648f8,2026-08-23,"FINDINGS: C2 n=50 result recorded as INCONCLUSIVE, and what remains stated explicitly",UNREVIEWED,UNREVIEWED,UNREVIEWED,UNREVIEWED,UNREVIEWED,UNREVIEWED,UNREVIEWED
4a0e273a0ce240e962ccc7465564afef2a31f2e7,2026-08-23,"Fix: hill keys silently capped the study at n=50, not the registered n=100",UNREVIEWED,UNREVIEWED,UNREVIEWED,UNREVIEWED,UNREVIEWED,UNREVIEWED,UNREVIEWED
8df2b967717f23ebd4faddc2c2f2cbf1978a4d61,2026-08-23,The release validator and figures -- and it immediately caught two of my defects,UNREVIEWED,UNREVIEWED,UNREVIEWED,UNREVIEWED,UNREVIEWED,UNREVIEWED,UNREVIEWED
842ad1ad5cb3ca63c20b3d86a1d2ad7f4cbd8075,2026-08-23,Benchmark runner works end to end -- smoke caught three defects of mine,UNREVIEWED,UNREVIEWED,UNREVIEWED,UNREVIEWED,UNREVIEWED,UNREVIEWED,UNREVIEWED
2b353777a87b97253bcbec3154ecc2b41599c376,2026-08-23,"Feasibility COMMITTED before campaigns -- and a second defect of mine, fixed",UNREVIEWED,UNREVIEWED,UNREVIEWED,UNREVIEWED,UNREVIEWED,UNREVIEWED,UNREVIEWED
4832403d5cdf839cf4825788845732fb2c61165a,2026-08-23,"ERRATUM 1: I registered thresholds ABOVE the ceiling, and the gate caught it",UNREVIEWED,UNREVIEWED,UNREVIEWED,UNREVIEWED,UNREVIEWED,UNREVIEWED,UNREVIEWED
9f76d1ef1739096441e241be725d14487a3eebfb,2026-08-23,"The plate-2 composer -- and the arms are NESTED, which is what makes m0/m4/m8 read",UNREVIEWED,UNREVIEWED,UNREVIEWED,UNREVIEWED,UNREVIEWED,UNREVIEWED,UNREVIEWED
bc0540fa5c338a38a0d5b6ab513fe943ece3d9de,2026-08-23,"The feasibility gate -- runs BEFORE any campaign, and the smoke test already bit",UNREVIEWED,UNREVIEWED,UNREVIEWED,UNREVIEWED,UNREVIEWED,UNREVIEWED,UNREVIEWED
24637586a77ab06d1cddb3904df3c97aa11a3d5e,2026-08-23,"Row schema + threshold facts -- and a test of mine was wrong, recorded not hidden",UNREVIEWED,UNREVIEWED,UNREVIEWED,UNREVIEWED,UNREVIEWED,UNREVIEWED,UNREVIEWED
173e8f0ec08b672f5ac7aa0aa7037a8c87e54d6c,2026-08-23,SPADE for researchers: the practitioner's guidebook,UNREVIEWED,UNREVIEWED,UNREVIEWED,UNREVIEWED,UNREVIEWED,UNREVIEWED,UNREVIEWED
1f489305c7dbaafd1d0cf1bc47de74d483c826d7,2026-08-23,"The pre-run regime classifier, tests first -- and the branch ORDER is registered",UNREVIEWED,UNREVIEWED,UNREVIEWED,UNREVIEWED,UNREVIEWED,UNREVIEWED,UNREVIEWED
49256cfd0b425e58d5bc9d1813fe5747bf69f81c,2026-08-23,"Rule L1, tests first -- and the radius is inherited, not tuned",UNREVIEWED,UNREVIEWED,UNREVIEWED,UNREVIEWED,UNREVIEWED,UNREVIEWED,UNREVIEWED
c4f58d392861e5d21f7013c49e7d0988847a1cc8,2026-08-23,"REGISTER spade-final-2026-08-23: the frozen spec, before any runner file exists",UNREVIEWED,UNREVIEWED,UNREVIEWED,UNREVIEWED,UNREVIEWED,UNREVIEWED,UNREVIEWED
a316121cc10bef80115a06539e38b44ea03e5515,2026-08-23,"PERPLEXITY-SPADE-FINAL: open the log with reconnaissance, before any plan exists",UNREVIEWED,UNREVIEWED,UNREVIEWED,UNREVIEWED,UNREVIEWED,UNREVIEWED,UNREVIEWED
08afb2435fb9b8fb607fa3f946bff9f72367a055,2026-08-23,"FINDINGS 44: the Version C index -- where every number, file and runner lives",UNREVIEWED,UNREVIEWED,UNREVIEWED,UNREVIEWED,UNREVIEWED,UNREVIEWED,UNREVIEWED
186e32e08de08eb7e6030522426712fd7e976891,2026-08-23,"FINDINGS 42: the BO conventions gap closes, and SPADE is a low-variance middling arm",UNREVIEWED,UNREVIEWED,UNREVIEWED,UNREVIEWED,UNREVIEWED,UNREVIEWED,UNREVIEWED
2ce9652b25d3f031f61ca22a0f5dc8773624b868,2026-08-23,"P8 COMPLETE: SPADE's certificate off hill, and section 14's withdrawn claim is true elsewhere",UNREVIEWED,UNREVIEWED,UNREVIEWED,UNREVIEWED,UNREVIEWED,UNREVIEWED,UNREVIEWED
90d2499eee1378946beadfc02a080342fdd9f032,2026-08-23,"P8.2: the two metrics will disagree about P3, and my Erratum 33 expectation was wrong",UNREVIEWED,UNREVIEWED,UNREVIEWED,UNREVIEWED,UNREVIEWED,UNREVIEWED,UNREVIEWED
12b6f9dcb94eddf5bf0f9ef1aad639b0c389e69e,2026-08-23,"P8.1's adjudicator, written BEFORE rosenbrock finished and before ackley started",UNREVIEWED,UNREVIEWED,UNREVIEWED,UNREVIEWED,UNREVIEWED,UNREVIEWED,UNREVIEWED
5a3d082e6e5b83bf5d17df35e3cdd0e68dc0114c,2026-08-23,"Erratum 33: P8.1's primary metric is n-dependent, and P3 already looks wrong -- neither is amended",UNREVIEWED,UNREVIEWED,UNREVIEWED,UNREVIEWED,UNREVIEWED,UNREVIEWED,UNREVIEWED
c5045587fff885187c5ddebaf2121de569196b44,2026-08-23,"PRE-REGISTER P8.1: certificate emptiness is ordered by max tau_q, before rosenbrock or ackley runs",UNREVIEWED,UNREVIEWED,UNREVIEWED,UNREVIEWED,UNREVIEWED,UNREVIEWED,UNREVIEWED
08de57a9741d9e0ed7b9d7f939f276f9bf2a5efb,2026-08-23,"P8 analyser, tests first -- and hartmann6 certifies NOTHING in 22 of 24 cells",UNREVIEWED,UNREVIEWED,UNREVIEWED,UNREVIEWED,UNREVIEWED,UNREVIEWED,UNREVIEWED
329c58229075b2caa8949b84fd0cfa259a75c6a5,2026-08-23,"Tier 1 document corrections were already applied -- verified, not assumed, and not re-edited",UNREVIEWED,UNREVIEWED,UNREVIEWED,UNREVIEWED,UNREVIEWED,UNREVIEWED,UNREVIEWED
7c109c842354b887c773fe325f6aa06123c9b6e7,2026-08-23,Section 40: three Phase 2-4 results that were only in the decision logs,UNREVIEWED,UNREVIEWED,UNREVIEWED,UNREVIEWED,UNREVIEWED,UNREVIEWED,UNREVIEWED
b22bb58ed5dbf9a1a7955a71f5c036c55b38ec9b,2026-08-23,"FINDINGS 40: the loophole audit. Three Version C claims fail, including my own headline.",UNREVIEWED,UNREVIEWED,UNREVIEWED,UNREVIEWED,UNREVIEWED,UNREVIEWED,UNREVIEWED
8747765bb7461c11bdf0ff8e6a1c4d6178d69f7d,2026-08-23,"coord AUPRC re-score: the last cheap outstanding item, and it needed no new code",UNREVIEWED,UNREVIEWED,UNREVIEWED,UNREVIEWED,UNREVIEWED,UNREVIEWED,UNREVIEWED
10deca84b3c23768b20f248b814c55754af1ceb6,2026-08-23,Section 4's prediction FAILS -- and my own verdict function had the confound in it,UNREVIEWED,UNREVIEWED,UNREVIEWED,UNREVIEWED,UNREVIEWED,UNREVIEWED,UNREVIEWED
cb13e7fd9dacd6acbdc870b29042247e964ec2dc,2026-08-22,"Handoff: P8 is live, and the form1 runs are done",UNREVIEWED,UNREVIEWED,UNREVIEWED,UNREVIEWED,UNREVIEWED,UNREVIEWED,UNREVIEWED
2941a2032eb23886bdda7b709e8bf3b855468300,2026-08-22,"P8 runner, tests first -- and the gate caught two bugs in my own scorer before the run",UNREVIEWED,UNREVIEWED,UNREVIEWED,UNREVIEWED,UNREVIEWED,UNREVIEWED,UNREVIEWED
b281d4b89b09ef044db08107ae4055b3294bc9f0,2026-08-22,"Register P8: SPADE certificate off hill, before the runner exists",UNREVIEWED,UNREVIEWED,UNREVIEWED,UNREVIEWED,UNREVIEWED,UNREVIEWED,UNREVIEWED
932809df117465cd4bd7f4e96a4df87945f582f1,2026-08-22,Test section 4's registered component prediction on the family that discriminates it,UNREVIEWED,UNREVIEWED,UNREVIEWED,UNREVIEWED,UNREVIEWED,UNREVIEWED,UNREVIEWED
7aa8dcecdf6837588ccb1942577d2e150a881322,2026-08-22,"HANDOFF 8.3: the kill ledger is closed, eight adjudicated",UNREVIEWED,UNREVIEWED,UNREVIEWED,UNREVIEWED,UNREVIEWED,UNREVIEWED,UNREVIEWED
370a6e7c15e6a0a6dd857a0d38334f2bcf194a64,2026-08-22,"FINDINGS 38 becomes a RESULT, and two findings the run produced that were not registered",UNREVIEWED,UNREVIEWED,UNREVIEWED,UNREVIEWED,UNREVIEWED,UNREVIEWED,UNREVIEWED
fc30aa434794ce76b55d57fc2a8e9b7458635537,2026-08-22,"The kill summary said ""No kill fired"" on a run where K-C7 fired",UNREVIEWED,UNREVIEWED,UNREVIEWED,UNREVIEWED,UNREVIEWED,UNREVIEWED,UNREVIEWED
73a5d4f5a8aea49df00001aa75989e3ac4589bc4,2026-08-22,Version C sigma=0.25 COMMITTED: K-C2 clears the hard stop. All eight kills adjudicated.,UNREVIEWED,UNREVIEWED,UNREVIEWED,UNREVIEWED,UNREVIEWED,UNREVIEWED,UNREVIEWED
5ffd458c668ae7b50102395f182aa0b8ef637286,2026-08-22,"Version C sigma=0.10 COMMITTED: K-C1 and K-C3 pass, and K-C1 beats r*",UNREVIEWED,UNREVIEWED,UNREVIEWED,UNREVIEWED,UNREVIEWED,UNREVIEWED,UNREVIEWED
cf18bf21b7d5209ac81ced478f22120c56f07140,2026-08-22,"Track the 10 completed run logs, matching what this repo already does for 109 others",UNREVIEWED,UNREVIEWED,UNREVIEWED,UNREVIEWED,UNREVIEWED,UNREVIEWED,UNREVIEWED
7b72fefdc54aa5c71fc6f3d8764771e463741425,2026-08-22,"Repair 27 SHA citations after the purge, and stop p6-families.json re-entering the index",UNREVIEWED,UNREVIEWED,UNREVIEWED,UNREVIEWED,UNREVIEWED,UNREVIEWED,UNREVIEWED
14e2c50570745ac20a048aed8dfc6f7eff159336,2026-08-22,Recapture the pre-purge SHA list at 53 commits,UNREVIEWED,UNREVIEWED,UNREVIEWED,UNREVIEWED,UNREVIEWED,UNREVIEWED,UNREVIEWED
3ecd4a7a3a4244cf4d3d02912a377e6eb47baf8d,2026-08-22,"Clear the working tree, and let the citation repair align on a prefix",UNREVIEWED,UNREVIEWED,UNREVIEWED,UNREVIEWED,UNREVIEWED,UNREVIEWED,UNREVIEWED
529460f92bd0b55b3bdb11434e59e01aa22b45c2,2026-08-22,"The citation-repair helper and the pre-purge SHA list, so the rewrite is recoverable",UNREVIEWED,UNREVIEWED,UNREVIEWED,UNREVIEWED,UNREVIEWED,UNREVIEWED,UNREVIEWED
25fcc9f7b463cbcf9b1a43ad9a1039c4d137525f,2026-08-22,"Label outstanding work: one blocker gates everything, and it is a history rewrite",UNREVIEWED,UNREVIEWED,UNREVIEWED,UNREVIEWED,UNREVIEWED,UNREVIEWED,UNREVIEWED
5a5d94889db632ed8e68c1121e15e6f8e7dd6802,2026-08-22,Split p6-families.json into 8 shards so the repo can be pushed at all,UNREVIEWED,UNREVIEWED,UNREVIEWED,UNREVIEWED,UNREVIEWED,UNREVIEWED,UNREVIEWED
7d34e7bcbafa7303511d2988fe16529c2788b93b,2026-08-22,SPADE is IN E7 at both sigmas -- and at sigma=0.10 five arms beat their own oracle-best,UNREVIEWED,UNREVIEWED,UNREVIEWED,UNREVIEWED,UNREVIEWED,UNREVIEWED,UNREVIEWED
e25b7d5487e3d31066f38baab2f40bf1ae229009,2026-08-22,"FINDINGS 38: the re-score, recorded WHILE running, and K-C7 marked fired",UNREVIEWED,UNREVIEWED,UNREVIEWED,UNREVIEWED,UNREVIEWED,UNREVIEWED,UNREVIEWED
2c3a321defc4b3a155ef3cf673e228d27b266e19,2026-08-22,"SPADE goes into E7 at 48 wells. It was absent for a mundane reason, not a principled one.",UNREVIEWED,UNREVIEWED,UNREVIEWED,UNREVIEWED,UNREVIEWED,UNREVIEWED,UNREVIEWED
b849e9cbb45fca8af4c0199b960f86af64d744c8,2026-08-22,"Handoff: three of the four short-list items are closed, and K-C7 has a verdict",UNREVIEWED,UNREVIEWED,UNREVIEWED,UNREVIEWED,UNREVIEWED,UNREVIEWED,UNREVIEWED
733c2b054d75fa1f0b110a0e4e810da6cbb5ce53,2026-08-22,"Register K-C7 FIRED, with the scope of the negative result and the smoke disclosure",UNREVIEWED,UNREVIEWED,UNREVIEWED,UNREVIEWED,UNREVIEWED,UNREVIEWED,UNREVIEWED
debeffb2e4d99642ac63719c39f4b1bfe23cc85c,2026-08-22,"K-C7 FIRED: the detector separates nothing, 0 of 50 on both held-out families",UNREVIEWED,UNREVIEWED,UNREVIEWED,UNREVIEWED,UNREVIEWED,UNREVIEWED,UNREVIEWED
a8b1009c70da53f8c7551ef223dfc83728f94955,2026-08-22,"Section 36: E7 committed, and at sigma=0.10 the terminal rule separates identical arms 70x",UNREVIEWED,UNREVIEWED,UNREVIEWED,UNREVIEWED,UNREVIEWED,UNREVIEWED,UNREVIEWED
bf4526d4edf9636e159ecf88e28f34a626ca32de,2026-08-22,E7 is a committed artefact at last -- and every number I withdrew comes back exact,UNREVIEWED,UNREVIEWED,UNREVIEWED,UNREVIEWED,UNREVIEWED,UNREVIEWED,UNREVIEWED
9d97f6435a3581dcd8b1f19d1dd833adcb2b4377,2026-08-22,Erratum 32: Erratum 28 was wrong -- I withdrew two numbers that had a committed source,UNREVIEWED,UNREVIEWED,UNREVIEWED,UNREVIEWED,UNREVIEWED,UNREVIEWED,UNREVIEWED
56713be5b8022f85f1db6d158be1060f77fc6426,2026-08-22,"The one-shot held-out runner, tests first -- and a disclosure about the smoke run",UNREVIEWED,UNREVIEWED,UNREVIEWED,UNREVIEWED,UNREVIEWED,UNREVIEWED,UNREVIEWED
a797afa1b5b93e63eef81e2fe25f63c3ef025b3e,2026-08-22,"Erratum 31: _instance_seed is dead code, and my freeze block told the runner to reuse it",UNREVIEWED,UNREVIEWED,UNREVIEWED,UNREVIEWED,UNREVIEWED,UNREVIEWED,UNREVIEWED
b7dcc414199cde078f0708b89de53e1980521ec2,2026-08-22,"FREEZE: the Version C detector rule is frozen, before hartmann6 or ackley is touched",UNREVIEWED,UNREVIEWED,UNREVIEWED,UNREVIEWED,UNREVIEWED,UNREVIEWED,UNREVIEWED
8a677414c1c6a91a5421297712971d42659b8a0f,2026-08-22,Evaluate Version C's kill conditions. The run computes columns and decides nothing.,UNREVIEWED,UNREVIEWED,UNREVIEWED,UNREVIEWED,UNREVIEWED,UNREVIEWED,UNREVIEWED
7f32d087db52cc3c21c6293b4508bbce13f55b7f,2026-08-22,"Version C audit: eight kill conditions registered, ZERO adjudicated",UNREVIEWED,UNREVIEWED,UNREVIEWED,UNREVIEWED,UNREVIEWED,UNREVIEWED,UNREVIEWED
f6c2bf6e06acc3d4ed6ad2f33e64c1a245afdda2,2026-08-22,Handoff rewritten as the resume point -- and four reported numbers died on the first check,UNREVIEWED,UNREVIEWED,UNREVIEWED,UNREVIEWED,UNREVIEWED,UNREVIEWED,UNREVIEWED
e2ef7e58bd5bc24166ddabcd578c0aa9de394cf3,2026-08-22,"Version C Form 1: the re-score runner. Zero new wells, and the gate caught my bug.",UNREVIEWED,UNREVIEWED,UNREVIEWED,UNREVIEWED,UNREVIEWED,UNREVIEWED,UNREVIEWED
8635574a7397a800f743eb7a17e55f90a00183d0,2026-08-22,"Correct section 26: the ""consistent ~30%"" was an artefact of my sigma_add bug",UNREVIEWED,UNREVIEWED,UNREVIEWED,UNREVIEWED,UNREVIEWED,UNREVIEWED,UNREVIEWED
0f8a9f5949a9c7ba2c7596cd3d15d656d7103894,2026-08-22,"The RSM toolkit, run at last -- and a sigma_add bug of my own that it exposed",UNREVIEWED,UNREVIEWED,UNREVIEWED,UNREVIEWED,UNREVIEWED,UNREVIEWED,UNREVIEWED
4808075420b07c41a5be9184b9a062fb5c3b2299,2026-08-22,"Log Version C where each kind of thing belongs: results, trail, handoff, claims",UNREVIEWED,UNREVIEWED,UNREVIEWED,UNREVIEWED,UNREVIEWED,UNREVIEWED,UNREVIEWED
bb0203c5a60a2f0a3197067f4c892c9f1fa413ed,2026-08-22,"Full suite green: 1,300 passed, and two script output bugs fixed",UNREVIEWED,UNREVIEWED,UNREVIEWED,UNREVIEWED,UNREVIEWED,UNREVIEWED,UNREVIEWED
8f161c912dd1d0a61227344aaa059bab81ced023,2026-08-22,What alpha* is actually measuring: willingness to certify,UNREVIEWED,UNREVIEWED,UNREVIEWED,UNREVIEWED,UNREVIEWED,UNREVIEWED,UNREVIEWED
fa0e19d55b4c3a3d0f3116a7c445c8e8f0a3a43f,2026-08-22,"Cells 3+4: all 16 cells merged, and the screening result strengthens at d=8",UNREVIEWED,UNREVIEWED,UNREVIEWED,UNREVIEWED,UNREVIEWED,UNREVIEWED,UNREVIEWED
505f1494ecc69b2618d10c6de0d933dfd8f3a2b6,2026-08-22,F3 RESOLVED: section 14's kill was an estimator artefact of 512 draws,UNREVIEWED,UNREVIEWED,UNREVIEWED,UNREVIEWED,UNREVIEWED,UNREVIEWED,UNREVIEWED
4b00aaed51821bcb52e96cd7a9d23b149cf38508,2026-08-22,C0 RESULT: the gate returns IDENTIFICATION_ARTEFACT. Section 2 is NOT built.,UNREVIEWED,UNREVIEWED,UNREVIEWED,UNREVIEWED,UNREVIEWED,UNREVIEWED,UNREVIEWED
70bfd8a6ce57fb32cedbd997a131fcf4fbe0074f,2026-08-22,Declare alpha*: it is not a metric of certificate quality,UNREVIEWED,UNREVIEWED,UNREVIEWED,UNREVIEWED,UNREVIEWED,UNREVIEWED,UNREVIEWED
90bf309056407be762aa6bdd52cac31f88027eee,2026-08-22,"Scope gap CLOSED: P7 ran at 10 arms, and calibration does not flatter SPADE",UNREVIEWED,UNREVIEWED,UNREVIEWED,UNREVIEWED,UNREVIEWED,UNREVIEWED,UNREVIEWED
0bdc8be18996bc1982ba10b219de1b2e30fe2c0a,2026-08-22,"Q59 resolved: screening is NOT the mechanism, but it is worth a consistent third of the gap",UNREVIEWED,UNREVIEWED,UNREVIEWED,UNREVIEWED,UNREVIEWED,UNREVIEWED,UNREVIEWED
9af678cba947ba9e68230bf60895d96f04532b63,2026-08-22,Q59 map re-score runner: scores the unscreened classical arm through P6's own map_row,UNREVIEWED,UNREVIEWED,UNREVIEWED,UNREVIEWED,UNREVIEWED,UNREVIEWED,UNREVIEWED
a0ea7879638e23f1ced203c2a28a363d7fbd55e5,2026-08-22,"Expose Q59's unscreened design for map scoring -- opt-in, and the test caught the version that wasn't",UNREVIEWED,UNREVIEWED,UNREVIEWED,UNREVIEWED,UNREVIEWED,UNREVIEWED,UNREVIEWED
f28acbd2c836394e964b735cc758c8b6eefba05a,2026-08-22,"Register the Q59 map re-score, and record what the committed file already settles",UNREVIEWED,UNREVIEWED,UNREVIEWED,UNREVIEWED,UNREVIEWED,UNREVIEWED,UNREVIEWED
b22e78f25ace6a7842e00c580fcf16f78cc85172,2026-08-22,"Kernel rows VALIDATED, and erratum 22's two census defects fixed additively",UNREVIEWED,UNREVIEWED,UNREVIEWED,UNREVIEWED,UNREVIEWED,UNREVIEWED,UNREVIEWED
bba257534ca8089648a5ed15ca04cc20421dd9b0,2026-08-22,"C1.2a: the cross-fit cannot move section 14's failures, and K-C6 would misfire",UNREVIEWED,UNREVIEWED,UNREVIEWED,UNREVIEWED,UNREVIEWED,UNREVIEWED,UNREVIEWED
af8448fa7b073857f5a984f1c606bb2d2d75456d,2026-08-22,"F3 runner, tests first -- and the tests caught two errors before it ran",UNREVIEWED,UNREVIEWED,UNREVIEWED,UNREVIEWED,UNREVIEWED,UNREVIEWED,UNREVIEWED
8032925c985ef1bf173147e77a19d62f7be7bf7b,2026-08-22,"Register F3 redesigned: draws x seeds, before the runner exists",UNREVIEWED,UNREVIEWED,UNREVIEWED,UNREVIEWED,UNREVIEWED,UNREVIEWED,UNREVIEWED
399c4327668976a7abf0438cf0a7b617bbace843,2026-08-22,"Register C3.3b: K-C7 predicted to fire, measured on the fit set before the pass",UNREVIEWED,UNREVIEWED,UNREVIEWED,UNREVIEWED,UNREVIEWED,UNREVIEWED,UNREVIEWED
f086b341059b4821b8abb1caf6c82f580ce27b9b,2026-08-22,"K-C7 is predicted to fire, and the prediction costs nothing from the one-shot budget",UNREVIEWED,UNREVIEWED,UNREVIEWED,UNREVIEWED,UNREVIEWED,UNREVIEWED,UNREVIEWED
2ca82dde218e39e020283cd0e3a2c36cdd4f3d2f,2026-08-22,"Section 3.3: select a statistic and fit the one-class boundary, without freezing it",UNREVIEWED,UNREVIEWED,UNREVIEWED,UNREVIEWED,UNREVIEWED,UNREVIEWED,UNREVIEWED
a6b9e616e36b09c7be7974ce745efc54deac3916,2026-08-22,"Close errata 11 and 13, and fix a section-15 headline that quoted a non-primary threshold",UNREVIEWED,UNREVIEWED,UNREVIEWED,UNREVIEWED,UNREVIEWED,UNREVIEWED,UNREVIEWED
2d2d76725c681786d92c432619a35b6b6e692c02,2026-08-22,"The circular statistic was pooled too, at five sites the F4 sweep missed",UNREVIEWED,UNREVIEWED,UNREVIEWED,UNREVIEWED,UNREVIEWED,UNREVIEWED,UNREVIEWED
cc862dfdfdd36ecd5c93da8266bb6cd4c8c54be1,2026-08-22,"The scope gap is mostly closed, P6 does not close the half that matters, and P7 has run nothing",UNREVIEWED,UNREVIEWED,UNREVIEWED,UNREVIEWED,UNREVIEWED,UNREVIEWED,UNREVIEWED
294796f346479969e54c93630807683d65b8be8d,2026-08-22,"C3.3a: the detector's fit set is single-class, so the rule must be one-class",UNREVIEWED,UNREVIEWED,UNREVIEWED,UNREVIEWED,UNREVIEWED,UNREVIEWED,UNREVIEWED
16f9c21dbd82fa04d93915fd8543c4042d01d336,2026-08-22,"The grounds for superseding AUC do not all survive, and one inverts on new data",UNREVIEWED,UNREVIEWED,UNREVIEWED,UNREVIEWED,UNREVIEWED,UNREVIEWED,UNREVIEWED
9a03fb3fea65c4bd14c41bdcc9da18c56e93c018,2026-08-22,"Section 3.2's fitting run, and one candidate statistic measured non-viable",UNREVIEWED,UNREVIEWED,UNREVIEWED,UNREVIEWED,UNREVIEWED,UNREVIEWED,UNREVIEWED
3026e14a48106736f871f3acaa7574139f672e65,2026-08-22,"Store the implications and the registration trail, not just the numbers",UNREVIEWED,UNREVIEWED,UNREVIEWED,UNREVIEWED,UNREVIEWED,UNREVIEWED,UNREVIEWED
b5c0057348f81e22e1e601f4e7b2c3768d543fa6,2026-08-22,"Register Version C: the C0 gate, C1.2/C1.3, C3.2, C4, and the kill conditions",UNREVIEWED,UNREVIEWED,UNREVIEWED,UNREVIEWED,UNREVIEWED,UNREVIEWED,UNREVIEWED
4f7371e730defe7b10a33620a325fb41d312c55c,2026-08-22,"Section 0's analysis: the branch, the arm table, and the sigma/sqrt(n_eff) regression",UNREVIEWED,UNREVIEWED,UNREVIEWED,UNREVIEWED,UNREVIEWED,UNREVIEWED,UNREVIEWED
157319a7d59e39a0fba6fad35e1d6cbdf3f98f97,2026-08-22,"Section 3.2: all six regime-detector statistics, from plate 1, with no oracle access",UNREVIEWED,UNREVIEWED,UNREVIEWED,UNREVIEWED,UNREVIEWED,UNREVIEWED,UNREVIEWED
e948b5cdf8c0637ea6d8bb8026b5550e16efb5a5,2026-08-22,"Remove the B3 claim at BOTH sites, and fix a seven-vs-six contradiction inside one file",UNREVIEWED,UNREVIEWED,UNREVIEWED,UNREVIEWED,UNREVIEWED,UNREVIEWED,UNREVIEWED
d191d69f5fd10bffd1f55d94ccffc524fe5eddf0,2026-08-22,Cross-family cells 1+2: screening is fatal on three of four families,UNREVIEWED,UNREVIEWED,UNREVIEWED,UNREVIEWED,UNREVIEWED,UNREVIEWED,UNREVIEWED
b66bd45d90b92f8d4edaba22e42f65324f71c25a,2026-08-22,"Sections 1.2 + 1.3: conservative-set columns, cross-fit beside the circular one",UNREVIEWED,UNREVIEWED,UNREVIEWED,UNREVIEWED,UNREVIEWED,UNREVIEWED,UNREVIEWED
02a4728620f09139c335a0f447f8a5f28384accf,2026-08-22,"Section 0: rule P at sigma=0.10, the gate that decides whether section 2 is built",UNREVIEWED,UNREVIEWED,UNREVIEWED,UNREVIEWED,UNREVIEWED,UNREVIEWED,UNREVIEWED
827d22eb13c1b6866c4a45bcd3bf3e051a391f2d,2026-08-22,"versionc: n_eff and the ARD lengthscale reader, the inputs section 0 regresses on",UNREVIEWED,UNREVIEWED,UNREVIEWED,UNREVIEWED,UNREVIEWED,UNREVIEWED,UNREVIEWED
3893718998af7c69bb8d10d6dd6c35f360ec46e0,2026-08-22,"Connected-component design spaces: D_gamma decomposed, single box still reported",UNREVIEWED,UNREVIEWED,UNREVIEWED,UNREVIEWED,UNREVIEWED,UNREVIEWED,UNREVIEWED
930951919c31a71d17decdd1fb8ac448e17fa4c0,2026-08-22,The IoU identity bound was never a bound: derive it per row instead of fitting it,UNREVIEWED,UNREVIEWED,UNREVIEWED,UNREVIEWED,UNREVIEWED,UNREVIEWED,UNREVIEWED
f396734e3e73755c329f02af5bedf328a9ba6ace,2026-08-22,conservative_estimate_split: cross-fit CE_alpha so selection never scores itself,UNREVIEWED,UNREVIEWED,UNREVIEWED,UNREVIEWED,UNREVIEWED,UNREVIEWED,UNREVIEWED
fdb8b3179aeada81d2d7adc0244f471594f24002,2026-08-22,"Commit the remaining run logs, runner changes and tests from the overnight batch",UNREVIEWED,UNREVIEWED,UNREVIEWED,UNREVIEWED,UNREVIEWED,UNREVIEWED,UNREVIEWED
796656f320973f71dd9604518f09dd14bcb97be4,2026-08-22,FINDINGS section 17: the test inventory and what each file guards,UNREVIEWED,UNREVIEWED,UNREVIEWED,UNREVIEWED,UNREVIEWED,UNREVIEWED,UNREVIEWED
2e66f88bcf72baef5a037e3bbe68f51ac32e6df5,2026-08-22,Commit the overnight results and write the session handoff,UNREVIEWED,UNREVIEWED,UNREVIEWED,UNREVIEWED,UNREVIEWED,UNREVIEWED,UNREVIEWED
c483edc47d721af7f42460aa86e67ba6aa323a35,2026-08-22,FINDINGS Part III: the overnight results,UNREVIEWED,UNREVIEWED,UNREVIEWED,UNREVIEWED,UNREVIEWED,UNREVIEWED,UNREVIEWED
c0258d6c3f2398eaf80b18f8dced8e8bb00a9dd7,2026-08-21,Erratum 10 partially reversed and Erratum 13 refined,UNREVIEWED,UNREVIEWED,UNREVIEWED,UNREVIEWED,UNREVIEWED,UNREVIEWED,UNREVIEWED
d88be6bd1ce87ad58eff9ee7db16ced5eedfaaab,2026-08-21,"A third degeneracy case, and my reasoning about P6's shape was wrong",UNREVIEWED,UNREVIEWED,UNREVIEWED,UNREVIEWED,UNREVIEWED,UNREVIEWED,UNREVIEWED
d10c1725b2c2af228ce0e5dc5fa6969e0eb87312,2026-08-21,P6: carry BOTH degeneracy flags; neither subsumes the other,UNREVIEWED,UNREVIEWED,UNREVIEWED,UNREVIEWED,UNREVIEWED,UNREVIEWED,UNREVIEWED
04b1734e565913b56b0815df754b31d6e75bab8a,2026-08-21,"Erratum 14a refined: the denominator differs by metric, and the two degeneracy flags are not interchangeable",UNREVIEWED,UNREVIEWED,UNREVIEWED,UNREVIEWED,UNREVIEWED,UNREVIEWED,UNREVIEWED
c0dd396e376a622cc3f35167eec35b78a1e0afc0,2026-08-21,"F2a: the denominator is the RANKABLE cells, and it differs by metric",UNREVIEWED,UNREVIEWED,UNREVIEWED,UNREVIEWED,UNREVIEWED,UNREVIEWED,UNREVIEWED
c12a4df67a03b73df3d5eb6076c144a26d67f5f8,2026-08-21,Erratum 11 marked PROVISIONAL: the rho figures are nine-arm numbers on a twelve-arm run,UNREVIEWED,UNREVIEWED,UNREVIEWED,UNREVIEWED,UNREVIEWED,UNREVIEWED,UNREVIEWED
5ba15e39074b8c5316081b26d58b4104539340fd,2026-08-21,"Erratum 14: '24 of 24' is '18 of 18 rankable', and my plate1_only gate target does not exist at those cells",UNREVIEWED,UNREVIEWED,UNREVIEWED,UNREVIEWED,UNREVIEWED,UNREVIEWED,UNREVIEWED
81fb9e6f86774f0b238df87ab46d076a655e7951,2026-08-21,P4b: measure which unit is more powerful instead of assuming n=25 is conservative,UNREVIEWED,UNREVIEWED,UNREVIEWED,UNREVIEWED,UNREVIEWED,UNREVIEWED,UNREVIEWED
d81003c1b56d8567f9808cbad871c97fcac7f8b3,2026-08-21,The identity gate fired and caught a bug in its own owner's code,UNREVIEWED,UNREVIEWED,UNREVIEWED,UNREVIEWED,UNREVIEWED,UNREVIEWED,UNREVIEWED
a42dce6d3c553ac90cc1039b65065f9798e329a5,2026-08-21,"SPADE scope gap: the four Version B arms, and a degenerate-cell exclusion",UNREVIEWED,UNREVIEWED,UNREVIEWED,UNREVIEWED,UNREVIEWED,UNREVIEWED,UNREVIEWED
cfe14a4fd9fbfe4cf2c60cbe1fe271b233210173,2026-08-21,P6: the identity gate caught my own constant diverging from its consumer,UNREVIEWED,UNREVIEWED,UNREVIEWED,UNREVIEWED,UNREVIEWED,UNREVIEWED,UNREVIEWED
6d895cf44c9a3fc6beb4253157b109e2c81de44a,2026-08-21,Finding: the Version B variants collapse on different landscapes,UNREVIEWED,UNREVIEWED,UNREVIEWED,UNREVIEWED,UNREVIEWED,UNREVIEWED,UNREVIEWED
6f36b22aa887ad5d2a5e3e235556dfaa7db94ab4,2026-08-21,"P4b: add the SPADE arms, since alpha* is SPADE's own statistic",UNREVIEWED,UNREVIEWED,UNREVIEWED,UNREVIEWED,UNREVIEWED,UNREVIEWED,UNREVIEWED
d1289a03ec0fdb41dc503313aef798e580134e9c,2026-08-21,Finding: SPADE's plate-2 design threshold inherits section 2.4's defect by construction,UNREVIEWED,UNREVIEWED,UNREVIEWED,UNREVIEWED,UNREVIEWED,UNREVIEWED,UNREVIEWED
0cf8ac513370dcb2c1f11c6060b078b7f567ae5b,2026-08-21,P6: add the four Version B arms through the builder hook,UNREVIEWED,UNREVIEWED,UNREVIEWED,UNREVIEWED,UNREVIEWED,UNREVIEWED,UNREVIEWED
0d699f2f61f9cfd127565ded292920f3e2a8c135,2026-08-21,Erratum 13 / D65: a finding I registered as a headline was itself a pooled statistic,UNREVIEWED,UNREVIEWED,UNREVIEWED,UNREVIEWED,UNREVIEWED,UNREVIEWED,UNREVIEWED
990c76c865c71bd749194d5a127d80f1fc5ea36f,2026-08-21,"Measurement hazard: three process-inspection errors, and the third is mine",UNREVIEWED,UNREVIEWED,UNREVIEWED,UNREVIEWED,UNREVIEWED,UNREVIEWED,UNREVIEWED
0a8716661255abee47354288be078cd2a60d6336,2026-08-21,"F2a: alpha* against the superseding metric, per cell -- the sign is not constant",UNREVIEWED,UNREVIEWED,UNREVIEWED,UNREVIEWED,UNREVIEWED,UNREVIEWED,UNREVIEWED
04f803c62d7d252e8b13d9f68821daaadcabb548,2026-08-21,P7: score the four Version B arms — the ones the project is about,UNREVIEWED,UNREVIEWED,UNREVIEWED,UNREVIEWED,UNREVIEWED,UNREVIEWED,UNREVIEWED
414659a8b9514d319b5cdf27285659c6c9552718,2026-08-21,Register the SPADE scope gap and the polarity trap as failing tests,UNREVIEWED,UNREVIEWED,UNREVIEWED,UNREVIEWED,UNREVIEWED,UNREVIEWED,UNREVIEWED
cbc8e5b693b3c789b21b5fe2d158c0efffcabfad,2026-08-21,"Hazard 2 and the coordination defect: a silent kill, and my own instruction churn",UNREVIEWED,UNREVIEWED,UNREVIEWED,UNREVIEWED,UNREVIEWED,UNREVIEWED,UNREVIEWED
7223d78b240afe8e5850b0ed661ac51bdd0e18c3,2026-08-21,"P6: the SPADE scope gap as six failing tests, before the arms exist",UNREVIEWED,UNREVIEWED,UNREVIEWED,UNREVIEWED,UNREVIEWED,UNREVIEWED,UNREVIEWED
7d7c89a5dddf42a16a5082b72198c93aa38f3e3e,2026-08-21,"Log D61-D64: correcting D55/D58, and a structural finding about the probability map",UNREVIEWED,UNREVIEWED,UNREVIEWED,UNREVIEWED,UNREVIEWED,UNREVIEWED,UNREVIEWED
0d6514306136c0d53b986450e303009221d67174,2026-08-21,P4b: an undefined correlation must not arrive wearing a significant p-value,UNREVIEWED,UNREVIEWED,UNREVIEWED,UNREVIEWED,UNREVIEWED,UNREVIEWED,UNREVIEWED
3cd0c481531ebf310027c76fe9a01869252d4ccb,2026-08-21,P7: failing tests for the four Version B arms,UNREVIEWED,UNREVIEWED,UNREVIEWED,UNREVIEWED,UNREVIEWED,UNREVIEWED,UNREVIEWED
05837d1d7da68b6b5353e2b5abf540ad99d87887,2026-08-21,F1: the portable half — the near-zero ICC does not survive unpairing,UNREVIEWED,UNREVIEWED,UNREVIEWED,UNREVIEWED,UNREVIEWED,UNREVIEWED,UNREVIEWED
1a3da0a6da79f786554a75169721a27b0fe3bd2f,2026-08-21,P2: a partial can no longer be mistaken for a finished gamma ladder,UNREVIEWED,UNREVIEWED,UNREVIEWED,UNREVIEWED,UNREVIEWED,UNREVIEWED,UNREVIEWED
cef17e568169f43fec8807d8fadd6ae2b77c25ed,2026-08-21,"The F2a IoU bound is per population: 1.00 ULP optimiser, 1.50 ULP spread",UNREVIEWED,UNREVIEWED,UNREVIEWED,UNREVIEWED,UNREVIEWED,UNREVIEWED,UNREVIEWED
263a494af99e9d849c706b369a985a4bf30b07a4,2026-08-21,"Errata 10-12: the turn-tied death diagnosis was wrong, and P4b's registered sign is inverted",UNREVIEWED,UNREVIEWED,UNREVIEWED,UNREVIEWED,UNREVIEWED,UNREVIEWED,UNREVIEWED
72401634140b10c1866ba87ceda7333ccd9b5dac,2026-08-21,gitignore: allow the CE error volumes and the P6 ceiling census,UNREVIEWED,UNREVIEWED,UNREVIEWED,UNREVIEWED,UNREVIEWED,UNREVIEWED,UNREVIEWED
67a6f8936c4f7a5da82f859f7c4fae38e647681c,2026-08-21,"Record the thread setting, and what this run happens to prove about it",UNREVIEWED,UNREVIEWED,UNREVIEWED,UNREVIEWED,UNREVIEWED,UNREVIEWED,UNREVIEWED
0fd6b46241c2393efac7667834bf2a0716e31f0d,2026-08-21,FINDINGS-SPADE Part II: the Phases 2-4 findings record,UNREVIEWED,UNREVIEWED,UNREVIEWED,UNREVIEWED,UNREVIEWED,UNREVIEWED,UNREVIEWED
a934972513c5df066ac0bd6839f17fd936d2ad19,2026-08-21,"P6: the F2a identity bound is per population, and every metric declares its direction",UNREVIEWED,UNREVIEWED,UNREVIEWED,UNREVIEWED,UNREVIEWED,UNREVIEWED,UNREVIEWED
ee90fc10d2b4c8c20779bdd2e5ac2ef2bbc61ad4,2026-08-21,P7: fix UnboundLocalError that killed the run at its first checkpoint,UNREVIEWED,UNREVIEWED,UNREVIEWED,UNREVIEWED,UNREVIEWED,UNREVIEWED,UNREVIEWED
9aec8eeaeeaba26ec48e7212d5903e5b38d6f119,2026-08-21,"coord re-score: F2a error volumes and F2b AUPRC, on maps proven to be K6's",UNREVIEWED,UNREVIEWED,UNREVIEWED,UNREVIEWED,UNREVIEWED,UNREVIEWED,UNREVIEWED
a921a5c83fda8b870f52fa6c9e927a237b9c8018,2026-08-21,Scope gap 1: SPADE is missing from seven of the eight Phase 2-4 runs,UNREVIEWED,UNREVIEWED,UNREVIEWED,UNREVIEWED,UNREVIEWED,UNREVIEWED,UNREVIEWED
eed33b9ece4d71043490a1e047b737789a9cfd7c,2026-08-21,P6: record Registration Decision 2's cell order in the runner,UNREVIEWED,UNREVIEWED,UNREVIEWED,UNREVIEWED,UNREVIEWED,UNREVIEWED,UNREVIEWED
958971642c7829198f68b544f62a7d571bf98d42,2026-08-21,"F2a: delegate to boec.calibration, correct the nan claim, extend to CE_alpha",UNREVIEWED,UNREVIEWED,UNREVIEWED,UNREVIEWED,UNREVIEWED,UNREVIEWED,UNREVIEWED
bccd594278d5910f9604a16370d0ad6536239ba9,2026-08-21,"P2: the failing tests for ""a partial must never read as a finished run""",UNREVIEWED,UNREVIEWED,UNREVIEWED,UNREVIEWED,UNREVIEWED,UNREVIEWED,UNREVIEWED
9fa0c23137f3b50890f5e30921ecf55921aa5e84,2026-08-21,F2a correction: the registered IoU bound excluded the arm under test,UNREVIEWED,UNREVIEWED,UNREVIEWED,UNREVIEWED,UNREVIEWED,UNREVIEWED,UNREVIEWED
49fe0e122eadcda82c94e62c72e093508740bf07,2026-08-21,Register the coord re-score's F2a/F2b gates as failing tests,UNREVIEWED,UNREVIEWED,UNREVIEWED,UNREVIEWED,UNREVIEWED,UNREVIEWED,UNREVIEWED
44fb8fa4881b77349e792178938df5ab1e3086ce,2026-08-21,A partial P3 run can no longer reach a registered result path,UNREVIEWED,UNREVIEWED,UNREVIEWED,UNREVIEWED,UNREVIEWED,UNREVIEWED,UNREVIEWED
ec4d94492d49c24492ee6d6e5bbe7dcd91e2df6e,2026-08-21,"P2: import the canonical error_volumes and average_precision, do not redefine them",UNREVIEWED,UNREVIEWED,UNREVIEWED,UNREVIEWED,UNREVIEWED,UNREVIEWED,UNREVIEWED
143bb842a8a83cff1749f8a39b45befe7415c557,2026-08-21,"P4b: dual-n, the error-volume comparator, and the two things that make rho readable",UNREVIEWED,UNREVIEWED,UNREVIEWED,UNREVIEWED,UNREVIEWED,UNREVIEWED,UNREVIEWED
f0333cc0ada5d310ecaa118bb3f8d7dcf901e1ff,2026-08-21,"P2: Amendment F implemented -- error volumes, AUPRC, dual-n, resume guards",UNREVIEWED,UNREVIEWED,UNREVIEWED,UNREVIEWED,UNREVIEWED,UNREVIEWED,UNREVIEWED
d25d76afad0c1adf5d5bc4b04dc90db993844468,2026-08-21,"Erratum 9: I relayed working-tree linter noise as verified NameErrors, and the near-zero ICC does not generalise",UNREVIEWED,UNREVIEWED,UNREVIEWED,UNREVIEWED,UNREVIEWED,UNREVIEWED,UNREVIEWED
5db4c4ab332f1035c8dde00ce9105a542a53b84e,2026-08-21,"D23 result: D20 STANDS. The prior removes 0.45% of doe's collapse, not part of it.",UNREVIEWED,UNREVIEWED,UNREVIEWED,UNREVIEWED,UNREVIEWED,UNREVIEWED,UNREVIEWED
d1d8040afda50927480485ea6bf694d4b9cbf84f,2026-08-21,"Log D60: D23 verdict is D20_STANDS, and the material caveat is discharged",UNREVIEWED,UNREVIEWED,UNREVIEWED,UNREVIEWED,UNREVIEWED,UNREVIEWED,UNREVIEWED
bb1b55e9c37df7b07786c47b61b2928884527105,2026-08-21,P6: adopt F's five conventions and the checkpoint-then-merge discipline,UNREVIEWED,UNREVIEWED,UNREVIEWED,UNREVIEWED,UNREVIEWED,UNREVIEWED,UNREVIEWED
36d69e45ab9e925b016db8f7da80e9242bef75d7,2026-08-21,Correct a comment: inside the cache scope that lookup IS the memo,UNREVIEWED,UNREVIEWED,UNREVIEWED,UNREVIEWED,UNREVIEWED,UNREVIEWED,UNREVIEWED
f34b2bc15339322af2c77608bacaaea62eba13ce,2026-08-21,"Registration decision 2: P6's headline is the gamma=0.50 column, clean by construction",UNREVIEWED,UNREVIEWED,UNREVIEWED,UNREVIEWED,UNREVIEWED,UNREVIEWED,UNREVIEWED
4a562ed5d0502ed36559faa1c61a5a9bb56e58b9,2026-08-21,"F1: classify what kind of evidence moved, and write up the ICC finding",UNREVIEWED,UNREVIEWED,UNREVIEWED,UNREVIEWED,UNREVIEWED,UNREVIEWED,UNREVIEWED
f92e4dd88a202611f3b10c4e9fed3078790a464f,2026-08-21,"Import the canonical error_volumes, adopt P7's AUPRC convention, cache Vorobev",UNREVIEWED,UNREVIEWED,UNREVIEWED,UNREVIEWED,UNREVIEWED,UNREVIEWED,UNREVIEWED
1038a5bb69c381eacfa31968818db20d7829d637,2026-08-21,P7: checkpoints go to an unstageable path and every document states its status,UNREVIEWED,UNREVIEWED,UNREVIEWED,UNREVIEWED,UNREVIEWED,UNREVIEWED,UNREVIEWED
87b5f742621319e54222f62bceadb911bc388085,2026-08-21,Erratum 8: I relayed a 4x saving without checking whose profile it fitted,UNREVIEWED,UNREVIEWED,UNREVIEWED,UNREVIEWED,UNREVIEWED,UNREVIEWED,UNREVIEWED
48820f524fe51a1bb19a28db98e516e2bf3226f4,2026-08-21,Register P4b's F1 dual-n and F2a/F2c additions as failing tests,UNREVIEWED,UNREVIEWED,UNREVIEWED,UNREVIEWED,UNREVIEWED,UNREVIEWED,UNREVIEWED
b5c11e09fde8f386a3c083c9065f1ce6de5bd2c4,2026-08-21,"P6: the family runner, built with Amendment F's columns and not run",UNREVIEWED,UNREVIEWED,UNREVIEWED,UNREVIEWED,UNREVIEWED,UNREVIEWED,UNREVIEWED
7a268be1b64179fbb470c0c2d31ac027fec2805c,2026-08-21,Log D58-D59: the partial-file hazard is systemic and I caused it,UNREVIEWED,UNREVIEWED,UNREVIEWED,UNREVIEWED,UNREVIEWED,UNREVIEWED,UNREVIEWED
8f6d0466210dc6389a36e2d15c19e37d8133ab98,2026-08-21,P2: the failing tests for Amendment F (07e98df),UNREVIEWED,UNREVIEWED,UNREVIEWED,UNREVIEWED,UNREVIEWED,UNREVIEWED,UNREVIEWED
5580de94f91d89b4254365bae7d1e87e0419cddd,2026-08-21,Log D55-D57: a partial result file indistinguishable from a complete one,UNREVIEWED,UNREVIEWED,UNREVIEWED,UNREVIEWED,UNREVIEWED,UNREVIEWED,UNREVIEWED
cd596d8af9154cfa9c485663ab43beffb61f6ed8,2026-08-21,"D23: Amendment F1 dual-n, and the fact that it cannot move this verdict",UNREVIEWED,UNREVIEWED,UNREVIEWED,UNREVIEWED,UNREVIEWED,UNREVIEWED,UNREVIEWED
eca6b8f69c94f27c2370099a3ff09ee2e5f955cd,2026-08-21,"Defer the sigma=0.10 gate, and make the output declare the reduction",UNREVIEWED,UNREVIEWED,UNREVIEWED,UNREVIEWED,UNREVIEWED,UNREVIEWED,UNREVIEWED
8e1fbed0c9bf922327d95883df571a0928598fd0,2026-08-21,Commit the RNG facts and the thread environment into P1's output,UNREVIEWED,UNREVIEWED,UNREVIEWED,UNREVIEWED,UNREVIEWED,UNREVIEWED,UNREVIEWED
a3c8750f8d5bf69286a63e30073f94aec8472bcc,2026-08-21,"F1 supplement: my statement about nulls was inverted, and sqrt(2) is ~9%",UNREVIEWED,UNREVIEWED,UNREVIEWED,UNREVIEWED,UNREVIEWED,UNREVIEWED,UNREVIEWED
f6d93596f60c73dae1ae5bd1d8283f70e8a16a48,2026-08-21,P2: analyse_p2 tolerates an --out outside the repo,UNREVIEWED,UNREVIEWED,UNREVIEWED,UNREVIEWED,UNREVIEWED,UNREVIEWED,UNREVIEWED
facb24b894f2e807009b201d079841210206d01a,2026-08-21,Declared scope reduction 1: P1 PASS 3 deferred; Erratum 7a effectively closed,UNREVIEWED,UNREVIEWED,UNREVIEWED,UNREVIEWED,UNREVIEWED,UNREVIEWED,UNREVIEWED
9bd06b74051ffe1a7774c8be6b5d58a5177b8396,2026-08-21,"P6: the runner's contract as a failing test, written before the runner",UNREVIEWED,UNREVIEWED,UNREVIEWED,UNREVIEWED,UNREVIEWED,UNREVIEWED,UNREVIEWED
148956a477e438d4e85cac3834c5685523f51731,2026-08-21,"Erratum 7: I closed Erratum 2 too early, and the thread speedup is workload-dependent",UNREVIEWED,UNREVIEWED,UNREVIEWED,UNREVIEWED,UNREVIEWED,UNREVIEWED,UNREVIEWED
9b187d37afede52bba1a82350310a81c3840df63,2026-08-21,"Amendment F in the P3 scorer, and the one narrow gate exemption d=8 needs",UNREVIEWED,UNREVIEWED,UNREVIEWED,UNREVIEWED,UNREVIEWED,UNREVIEWED,UNREVIEWED
33bf44a704ee8615085b83fb66e89ac0a8d64a0e,2026-08-21,Erratum 5c: withdraw my timing paragraph -- the probe never capped BLAS,UNREVIEWED,UNREVIEWED,UNREVIEWED,UNREVIEWED,UNREVIEWED,UNREVIEWED,UNREVIEWED
98c3ccc86e2c2952772aad3d0f80bbd4f5c7ad55,2026-08-21,Erratum 6: I committed F4's own defect inside the argument for F2,UNREVIEWED,UNREVIEWED,UNREVIEWED,UNREVIEWED,UNREVIEWED,UNREVIEWED,UNREVIEWED
09446208efb15c966e46924d10fbbb932cf70205,2026-08-21,B4: Erratum 2 check -- the family gates are exact at 1 and at 4 threads,UNREVIEWED,UNREVIEWED,UNREVIEWED,UNREVIEWED,UNREVIEWED,UNREVIEWED,UNREVIEWED
8c45e31e827075e266017d30226f4267fb9061cb,2026-08-21,boec.calibration is the canonical home for error_volumes,UNREVIEWED,UNREVIEWED,UNREVIEWED,UNREVIEWED,UNREVIEWED,UNREVIEWED,UNREVIEWED
f15cf9a6be67fb4c7790774e4d37f3a46b98087a,2026-08-21,P2: compute each distinct containment_probability call once per cell,UNREVIEWED,UNREVIEWED,UNREVIEWED,UNREVIEWED,UNREVIEWED,UNREVIEWED,UNREVIEWED
04b086ee5a1582553c2053441b0bb3e17aadc302,2026-08-21,"Erratum 5: F2a's nan claim was wrong for IoU, and I retracted a correct thread result",UNREVIEWED,UNREVIEWED,UNREVIEWED,UNREVIEWED,UNREVIEWED,UNREVIEWED,UNREVIEWED
b70172c987fd3f6aa6118129c9e11c6db1bb2981,2026-08-21,Checkpoint both runners and default to serial: this machine kills pool workers,UNREVIEWED,UNREVIEWED,UNREVIEWED,UNREVIEWED,UNREVIEWED,UNREVIEWED,UNREVIEWED
541ce68fe8510a4d5b07ffaa98ea93b943da4607,2026-08-21,"P5: name the achieved prevalence true_frac_above_tau, per Amendment F2a",UNREVIEWED,UNREVIEWED,UNREVIEWED,UNREVIEWED,UNREVIEWED,UNREVIEWED,UNREVIEWED
8c32ffc65c47d2ca9402b1e6554e127fb4eb4cc0,2026-08-21,Log D50-D54: a wrong-column gate would have passed on 88% of rows,UNREVIEWED,UNREVIEWED,UNREVIEWED,UNREVIEWED,UNREVIEWED,UNREVIEWED,UNREVIEWED
7bb423ca349de5583b43c69c074bb290246a5b16,2026-08-21,"Erratum 4: the audit's doe column shifts are one cell, and the wrong column is mostly right",UNREVIEWED,UNREVIEWED,UNREVIEWED,UNREVIEWED,UNREVIEWED,UNREVIEWED,UNREVIEWED
7146009b80bcdd6184a77aa2227648a277b0c355,2026-08-21,"F4: the pooled containment figure withdrawn, and the report corrected",UNREVIEWED,UNREVIEWED,UNREVIEWED,UNREVIEWED,UNREVIEWED,UNREVIEWED,UNREVIEWED
fe29889a56f07747be14c56c3fcb8c6c65caaced,2026-08-21,"Log D47-D49: the pause was free, and I missed AUPRC on one brief",UNREVIEWED,UNREVIEWED,UNREVIEWED,UNREVIEWED,UNREVIEWED,UNREVIEWED,UNREVIEWED
522052d75b5711688bc68ef5ad61e95566ab7614,2026-08-21,B4: family support and the builder hook in replay.regenerate,UNREVIEWED,UNREVIEWED,UNREVIEWED,UNREVIEWED,UNREVIEWED,UNREVIEWED,UNREVIEWED
a7573df66addada76e03d0c01999e7d35d20eb4c,2026-08-21,"P7/Amendment F: AUPRC, error volumes, dual-n, and an 11-column map gate",UNREVIEWED,UNREVIEWED,UNREVIEWED,UNREVIEWED,UNREVIEWED,UNREVIEWED,UNREVIEWED
f848addd7413d10421f122614bcf5b41faceb9c5,2026-08-21,"Log D44-D46: the gamma ladder was backwards, Erratum 2 closed, two right answers",UNREVIEWED,UNREVIEWED,UNREVIEWED,UNREVIEWED,UNREVIEWED,UNREVIEWED,UNREVIEWED
26091c9669ccb85f0e5bc14ae54e732430d8a420,2026-08-21,Erratum 3: I inverted the gamma-ladder difficulty ordering; Erratum 2 closed,UNREVIEWED,UNREVIEWED,UNREVIEWED,UNREVIEWED,UNREVIEWED,UNREVIEWED,UNREVIEWED
3a764d355dc104824067a8af77edcd3d476dee69,2026-08-21,"Log D40-D43: F1 refutes its own premise, both headlines survive, machine escalated",UNREVIEWED,UNREVIEWED,UNREVIEWED,UNREVIEWED,UNREVIEWED,UNREVIEWED,UNREVIEWED
caf6e4f31e6d2cb9b47b99adaefdd614a3257d15,2026-08-21,"P4b: test the inversion as an ordering, and give Holm a p-value with gradation",UNREVIEWED,UNREVIEWED,UNREVIEWED,UNREVIEWED,UNREVIEWED,UNREVIEWED,UNREVIEWED
24bfbcfe2d5fa7a74d6c1dd0795c1be4a457ac93,2026-08-21,"Score K6 and K6b from one regeneration, and fingerprint what was imported",UNREVIEWED,UNREVIEWED,UNREVIEWED,UNREVIEWED,UNREVIEWED,UNREVIEWED,UNREVIEWED
1c43573ce9bf883db2728f4604b21996a1e3a208,2026-08-21,P2: pin the overwrite guard and the provenance block,UNREVIEWED,UNREVIEWED,UNREVIEWED,UNREVIEWED,UNREVIEWED,UNREVIEWED,UNREVIEWED
516e13313bfe97bba33768894af949e069e63c12,2026-08-21,"F2a/F2c: error volumes as the primary metric, and IoU and Brier ranked",UNREVIEWED,UNREVIEWED,UNREVIEWED,UNREVIEWED,UNREVIEWED,UNREVIEWED,UNREVIEWED
ea88b162eaf567cfdc803337a2e070a4d7f960ba,2026-08-21,P2: carry true_frac_above_tau beside every containment fraction,UNREVIEWED,UNREVIEWED,UNREVIEWED,UNREVIEWED,UNREVIEWED,UNREVIEWED,UNREVIEWED
27d47ffc48785ac6c8e513f91375db9d33393689,2026-08-21,"P7/Amendment F: failing tests for AUPRC, error volumes and dual-n",UNREVIEWED,UNREVIEWED,UNREVIEWED,UNREVIEWED,UNREVIEWED,UNREVIEWED,UNREVIEWED
62c660fe0322507e1f7c039eee484cd22b3cbd59,2026-08-21,"E7-E8: doe's advantage is 59% identification, and the two sigma cells share noise draws",UNREVIEWED,UNREVIEWED,UNREVIEWED,UNREVIEWED,UNREVIEWED,UNREVIEWED,UNREVIEWED
ab4f9fc6fe493f5ffefa4bc4a939e6c064329585,2026-08-21,"P4 result: coord gated at |delta| = 0 on all 50, 1,200 K6 rows and 200 K6b rows",UNREVIEWED,UNREVIEWED,UNREVIEWED,UNREVIEWED,UNREVIEWED,UNREVIEWED,UNREVIEWED
64cd33df98f294a1f8b7d474ad3286cb368c92f2,2026-08-21,"D23 runner: full-space rule P reproduces Fix 1 bitwise, subspace rule P beside it",UNREVIEWED,UNREVIEWED,UNREVIEWED,UNREVIEWED,UNREVIEWED,UNREVIEWED,UNREVIEWED
96c0870cba79c087815b90fa4ec6f2bf69b6051b,2026-08-21,"F1: every reported contrast at both units, and the inflation measured",UNREVIEWED,UNREVIEWED,UNREVIEWED,UNREVIEWED,UNREVIEWED,UNREVIEWED,UNREVIEWED
e5f4745a3f63f94ca97303f29cf7f35e2875c09f,2026-08-21,Log D37-D39: doe's regret win is a single-cell result,UNREVIEWED,UNREVIEWED,UNREVIEWED,UNREVIEWED,UNREVIEWED,UNREVIEWED,UNREVIEWED
e19356ea87f9759cf089ea97224617e8b920a461,2026-08-21,"P7: test the decision rule itself, and carry the binned-Brier ranking",UNREVIEWED,UNREVIEWED,UNREVIEWED,UNREVIEWED,UNREVIEWED,UNREVIEWED,UNREVIEWED
e277be5f1cbb8badac7a010d24ac1b600a137a5b,2026-08-21,"P2: one BLAS thread per process, one process per campaign key",UNREVIEWED,UNREVIEWED,UNREVIEWED,UNREVIEWED,UNREVIEWED,UNREVIEWED,UNREVIEWED
513e703f6d00a2e0c476c297ae780bf4afc6805c,2026-08-21,"Report A1's contrast at both F1 units, and read the committed baselines at HEAD",UNREVIEWED,UNREVIEWED,UNREVIEWED,UNREVIEWED,UNREVIEWED,UNREVIEWED,UNREVIEWED
cea9ba030e4fdfe22d613c90343a028876ffed5f,2026-08-21,"Log D32-D36: I retract the thread benchmark, and the machine is not our fault",UNREVIEWED,UNREVIEWED,UNREVIEWED,UNREVIEWED,UNREVIEWED,UNREVIEWED,UNREVIEWED
9720d3bb7719b81b7996eb480e3fa2843e505a57,2026-08-21,"Pre-flight the P3 gate: 600/600 exact, including doe at d=8",UNREVIEWED,UNREVIEWED,UNREVIEWED,UNREVIEWED,UNREVIEWED,UNREVIEWED,UNREVIEWED
a083df8a491106dcf3fa4cb8f7c014c7319eee88,2026-08-21,"P4b runner: the ranking rho, its bootstrap over units, and the width regression",UNREVIEWED,UNREVIEWED,UNREVIEWED,UNREVIEWED,UNREVIEWED,UNREVIEWED,UNREVIEWED
4a7bc38745f1c9037145acab2cd3098ba3133860,2026-08-21,"Errata 1-2: P1's scope gloss was wrong, and gates may depend on an unrecorded thread count",UNREVIEWED,UNREVIEWED,UNREVIEWED,UNREVIEWED,UNREVIEWED,UNREVIEWED,UNREVIEWED
c510a7b4d5334a52f3fc9c7aa14069e4983ec572,2026-08-21,Register Amendment F1's dual unit for P1's A1 contrast as failing tests,UNREVIEWED,UNREVIEWED,UNREVIEWED,UNREVIEWED,UNREVIEWED,UNREVIEWED,UNREVIEWED
9f23d383675cd3e5bc5e132ead9d37ed29c1c472,2026-08-21,"P7: rank correlation beside the registered boolean, and fix an inverted git guard",UNREVIEWED,UNREVIEWED,UNREVIEWED,UNREVIEWED,UNREVIEWED,UNREVIEWED,UNREVIEWED
fa006ea83d29c14a5e839f9469554dec4da01b11,2026-08-21,Register P4b's premise and its bootstrap unit as failing tests,UNREVIEWED,UNREVIEWED,UNREVIEWED,UNREVIEWED,UNREVIEWED,UNREVIEWED,UNREVIEWED
1b7d69ddaec7d08adcdc28f87b85219f7d42789b,2026-08-21,"B4: the failing family gates for replay.regenerate, written before the code",UNREVIEWED,UNREVIEWED,UNREVIEWED,UNREVIEWED,UNREVIEWED,UNREVIEWED,UNREVIEWED
1eda2a9591697376d44ed43e40164cbd1c5a869b,2026-08-21,Checkpoint the P1 payload after every pair,UNREVIEWED,UNREVIEWED,UNREVIEWED,UNREVIEWED,UNREVIEWED,UNREVIEWED,UNREVIEWED
8de0ea422978679142fcd7a293300874730f7578,2026-08-21,P7: runner for the Murphy decomposition at the primary cell,UNREVIEWED,UNREVIEWED,UNREVIEWED,UNREVIEWED,UNREVIEWED,UNREVIEWED,UNREVIEWED
6ef64cbe36db9905ce932b3f379c75ce6f58fc99,2026-08-21,Sanitize the payload so a NaN mismatch cannot lose the run at the write step,UNREVIEWED,UNREVIEWED,UNREVIEWED,UNREVIEWED,UNREVIEWED,UNREVIEWED,UNREVIEWED
b57be2e8c1f72f8a4aeea6815770cf51850e5cac,2026-08-21,"F1: the failing dual-unit test, anchored on the committed n=50 analyses",UNREVIEWED,UNREVIEWED,UNREVIEWED,UNREVIEWED,UNREVIEWED,UNREVIEWED,UNREVIEWED
66112e24a09e0bb09d7cbc9226e3ca86fade5f89,2026-08-21,"P5: tau_q, the per-family prevalence quantile, and its recomputation gate",UNREVIEWED,UNREVIEWED,UNREVIEWED,UNREVIEWED,UNREVIEWED,UNREVIEWED,UNREVIEWED
b1bc3f1f0348308814dca0071ac40b614b182423,2026-08-21,"P2: the runner and the analysis, 19/19 green",UNREVIEWED,UNREVIEWED,UNREVIEWED,UNREVIEWED,UNREVIEWED,UNREVIEWED,UNREVIEWED
21617be2007ab1f79afe03595a233ad1237615f6,2026-08-21,"F2a: the failing IoU-reproduction test, written before the derivation",UNREVIEWED,UNREVIEWED,UNREVIEWED,UNREVIEWED,UNREVIEWED,UNREVIEWED,UNREVIEWED
98f9ea8f09c19cd6f5b4aca4c5a79fcbedf43e02,2026-08-21,"P7: Murphy calibration-refinement decomposition, 10 equal-count bins",UNREVIEWED,UNREVIEWED,UNREVIEWED,UNREVIEWED,UNREVIEWED,UNREVIEWED,UNREVIEWED
64b60f2939b456d14994703dc82243e005a97f8e,2026-08-21,Register D23-RESCORE's gates as failing tests before its runner exists,UNREVIEWED,UNREVIEWED,UNREVIEWED,UNREVIEWED,UNREVIEWED,UNREVIEWED,UNREVIEWED
1b782627394d32d7ce7c0f07c6e98afe2e74a087,2026-08-21,"P3 runner: one regeneration per campaign, two deliverables, an unskippable gate",UNREVIEWED,UNREVIEWED,UNREVIEWED,UNREVIEWED,UNREVIEWED,UNREVIEWED,UNREVIEWED
0890f373be8a1652edb6a820514d9b24e0de1c7c,2026-08-21,"P1 runner: gate the kernel arms, re-score the 2,800 rows, and control the harness",UNREVIEWED,UNREVIEWED,UNREVIEWED,UNREVIEWED,UNREVIEWED,UNREVIEWED,UNREVIEWED
6d6ba668958b0676fb622e1da28befc0260c3f05,2026-08-21,P4 runner: coord regenerates at |delta| = 0 and both scorers reproduce lhs bitwise,UNREVIEWED,UNREVIEWED,UNREVIEWED,UNREVIEWED,UNREVIEWED,UNREVIEWED,UNREVIEWED
8f117581962ec268a79157416285fee1e07e7f1f,2026-08-21,"Log D30-D31: four metric defects Joseph found, three of which I should have caught",UNREVIEWED,UNREVIEWED,UNREVIEWED,UNREVIEWED,UNREVIEWED,UNREVIEWED,UNREVIEWED
900e6b1a8fb4429918f4b52ca70802fc6cb9d7fa,2026-08-21,"P7: the Murphy identity check, written before the module it tests",UNREVIEWED,UNREVIEWED,UNREVIEWED,UNREVIEWED,UNREVIEWED,UNREVIEWED,UNREVIEWED
ddd1ec653bcbaa23e2c521edc0058d1f3c119379,2026-08-21,P2: the failing test for Version B on the gamma ladder,UNREVIEWED,UNREVIEWED,UNREVIEWED,UNREVIEWED,UNREVIEWED,UNREVIEWED,UNREVIEWED
383fcf05988b2e42fb195bb036fd734b896d1c51,2026-08-21,"P5: the failing gate for tau_q, written before the runner exists",UNREVIEWED,UNREVIEWED,UNREVIEWED,UNREVIEWED,UNREVIEWED,UNREVIEWED,UNREVIEWED
e53d2b1fe1fed2e34a639459388e8fc93c5554fe,2026-08-21,Register P4's gate as a failing test before its runner exists,UNREVIEWED,UNREVIEWED,UNREVIEWED,UNREVIEWED,UNREVIEWED,UNREVIEWED,UNREVIEWED
2467c0166ba808ab61a246c99bf344813c100ba6,2026-08-21,Register P3's gate and the tau_max sensitivity as failing tests,UNREVIEWED,UNREVIEWED,UNREVIEWED,UNREVIEWED,UNREVIEWED,UNREVIEWED,UNREVIEWED
63cb6a3d88a0a489c655a5ad8e5c70bb8ce3af80,2026-08-21,Register P1's gate as a failing test before its runner exists,UNREVIEWED,UNREVIEWED,UNREVIEWED,UNREVIEWED,UNREVIEWED,UNREVIEWED,UNREVIEWED
07e98df0ca6757d1dfd65687b31272821861b223,2026-08-21,"Amendment F: four corrections, registered before the affected analyses land",UNREVIEWED,UNREVIEWED,UNREVIEWED,UNREVIEWED,UNREVIEWED,UNREVIEWED,UNREVIEWED
b9626ad27fc9d8f706702ff277dcdde4bc0cc671,2026-08-21,"Log D25-D29: the three decisions, and why tau_max is deliberately not fixed",UNREVIEWED,UNREVIEWED,UNREVIEWED,UNREVIEWED,UNREVIEWED,UNREVIEWED,UNREVIEWED
5c44e6aba2255dec0d2cffc6a0be539064be2ae5,2026-08-21,Register Phases 2-4 before any runner file exists,UNREVIEWED,UNREVIEWED,UNREVIEWED,UNREVIEWED,UNREVIEWED,UNREVIEWED,UNREVIEWED
6f5ad61e5c53cfb19fa63a434ca66bb1e032c1eb,2026-08-21,"Log D23-D24: three caveats on the headline, one of which is material",UNREVIEWED,UNREVIEWED,UNREVIEWED,UNREVIEWED,UNREVIEWED,UNREVIEWED,UNREVIEWED
ade4a3f893edbf89f21300edefaf6b5905ef670c,2026-08-21,"Fix 5 is a null, the diagnostics resolve E1 and E2, and the stop condition held",UNREVIEWED,UNREVIEWED,UNREVIEWED,UNREVIEWED,UNREVIEWED,UNREVIEWED,UNREVIEWED
6de7c13837df11363d9f357596d8bed7c648b2eb,2026-08-21,Log D20: the regret ranking inverts under a posterior-mean terminal rule,UNREVIEWED,UNREVIEWED,UNREVIEWED,UNREVIEWED,UNREVIEWED,UNREVIEWED,UNREVIEWED
82d8055371ac19f4572cd868703c53d8cf7584c2,2026-08-21,Fix 1: the regret ranking REVERSES under a posterior-mean terminal rule,UNREVIEWED,UNREVIEWED,UNREVIEWED,UNREVIEWED,UNREVIEWED,UNREVIEWED,UNREVIEWED
11350954a1771c4dae3489eba39d5e7709b0993b,2026-08-21,Log D19: resolved an agent-vs-agent numeric disagreement by re-deriving it,UNREVIEWED,UNREVIEWED,UNREVIEWED,UNREVIEWED,UNREVIEWED,UNREVIEWED,UNREVIEWED
782113a5aa3f213aebb8c2efdb4621af077d1cae,2026-08-21,"Log D18: stopped an idle agent, and the prompt pattern that caused it",UNREVIEWED,UNREVIEWED,UNREVIEWED,UNREVIEWED,UNREVIEWED,UNREVIEWED,UNREVIEWED
1c7bc6029cbf215bec974250de16e91b7e0663fc,2026-08-21,Log D17: 874 tests pass after four agents edited the tree in parallel,UNREVIEWED,UNREVIEWED,UNREVIEWED,UNREVIEWED,UNREVIEWED,UNREVIEWED,UNREVIEWED
5be755b5d34f5515bdc0840d973ca752b2940ec3,2026-08-21,"Log D15-D16, run state, and the three decisions that are yours not mine",UNREVIEWED,UNREVIEWED,UNREVIEWED,UNREVIEWED,UNREVIEWED,UNREVIEWED,UNREVIEWED
63783aa3cfbb8001cdc6c22128205a7d3b84e131,2026-08-21,"Log D10-D14: two defects in my own Step 0, and Amendment A1 is impossible",UNREVIEWED,UNREVIEWED,UNREVIEWED,UNREVIEWED,UNREVIEWED,UNREVIEWED,UNREVIEWED
f681e7139e876a7724305c941599c84fe69a8c80,2026-08-21,"Log D8: my E2 conclusion was wrong, verified and retracted",UNREVIEWED,UNREVIEWED,UNREVIEWED,UNREVIEWED,UNREVIEWED,UNREVIEWED,UNREVIEWED
6bef42cd5cc3a7a71278ae7617cb680223231b64,2026-08-21,Report the straddle's raw SD beside its ratio: the two criteria do not share a denominator,UNREVIEWED,UNREVIEWED,UNREVIEWED,UNREVIEWED,UNREVIEWED,UNREVIEWED,UNREVIEWED
4cc71cd15dede6838d88f8baacd597627991af7a,2026-08-21,"Analysis for the predictive arm: validated metrics, model-internal metrics, and the flatness census",UNREVIEWED,UNREVIEWED,UNREVIEWED,UNREVIEWED,UNREVIEWED,UNREVIEWED,UNREVIEWED
c8347f13258f9284024e7c6ce0874fbc0b58411d,2026-08-21,"Version B gains the predictive arm, the E1/E2 diagnostics, and a gate against its own committed column",UNREVIEWED,UNREVIEWED,UNREVIEWED,UNREVIEWED,UNREVIEWED,UNREVIEWED,UNREVIEWED
19f05ac0bb17d3b959b54dcf1e422c0b2aa5caff,2026-08-21,"E6: a straddle on the predictive contour, added as a variant rather than a replacement",UNREVIEWED,UNREVIEWED,UNREVIEWED,UNREVIEWED,UNREVIEWED,UNREVIEWED,UNREVIEWED
cee1f45212244eab34654adda72a19b2f6fb9772,2026-08-21,E2 does not reproduce: the exclusion radius binds in 22 of 50 live campaigns,UNREVIEWED,UNREVIEWED,UNREVIEWED,UNREVIEWED,UNREVIEWED,UNREVIEWED,UNREVIEWED
d624fa2b4d9bc109ca33f1e724f475284d543bf0,2026-08-21,"Register E1's flatness threshold, E6's predictive arm, and E2's resolution before any runner changes",UNREVIEWED,UNREVIEWED,UNREVIEWED,UNREVIEWED,UNREVIEWED,UNREVIEWED,UNREVIEWED
4e1476919311433e67e34064c35486b8b37cc0e6,2026-08-21,"Register Fix 1 before its runner exists: a posterior-mean terminal rule, and the asymmetry it is supposed to show",UNREVIEWED,UNREVIEWED,UNREVIEWED,UNREVIEWED,UNREVIEWED,UNREVIEWED,UNREVIEWED
e5f17173f398c254bd8daacd99e70c7cec28a32b,2026-08-21,Start an overnight decision log for morning review,UNREVIEWED,UNREVIEWED,UNREVIEWED,UNREVIEWED,UNREVIEWED,UNREVIEWED,UNREVIEWED
6edf70807c4633c89be0be4df2ff9da0fa27e066,2026-08-21,"Step 0: the regret gap is BOTH search and identification, and the split differs by arm",UNREVIEWED,UNREVIEWED,UNREVIEWED,UNREVIEWED,UNREVIEWED,UNREVIEWED,UNREVIEWED
14449698d351f8cf1f040dc800f07812f0587058,2026-08-21,Register Step 0 before its runner exists,UNREVIEWED,UNREVIEWED,UNREVIEWED,UNREVIEWED,UNREVIEWED,UNREVIEWED,UNREVIEWED
f333eb4d026bbeb83687c8719e7cc53a5c51e5ee,2026-08-21,Retract the circular containment claim from the findings record,UNREVIEWED,UNREVIEWED,UNREVIEWED,UNREVIEWED,UNREVIEWED,UNREVIEWED,UNREVIEWED
cf141988961ed11b7a70ae47be30b0a6122b0aec,2026-08-21,"Technical report: Version B containment folded in, and a Holm error corrected",UNREVIEWED,UNREVIEWED,UNREVIEWED,UNREVIEWED,UNREVIEWED,UNREVIEWED,UNREVIEWED
b7696b9c8ea9b6da28e836702ec910c03c5ed593,2026-08-21,Include the technical report revision in the working tree,UNREVIEWED,UNREVIEWED,UNREVIEWED,UNREVIEWED,UNREVIEWED,UNREVIEWED,UNREVIEWED
97a83526a25b9488e574fc99d702f114c46734f1,2026-08-21,"Version B measured: SPADE's certified region holds, DoE's is contained 0 of 50 times",UNREVIEWED,UNREVIEWED,UNREVIEWED,UNREVIEWED,UNREVIEWED,UNREVIEWED,UNREVIEWED
547b8af2652d0064ccbec8f2024f2ec360ac723e,2026-08-21,"Measure Version B's containment instead of inferring it, and apply B3 there too",UNREVIEWED,UNREVIEWED,UNREVIEWED,UNREVIEWED,UNREVIEWED,UNREVIEWED,UNREVIEWED
10458743d5a08f682a667968c32cca6c3fbd30ee,2026-08-21,"K6b re-run: the classical arm's certified region is anti-conservative, 2-3x",UNREVIEWED,UNREVIEWED,UNREVIEWED,UNREVIEWED,UNREVIEWED,UNREVIEWED,UNREVIEWED
3d57e25bd86587168720aff483a31546cffc11cb,2026-08-21,Report the non-circular containment beside the circular one,UNREVIEWED,UNREVIEWED,UNREVIEWED,UNREVIEWED,UNREVIEWED,UNREVIEWED,UNREVIEWED
b3de1d27e8698f67f8caa97247fad709cbf9e75a,2026-08-21,Fix two K6b defects: a circular containment metric and an unimplemented policy,UNREVIEWED,UNREVIEWED,UNREVIEWED,UNREVIEWED,UNREVIEWED,UNREVIEWED,UNREVIEWED
0e3ea3ab0778c87cee41a1ec198f4d31ef033305,2026-08-20,"Version B passes both registered kills, and KILL 2 answers the flatness worry",UNREVIEWED,UNREVIEWED,UNREVIEWED,UNREVIEWED,UNREVIEWED,UNREVIEWED,UNREVIEWED
72d423bf888a5d2de7b40a7c9c87c6ecaf8aa834,2026-08-20,"Version B analysis: both registered kills, reported on wells and rounds",UNREVIEWED,UNREVIEWED,UNREVIEWED,UNREVIEWED,UNREVIEWED,UNREVIEWED,UNREVIEWED
f8290a5bf5612f5151661e82c43cd6877bd7f0a8,2026-08-20,"Task 8: batch LSE for plate 2, and the Version B runner",UNREVIEWED,UNREVIEWED,UNREVIEWED,UNREVIEWED,UNREVIEWED,UNREVIEWED,UNREVIEWED
2731778148ccb268dac86b8c78544ac2118e0beb,2026-08-20,Register Version B before its module exists,UNREVIEWED,UNREVIEWED,UNREVIEWED,UNREVIEWED,UNREVIEWED,UNREVIEWED,UNREVIEWED
d920541fd48847e7f954d06530c64b8c96edb122,2026-08-20,"K6 and K6b complete, and the gap that qualifies both: SPADE is a two-round method",UNREVIEWED,UNREVIEWED,UNREVIEWED,UNREVIEWED,UNREVIEWED,UNREVIEWED,UNREVIEWED
3c5ca889fc8bf8a02fb956f98a388678a8db5098,2026-08-20,"Findings record: what we are doing, why, what we found, and what it means",UNREVIEWED,UNREVIEWED,UNREVIEWED,UNREVIEWED,UNREVIEWED,UNREVIEWED,UNREVIEWED
4edf4ffd09a9f483f21de5fe6b76f60e866e0970,2026-08-20,"Merge the spread arms into the K6 analysis, with a config-agreement assertion",UNREVIEWED,UNREVIEWED,UNREVIEWED,UNREVIEWED,UNREVIEWED,UNREVIEWED,UNREVIEWED
fdd74596423990e0b9b6bc142d42e1df9e2b0af5,2026-08-20,"Add the one-shot spread arms, and reproduce their arithmetic rather than tolerate it",UNREVIEWED,UNREVIEWED,UNREVIEWED,UNREVIEWED,UNREVIEWED,UNREVIEWED,UNREVIEWED
0bdd806212a4710af7b31769d1204dc8d28b8dfa,2026-08-20,Task 1 complete: every committed campaign regenerates exactly,UNREVIEWED,UNREVIEWED,UNREVIEWED,UNREVIEWED,UNREVIEWED,UNREVIEWED,UNREVIEWED
38770e7c634d2e49587e3d3353432104e50cb253,2026-08-20,K6 complete: the design-space ranking diverges from regret in 24 of 24 cells,UNREVIEWED,UNREVIEWED,UNREVIEWED,UNREVIEWED,UNREVIEWED,UNREVIEWED,UNREVIEWED
f47c6f3b24c85ddc7344f93a17aceef6c210b280,2026-08-20,"K6b analysis: alpha* ranking, paired contrasts, and achieved-vs-nominal containment",UNREVIEWED,UNREVIEWED,UNREVIEWED,UNREVIEWED,UNREVIEWED,UNREVIEWED,UNREVIEWED
7b46a015d82fa004df8d8b1fa846a12de45c2867,2026-08-20,K6b runner: conservative excursion sets on the regenerated campaigns,UNREVIEWED,UNREVIEWED,UNREVIEWED,UNREVIEWED,UNREVIEWED,UNREVIEWED,UNREVIEWED
a35b1fc06c2a6a87a6f140fa043fb41abf469118,2026-08-20,"Register K6b before its runner exists, with the margin-1 algebra checked first",UNREVIEWED,UNREVIEWED,UNREVIEWED,UNREVIEWED,UNREVIEWED,UNREVIEWED,UNREVIEWED
f96b59c601c1cead15c6adcce586e0ef9dd7a223,2026-08-20,Checkpoint in-flight results before suspend,UNREVIEWED,UNREVIEWED,UNREVIEWED,UNREVIEWED,UNREVIEWED,UNREVIEWED,UNREVIEWED
158a6b433d7a12b04b9bd43b6f00bb950c231693,2026-08-20,Checkpoint partial K1-gate and K6 output before suspend,UNREVIEWED,UNREVIEWED,UNREVIEWED,UNREVIEWED,UNREVIEWED,UNREVIEWED,UNREVIEWED
4620979561dc9ff8a1f1c78ffe53d494b778a91d,2026-08-20,Conservative excursion sets: joint certification and the alpha* metric,UNREVIEWED,UNREVIEWED,UNREVIEWED,UNREVIEWED,UNREVIEWED,UNREVIEWED,UNREVIEWED
55e070bc9b0915a3ecbfb471a951e9409152426f,2026-08-20,"K6 analysis: rank comparison, paired contrasts, and the false-inclusion check",UNREVIEWED,UNREVIEWED,UNREVIEWED,UNREVIEWED,UNREVIEWED,UNREVIEWED,UNREVIEWED
147f1c0db76bff9da1e7a1c424fd85a908084294,2026-08-20,"K6 runner, and the quadratic-posterior trap that would have made it unrunnable",UNREVIEWED,UNREVIEWED,UNREVIEWED,UNREVIEWED,UNREVIEWED,UNREVIEWED,UNREVIEWED
11e5beef3940e4e3d1e5637face5cd2e84cadf22,2026-08-20,"Task 1 and the K6 modules: replay, norms, and the design-space deliverables",UNREVIEWED,UNREVIEWED,UNREVIEWED,UNREVIEWED,UNREVIEWED,UNREVIEWED,UNREVIEWED
ef118ddf95d3680b9dc035490eb44d002077bda9,2026-08-20,Register the K-series before any runner exists,UNREVIEWED,UNREVIEWED,UNREVIEWED,UNREVIEWED,UNREVIEWED,UNREVIEWED,UNREVIEWED
431e9e1878717b5a7c951116b86d0e868c4e737f,2026-08-20,"Amendment C: the cost frontier has no test bed, and the tau grid was self-defeating",UNREVIEWED,UNREVIEWED,UNREVIEWED,UNREVIEWED,UNREVIEWED,UNREVIEWED,UNREVIEWED
77219b321f1a7866445dabc10fa701c4a7e51051,2026-08-20,"Amendment B: Peterson's noise floor, the cost frontier, and a metric that cannot be zero",UNREVIEWED,UNREVIEWED,UNREVIEWED,UNREVIEWED,UNREVIEWED,UNREVIEWED,UNREVIEWED
1ff42a2a90d4a19b427eb856acc69cdc718f4000,2026-08-20,"Review the ODIN and SPADE proposals, and plan the go/no-go tests",UNREVIEWED,UNREVIEWED,UNREVIEWED,UNREVIEWED,UNREVIEWED,UNREVIEWED,UNREVIEWED
c0fffff708b7d5b451adcfecd70e2609e7f09456,2026-08-17,"Fold Q54–Q59 into the manuscript: confirmation, noisy EI, and Hartmann screening.",UNREVIEWED,UNREVIEWED,UNREVIEWED,UNREVIEWED,UNREVIEWED,UNREVIEWED,UNREVIEWED
562775e58780f13ade0a452987e32de43c6f98dd,2026-08-16,Extend the plain-English summary with the four robustness runs,UNREVIEWED,UNREVIEWED,UNREVIEWED,UNREVIEWED,UNREVIEWED,UNREVIEWED,UNREVIEWED
98c043cd625b1f02b5fe9879fac21448733c9e38,2026-08-16,"Workstreams 5 and the Figure 1 gap: the screen was helping, and Figure 1 is derived",UNREVIEWED,UNREVIEWED,UNREVIEWED,UNREVIEWED,UNREVIEWED,UNREVIEWED,UNREVIEWED
e2b9e7b04fb2618f1b073404761c11bb0cc9c868,2026-08-16,"Workstreams 3, 6 and 7: the headline survives the acquisition and fails the protocol",UNREVIEWED,UNREVIEWED,UNREVIEWED,UNREVIEWED,UNREVIEWED,UNREVIEWED,UNREVIEWED
a189dddf881588908ab8f5f36e58531011a77308,2026-08-16,"Plain-English summary of Q54, Q55 and Q56",UNREVIEWED,UNREVIEWED,UNREVIEWED,UNREVIEWED,UNREVIEWED,UNREVIEWED,UNREVIEWED
3ecfe6df2e6d83fdb58b3a461a18cc81a857172f,2026-08-16,"Q54: Hill spread_gp at five draws -- the match holds, and on rule C it wins",UNREVIEWED,UNREVIEWED,UNREVIEWED,UNREVIEWED,UNREVIEWED,UNREVIEWED,UNREVIEWED
fd842ac81b1b6aa701799970a4a117776afd5eaf,2026-08-16,"Q55 and Q56: separate search from identification, and let the classical arm walk",UNREVIEWED,UNREVIEWED,UNREVIEWED,UNREVIEWED,UNREVIEWED,UNREVIEWED,UNREVIEWED
756e4ea9c93a0e2abff10ef5eb1cf164221d04ff,2026-08-16,Reframe the manuscript around terminal-decision dependence and register the remaining experiments.,UNREVIEWED,UNREVIEWED,UNREVIEWED,UNREVIEWED,UNREVIEWED,UNREVIEWED,UNREVIEWED
454df74817330d1e839c803008c39e89b8edf96a,2026-08-15,Rewrite RESEARCH-SUMMARY as a paper with a plain-language guide to the tests.,UNREVIEWED,UNREVIEWED,UNREVIEWED,UNREVIEWED,UNREVIEWED,UNREVIEWED,UNREVIEWED
1cdc4481d75c4c9236c47f24b94866d6834b4eba,2026-08-14,Record Q52 rounds-to-arrival and write the full four-cell methods/results grid.,UNREVIEWED,UNREVIEWED,UNREVIEWED,UNREVIEWED,UNREVIEWED,UNREVIEWED,UNREVIEWED
ec5bfffea9be020a103db2cf3a55b5f572920f7b,2026-08-14,"Add RESEARCH-SUMMARY.md — authored elsewhere, verified here before committing",UNREVIEWED,UNREVIEWED,UNREVIEWED,UNREVIEWED,UNREVIEWED,UNREVIEWED,UNREVIEWED
b338c5ccc08f4a9b6ea215febb5275671955122f,2026-08-14,"Cost-curve page, committed with the script that generates it",UNREVIEWED,UNREVIEWED,UNREVIEWED,UNREVIEWED,UNREVIEWED,UNREVIEWED,UNREVIEWED
fe04ec34b6ce80793fe431cf6a467678fce49765,2026-08-14,"Q53 RESULT: the prediction held 8 of 8 -- spread+GP ties on smooth landscapes, loses on deceptive ones",UNREVIEWED,UNREVIEWED,UNREVIEWED,UNREVIEWED,UNREVIEWED,UNREVIEWED,UNREVIEWED
b7240ade5cb60d181a65400bbc210c2e119c8e37,2026-08-14,Fix a pointer the triage broke: project_plan.md Part E is the LIVE Phase 3 spec,UNREVIEWED,UNREVIEWED,UNREVIEWED,UNREVIEWED,UNREVIEWED,UNREVIEWED,UNREVIEWED
fa585f0965c3937da561b04da6566570dc239557,2026-08-14,Merge remote-tracking branch 'origin/main',UNREVIEWED,UNREVIEWED,UNREVIEWED,UNREVIEWED,UNREVIEWED,UNREVIEWED,UNREVIEWED
a0072cf9b4c18b647c977968b6fa36e945674cdb,2026-08-14,"RESULTS.md: six corrections the triage surfaced, including a retracted headline still in a heading",UNREVIEWED,UNREVIEWED,UNREVIEWED,UNREVIEWED,UNREVIEWED,UNREVIEWED,UNREVIEWED
e838add4b997edb4fe8edc039bc184e69b6415b7,2026-08-14,"Dossier §12: everything since the Q52 §2 entry, and Q53 registered and running",UNREVIEWED,UNREVIEWED,UNREVIEWED,UNREVIEWED,UNREVIEWED,UNREVIEWED,UNREVIEWED
9c7a0810176f3e533b8ec66c82c117b540f78119,2026-08-14,"Q53 harness: the arm extracted, and the extraction gated against the committed Q52 grid",UNREVIEWED,UNREVIEWED,UNREVIEWED,UNREVIEWED,UNREVIEWED,UNREVIEWED,UNREVIEWED
73d23616ca1746c1ae55af82976ffaa59f590c28,2026-08-14,"Q53 REGISTERED: spread_gp on the external families, prediction fixed before the runner exists",UNREVIEWED,UNREVIEWED,UNREVIEWED,UNREVIEWED,UNREVIEWED,UNREVIEWED,UNREVIEWED
b0a2dc3d5c42a000aa23865af7de97dc514fbf77,2026-08-14,"Information matrix: spread+GP is Hill-only, and it ties qLogEI in one round",UNREVIEWED,UNREVIEWED,UNREVIEWED,UNREVIEWED,UNREVIEWED,UNREVIEWED,UNREVIEWED
898ded36c6766ce68f5be6be8191cbb8939cb7c4,2026-08-14,"Phase 3 feasibility on the coating data: the answer is no, and here is why.",UNREVIEWED,UNREVIEWED,UNREVIEWED,UNREVIEWED,UNREVIEWED,UNREVIEWED,UNREVIEWED
b576491eac86c7d9e6dc81b8a8c51e355efdc43b,2026-08-14,Repair cell_mean properly: keep the per-instance axis for all 12 arm-cells.,UNREVIEWED,UNREVIEWED,UNREVIEWED,UNREVIEWED,UNREVIEWED,UNREVIEWED,UNREVIEWED
8696644d9d94251f29931ee6debda84c604fc4b7,2026-08-14,"Triage: a main line, an archive, and 8 claims that did not survive it",UNREVIEWED,UNREVIEWED,UNREVIEWED,UNREVIEWED,UNREVIEWED,UNREVIEWED,UNREVIEWED
9a2161ba162ccdc947eb7a96f58fb0405e2cacd6,2026-08-14,"Fix the paired contrast CLAIMS.md leads with -- and find it was stale, not just unbacked.",UNREVIEWED,UNREVIEWED,UNREVIEWED,UNREVIEWED,UNREVIEWED,UNREVIEWED,UNREVIEWED
d110da826529081b1533782840d35eed7248e825,2026-08-14,Consistency pass: point every stale reference at the new data/lab layout.,UNREVIEWED,UNREVIEWED,UNREVIEWED,UNREVIEWED,UNREVIEWED,UNREVIEWED,UNREVIEWED
c31437f1143e08650488829d4d6bedb53e97b782,2026-08-14,"Commit the Q50 completion and the estimand evaluation, per .gitignore's own rules.",UNREVIEWED,UNREVIEWED,UNREVIEWED,UNREVIEWED,UNREVIEWED,UNREVIEWED,UNREVIEWED
547b64115d88be576cae076a24feeda960d677f0,2026-08-14,"Split data/lab three ways: raw/ (immutable), overlay/ (judgement), derived/ (disposable).",UNREVIEWED,UNREVIEWED,UNREVIEWED,UNREVIEWED,UNREVIEWED,UNREVIEWED,UNREVIEWED
e2ccd528a31c261a3cec2d6e96c9b38c649003cf,2026-08-14,"D20 FIXED and rescored: the classical arm is back on rule A, and two published cells go null",UNREVIEWED,UNREVIEWED,UNREVIEWED,UNREVIEWED,UNREVIEWED,UNREVIEWED,UNREVIEWED
27fb98c48c982bd3495133ae0ee4f41a141639db,2026-08-14,"D20: the DoE arm's rule A is oracle-best, and in Q42 the two arms are on different rules",UNREVIEWED,UNREVIEWED,UNREVIEWED,UNREVIEWED,UNREVIEWED,UNREVIEWED,UNREVIEWED
0dd5a5d0eed7af961c23a5ec68b1d45ae049c5b1,2026-08-14,"Project dossier: record the Q52 §2 result, the retracted headline, and D18/D19",UNREVIEWED,UNREVIEWED,UNREVIEWED,UNREVIEWED,UNREVIEWED,UNREVIEWED,UNREVIEWED
197b00e66a89ff2f4fa5585204115451021feb7c,2026-08-14,"Spec: record the evaluator wiring, and correct the truth() assessment.",UNREVIEWED,UNREVIEWED,UNREVIEWED,UNREVIEWED,UNREVIEWED,UNREVIEWED,UNREVIEWED
9bcef5768e67f1400fe8b183467e81554f00f271,2026-08-14,"Wire the candidates to the optimizer, and make the last step refuse to happen.",UNREVIEWED,UNREVIEWED,UNREVIEWED,UNREVIEWED,UNREVIEWED,UNREVIEWED,UNREVIEWED
495979383f2ce4ee118e03e9df3be55f58892e2f,2026-08-14,"Design spec for the lab data pipeline, written against what was built.",UNREVIEWED,UNREVIEWED,UNREVIEWED,UNREVIEWED,UNREVIEWED,UNREVIEWED,UNREVIEWED
184c5abf5e532b1c52a411793ff6f1a911330ff8,2026-08-14,"Correct the instrument across the overlay, and record the resolved gate.",UNREVIEWED,UNREVIEWED,UNREVIEWED,UNREVIEWED,UNREVIEWED,UNREVIEWED,UNREVIEWED
f28ba66fd7f678c3e02d71912ee588de7c7bc9e1,2026-08-14,"Assemble the pipeline: 305 files in, ten derived tables out, in 31 seconds.",UNREVIEWED,UNREVIEWED,UNREVIEWED,UNREVIEWED,UNREVIEWED,UNREVIEWED,UNREVIEWED
076ec5735b987bf9a77c2dbd690770061ba521cc,2026-08-14,"Phase-contrast coverage on the 12 dose-matched images, with comparability checked first.",UNREVIEWED,UNREVIEWED,UNREVIEWED,UNREVIEWED,UNREVIEWED,UNREVIEWED,UNREVIEWED
acfde747ea7bc0dd2b28442aa5cd4d5c495f4a3b,2026-08-14,"Recover the well map from the protocol docx, and the confounding that comes with it.",UNREVIEWED,UNREVIEWED,UNREVIEWED,UNREVIEWED,UNREVIEWED,UNREVIEWED,UNREVIEWED
edd15c8a656f3fa5b67f011c07d4947a0ab93fe7,2026-08-14,"Resolve the CD31 channel from the sorted reference panel: B525-A, by 8.4 points.",UNREVIEWED,UNREVIEWED,UNREVIEWED,UNREVIEWED,UNREVIEWED,UNREVIEWED,UNREVIEWED
0840231541f9d0d126f0b43b9eb486e787760a0b,2026-08-14,"FCS reader over all 52 acquisitions, and three instrument facts the docs had wrong.",UNREVIEWED,UNREVIEWED,UNREVIEWED,UNREVIEWED,UNREVIEWED,UNREVIEWED,UNREVIEWED
dee9e6e3f4506f748e4e7614a89ca19624a3cb40,2026-08-14,"Lab file index: read all 305 files under data/lab, verify every committed checksum.",UNREVIEWED,UNREVIEWED,UNREVIEWED,UNREVIEWED,UNREVIEWED,UNREVIEWED,UNREVIEWED
aff36a9595ee3334a20ab1bdfe0bf869f612ca37,2026-08-14,"Q52 §2 RESULT: no defined savings curve, one real arrival-rate finding, and a headline retracted before publication",UNREVIEWED,UNREVIEWED,UNREVIEWED,UNREVIEWED,UNREVIEWED,UNREVIEWED,UNREVIEWED
633e74d381b42d5b74f23f24e3642f643f71a9bd,2026-08-13,"Q52 §2 harness: four arms, the fidelity gate passes at exactly 0.0",UNREVIEWED,UNREVIEWED,UNREVIEWED,UNREVIEWED,UNREVIEWED,UNREVIEWED,UNREVIEWED
d86e2c2d0dcbe06c196d8ed386122110850a6ab0,2026-08-13,"Q52 §2 AMENDED: four arms, tie-breaking, rounds, censoring rules, and P4-P6",UNREVIEWED,UNREVIEWED,UNREVIEWED,UNREVIEWED,UNREVIEWED,UNREVIEWED,UNREVIEWED
df11ad622a2accc59603f054238b508e59cc6db4,2026-08-13,"Q52 §2 REGISTERED: the design the brief left out, fixed before the runner exists",UNREVIEWED,UNREVIEWED,UNREVIEWED,UNREVIEWED,UNREVIEWED,UNREVIEWED,UNREVIEWED
f740258f18f3ae6ecc9a42a2938077568ef065a7,2026-08-13,"Add in-house lab drop under data/lab, organised by modality and date.",UNREVIEWED,UNREVIEWED,UNREVIEWED,UNREVIEWED,UNREVIEWED,UNREVIEWED,UNREVIEWED
3aa670184818b0b5d63d4848738873e2d65cc7c4,2026-08-13,"RESULTS: full Q52 tables, the sigma=0.10 all-arms baseline, and D17",UNREVIEWED,UNREVIEWED,UNREVIEWED,UNREVIEWED,UNREVIEWED,UNREVIEWED,UNREVIEWED
01ba954a4157cac428028e035b0b6d8e180b86e8,2026-08-13,"Q52 §1: the floor check refuted itself, and the refutation is the finding",UNREVIEWED,UNREVIEWED,UNREVIEWED,UNREVIEWED,UNREVIEWED,UNREVIEWED,UNREVIEWED
f7555aee659438fc659eb66006020283050074f5,2026-08-13,"Q52 §1.1: the identification floor, and the two rules that move in opposite directions",UNREVIEWED,UNREVIEWED,UNREVIEWED,UNREVIEWED,UNREVIEWED,UNREVIEWED,UNREVIEWED
9c953f26492233b1079a8330ad456ede9ff9883e,2026-08-13,"Hartmann6 at d=8: BO wins all four cells, and the DoE screen turns out to be at chance",UNREVIEWED,UNREVIEWED,UNREVIEWED,UNREVIEWED,UNREVIEWED,UNREVIEWED,UNREVIEWED
44d85bffbac84a87ef1025e34b211579e52369ad,2026-08-13,"Q50 RESULT: qLogEI design-averaged -- Q48's reversal is ESTABLISHED, not indicated",UNREVIEWED,UNREVIEWED,UNREVIEWED,UNREVIEWED,UNREVIEWED,UNREVIEWED,UNREVIEWED
6178a7340683261c976734ee9dd02bc6bca40b15,2026-08-13,"Q51 registered: Hartmann6 at d=8, closing the one cell gap in Task C.1",UNREVIEWED,UNREVIEWED,UNREVIEWED,UNREVIEWED,UNREVIEWED,UNREVIEWED,UNREVIEWED
9439c3b88dedd055e48f3346417453e5fc09a824,2026-08-13,"RESULTS.md Part 9 + CLAIMS L19: record the threshold work, and mark what Q48 invalidates",UNREVIEWED,UNREVIEWED,UNREVIEWED,UNREVIEWED,UNREVIEWED,UNREVIEWED,UNREVIEWED
45f1a2e987eb42227d61154768e68bbf49459707,2026-08-13,Q47 RESULT: the multi-fidelity threshold -- all three registered predictions wrong,UNREVIEWED,UNREVIEWED,UNREVIEWED,UNREVIEWED,UNREVIEWED,UNREVIEWED,UNREVIEWED
3fdb618dbbbc9556c3a95292ca91d6c9b27490eb,2026-08-12,"Q49: the noise threshold curve -- the outstanding item, and ""no method finds anything"" is false",UNREVIEWED,UNREVIEWED,UNREVIEWED,UNREVIEWED,UNREVIEWED,UNREVIEWED,UNREVIEWED
a2ff573fed7b68971eea156b0e0c5d7663b78ea4,2026-08-12,"Q48: E2's static arms share ONE design across all 25 instances, and lhs drew the best of 60",UNREVIEWED,UNREVIEWED,UNREVIEWED,UNREVIEWED,UNREVIEWED,UNREVIEWED,UNREVIEWED
0ffcb7a38ea1885cdf01507668a473211eafbe9d,2026-08-12,"Q47: checkpoint the grid per instance, and drop concurrency from 7 to 4",UNREVIEWED,UNREVIEWED,UNREVIEWED,UNREVIEWED,UNREVIEWED,UNREVIEWED,UNREVIEWED
175cba913d8fb361aa6e89905b20fbb1fee4e6fb,2026-08-12,Q47: the achieved-correlation guard was the wrong shape and killed the first launch,UNREVIEWED,UNREVIEWED,UNREVIEWED,UNREVIEWED,UNREVIEWED,UNREVIEWED,UNREVIEWED
700a602aa119d7c8a470bc8cc3eacb5cb29b4533,2026-08-12,"Q47 harness: the cheap-readout model, the cost identity, and one defect caught before the run",UNREVIEWED,UNREVIEWED,UNREVIEWED,UNREVIEWED,UNREVIEWED,UNREVIEWED,UNREVIEWED
89a2a0281adcef195679ec233a812b36fa2d33be,2026-08-12,"Q47 registered: the multi-fidelity threshold, with the prediction computed before the experiment",UNREVIEWED,UNREVIEWED,UNREVIEWED,UNREVIEWED,UNREVIEWED,UNREVIEWED,UNREVIEWED
919360a2008f586aea16a6b0020525073599a5e4,2026-08-12,"Q46: register Paper 2's derivation -- two of five premises refuted, arm list corrected",UNREVIEWED,UNREVIEWED,UNREVIEWED,UNREVIEWED,UNREVIEWED,UNREVIEWED,UNREVIEWED
80103a762d0a67841ebdd5c9f817509f6d311a31,2026-08-12,"RESULTS.md: six -> seven wrong predictions, after Q45",UNREVIEWED,UNREVIEWED,UNREVIEWED,UNREVIEWED,UNREVIEWED,UNREVIEWED,UNREVIEWED
92a796a37378c0e943e1d3e047a0572f8bff4cf6,2026-08-12,"RESULTS.md: Q45 entry, and qualify Q34's 'it is the model, not the points'",UNREVIEWED,UNREVIEWED,UNREVIEWED,UNREVIEWED,UNREVIEWED,UNREVIEWED,UNREVIEWED
47045126fc7191fad084bc76ec63acfa7ff77c29,2026-08-12,"Q45 / C.2 RESULT: the design effect is NOT null once the model is fixed, and it favours BO",UNREVIEWED,UNREVIEWED,UNREVIEWED,UNREVIEWED,UNREVIEWED,UNREVIEWED,UNREVIEWED
8ed2516f594847f5c1c1132c6633c5539bfd6c5d,2026-08-12,"B.3/B.5/F.4: mark superseded numbers, add L17-L18, and correct a Tier-1 claim Q42 refutes",UNREVIEWED,UNREVIEWED,UNREVIEWED,UNREVIEWED,UNREVIEWED,UNREVIEWED,UNREVIEWED
1dc09d32e043d391acaa31ae36b02845faf21a35,2026-08-12,Task E: docs/RESULTS.md -- the standing record of every experiment,UNREVIEWED,UNREVIEWED,UNREVIEWED,UNREVIEWED,UNREVIEWED,UNREVIEWED,UNREVIEWED
88f5bb23517212d672e5c0eb0e338c30d14cfc67,2026-08-12,"Q45 / C.2 registered: the four-factor refit, with a prediction that disagrees with the brief",UNREVIEWED,UNREVIEWED,UNREVIEWED,UNREVIEWED,UNREVIEWED,UNREVIEWED,UNREVIEWED
74d0b4d86b4ad0db5dca7362e77ae7f08dde8c3f,2026-08-12,Q42 / C.1 RESULT: the reversal reproduces on three of four usable families -- my prediction was wrong,UNREVIEWED,UNREVIEWED,UNREVIEWED,UNREVIEWED,UNREVIEWED,UNREVIEWED,UNREVIEWED
58785c9b66df84b6bbb5b9797f6579b30a237eae,2026-08-12,Q43 + Q44: the surrogate effect survives permutation; and the D-efficiency dispute is a coding dispute,UNREVIEWED,UNREVIEWED,UNREVIEWED,UNREVIEWED,UNREVIEWED,UNREVIEWED,UNREVIEWED
ff985eafd6ff0227ee3ee71c9af8df2594f2e5aa,2026-08-12,"Q42 / C.1 registered: five families, four cells -- committed before it runs",UNREVIEWED,UNREVIEWED,UNREVIEWED,UNREVIEWED,UNREVIEWED,UNREVIEWED,UNREVIEWED
a36581af88a57851fd3cd1360aa9122b71437e15,2026-08-12,Task A literature verification + Q41 estimand decision + numbering concordance,UNREVIEWED,UNREVIEWED,UNREVIEWED,UNREVIEWED,UNREVIEWED,UNREVIEWED,UNREVIEWED
7bfe0e358fdf60e26aa2689775f53c77390284ea,2026-08-12,"Mark the four remaining tables that carry B's clone numbers, and correct the one claim that survives",UNREVIEWED,UNREVIEWED,UNREVIEWED,UNREVIEWED,UNREVIEWED,UNREVIEWED,UNREVIEWED
cbbff6661953f8815b99c6c071512c093f671d49,2026-08-12,"Q34 / T1.1 RESULT: primary held in all four cells, and ""BO wins under rule C"" collapses",UNREVIEWED,UNREVIEWED,UNREVIEWED,UNREVIEWED,UNREVIEWED,UNREVIEWED,UNREVIEWED
46241b5788807e27602bdff542860464212708cd,2026-08-12,"Q40 / T2.3: critical-difference diagrams, and a reconciliation with Q39's Holm",UNREVIEWED,UNREVIEWED,UNREVIEWED,UNREVIEWED,UNREVIEWED,UNREVIEWED,UNREVIEWED
210742aac60161190215a507cccf1bfaf78955d4,2026-08-12,"T1.3 + T3: reframe the contribution against prior art, and write the limitations",UNREVIEWED,UNREVIEWED,UNREVIEWED,UNREVIEWED,UNREVIEWED,UNREVIEWED,UNREVIEWED
0fbde3d9b7912f6d9949f7af04ae54c51ab80f97,2026-08-11,Q39 / T2.3: Holm over every non-primary comparison -- the LHS headline claim does not survive,UNREVIEWED,UNREVIEWED,UNREVIEWED,UNREVIEWED,UNREVIEWED,UNREVIEWED,UNREVIEWED
9c7c96877c7dd698cb3b0eadbf5c4940c8a4f656,2026-08-11,Q36 / T2.1 RESULT: the reversal is family-specific; the scoring-convention effect is not,UNREVIEWED,UNREVIEWED,UNREVIEWED,UNREVIEWED,UNREVIEWED,UNREVIEWED,UNREVIEWED
8241eff322ef7dfea29034378ff6d20d68767063,2026-08-11,"T1.4b: the grid regenerates bit-exactly, sharded == sequential, and Q21 finally measures A's run",UNREVIEWED,UNREVIEWED,UNREVIEWED,UNREVIEWED,UNREVIEWED,UNREVIEWED,UNREVIEWED
65d3c187b5545f68741b329745bbfc90ea686487,2026-08-11,Q38 / T2.4: the cost model -- DoE reaches lower regret in 3 rounds than BO does in 10,UNREVIEWED,UNREVIEWED,UNREVIEWED,UNREVIEWED,UNREVIEWED,UNREVIEWED,UNREVIEWED
ab3fcd51ae68e9cbc5c266848227279aaee2b90e,2026-08-11,"Q37 / T2.2: the replay is a power bound, not a failed claim -- MDE 0.68 evaluations",UNREVIEWED,UNREVIEWED,UNREVIEWED,UNREVIEWED,UNREVIEWED,UNREVIEWED,UNREVIEWED
adadbc06c000a8f0fb2098a2a72eab7c687a3f8d,2026-08-11,"T2.1: generality check on Hartmann6 and Ackley, committed before it runs",UNREVIEWED,UNREVIEWED,UNREVIEWED,UNREVIEWED,UNREVIEWED,UNREVIEWED,UNREVIEWED
0cb258047dc302a17aa82fc7bdf21042016366d9,2026-08-11,"Q35 RESULT: the fitted surface is a saddle in 200/200 runs, and most of the failure is practice",UNREVIEWED,UNREVIEWED,UNREVIEWED,UNREVIEWED,UNREVIEWED,UNREVIEWED,UNREVIEWED
3ecd943cb20a7b75b2840b2478c956200182246b,2026-08-11,"T1.2: the constrained-RSM arm, committed before it runs because its outcome is loaded",UNREVIEWED,UNREVIEWED,UNREVIEWED,UNREVIEWED,UNREVIEWED,UNREVIEWED,UNREVIEWED
a1420d4fc21e02d4303ccdbb0e992ab5e663fd73,2026-08-11,"Q34 PRE-REGISTRATION: the design/surrogate/rule factorial, fixed before cells 5 and 6 exist",UNREVIEWED,UNREVIEWED,UNREVIEWED,UNREVIEWED,UNREVIEWED,UNREVIEWED,UNREVIEWED
ae3295fd92df4aaba239d3c2a7afc6eec91b4f38,2026-08-11,"T1.4a+c: the -0.0708 was never A's number, and rule C was not like-for-like",UNREVIEWED,UNREVIEWED,UNREVIEWED,UNREVIEWED,UNREVIEWED,UNREVIEWED,UNREVIEWED
3b8f82f8687cd926555c8c42cbd080141dda9e53,2026-08-11,"Q33 RESULT: the polynomial runs to whatever wall it is given, the GP does not move",UNREVIEWED,UNREVIEWED,UNREVIEWED,UNREVIEWED,UNREVIEWED,UNREVIEWED,UNREVIEWED
797d228bdb7fb4b2b47e5997b71ad2385a84d222,2026-08-11,"Q33 PRE-REGISTRATION: extrapolation geometry on the published data, and the gate that licenses it",UNREVIEWED,UNREVIEWED,UNREVIEWED,UNREVIEWED,UNREVIEWED,UNREVIEWED,UNREVIEWED
352cb12a54e0b7396b159d28406d36eedc137331,2026-08-11,"Re-run the Hall/Ogle replay on the merged dataset, and add rule C",UNREVIEWED,UNREVIEWED,UNREVIEWED,UNREVIEWED,UNREVIEWED,UNREVIEWED,UNREVIEWED
f3602e7d622b95b7ec54648953e783e065ed6645,2026-08-11,Merge the two parallel Hall/Ogle digitization builds into one dataset,UNREVIEWED,UNREVIEWED,UNREVIEWED,UNREVIEWED,UNREVIEWED,UNREVIEWED,UNREVIEWED
1e2d2e18195cb608bd1acedfce9a1b9a412b5a00,2026-08-11,Correct three stage-2 medians that were reading the box's Q3 rule,UNREVIEWED,UNREVIEWED,UNREVIEWED,UNREVIEWED,UNREVIEWED,UNREVIEWED,UNREVIEWED
ec7571e8f05425ca69f64147305aca4666663957,2026-08-11,Merge branch 'main' of https://github.com/akwnn/nutrigene-ai-bo-ipsec,UNREVIEWED,UNREVIEWED,UNREVIEWED,UNREVIEWED,UNREVIEWED,UNREVIEWED,UNREVIEWED
4ad56986d34996a69d596767920ef41ff4342300,2026-08-11,"Gate the Hall/Ogle digitization on checks that can fail, and emit the canonical CSVs",UNREVIEWED,UNREVIEWED,UNREVIEWED,UNREVIEWED,UNREVIEWED,UNREVIEWED,UNREVIEWED
2347a54784a3afbc6d511cc08b05830017ed7742,2026-08-11,"Hall/Ogle digitization Stages 1-6: canonical dataset built, replay run, claim NOT supported",UNREVIEWED,UNREVIEWED,UNREVIEWED,UNREVIEWED,UNREVIEWED,UNREVIEWED,UNREVIEWED
b04a9006e928c5be88fd6fa84cfc6f87b8badc2c,2026-08-11,Q31 STAGE 0: register the Hall/Ogle replay claim before the dataset exists,UNREVIEWED,UNREVIEWED,UNREVIEWED,UNREVIEWED,UNREVIEWED,UNREVIEWED,UNREVIEWED
574235663bd5ca45f638c408cd41a1dd7fd0d0da,2026-08-11,"CLAIMS.md: a draft claim set, so the paper is not written from whichever log gets opened first",UNREVIEWED,UNREVIEWED,UNREVIEWED,UNREVIEWED,UNREVIEWED,UNREVIEWED,UNREVIEWED
0c830c8b33ea61c92a3357c2568df07985f32878,2026-08-11,"Two things that existed only in a chat transcript, written into the file that owns them",UNREVIEWED,UNREVIEWED,UNREVIEWED,UNREVIEWED,UNREVIEWED,UNREVIEWED,UNREVIEWED
daceb6be52b8484187e7bf7584a7d6ca3d834993,2026-08-11,"Renumber the additive-kernel arm to Q30, and mark what the other session's Q29 supersedes",UNREVIEWED,UNREVIEWED,UNREVIEWED,UNREVIEWED,UNREVIEWED,UNREVIEWED,UNREVIEWED
8c7f804368e9ea9113cf60e4872f9741a2bfdcb5,2026-08-11,Q29 RESULT: the model got twice as accurate and the regret did not move,UNREVIEWED,UNREVIEWED,UNREVIEWED,UNREVIEWED,UNREVIEWED,UNREVIEWED,UNREVIEWED
f2ac6758a14458b4dac140521358af20c936b59a,2026-08-11,"Q29 all four cells: the reversal is universal, and the two arms fail in opposite directions",UNREVIEWED,UNREVIEWED,UNREVIEWED,UNREVIEWED,UNREVIEWED,UNREVIEWED,UNREVIEWED
3e83fa2533d36795d3a189136963971fc249aae0,2026-08-11,"Q29 PRE-REGISTRATION: an additive-kernel BO arm, and why the diagnosis is not a knob",UNREVIEWED,UNREVIEWED,UNREVIEWED,UNREVIEWED,UNREVIEWED,UNREVIEWED,UNREVIEWED
b02c63d92793dde204ba2ee62e29fb20c1814683,2026-08-11,"Q29 RESULT: the E2 verdict is decided by the scoring convention, not by the methods",UNREVIEWED,UNREVIEWED,UNREVIEWED,UNREVIEWED,UNREVIEWED,UNREVIEWED,UNREVIEWED
b91a3957035c43e1f62238c7424e344b182579b9,2026-08-11,"Q29 PRE-REGISTRATION: the symmetric comparison, fixed before the run",UNREVIEWED,UNREVIEWED,UNREVIEWED,UNREVIEWED,UNREVIEWED,UNREVIEWED,UNREVIEWED
06df4f1eae8d8acea7c62e9b8720a367e0d01bb2,2026-08-10,"Q27 RESULT: current practice wins at d=8 too -- and Q28, which qualifies it",UNREVIEWED,UNREVIEWED,UNREVIEWED,UNREVIEWED,UNREVIEWED,UNREVIEWED,UNREVIEWED
1b064e823eb4db810f4b5f4795b2c9ad0cfba51b,2026-08-10,"Q27 PRE-REGISTRATION: the d=8 DoE arm, fixed before the first number",UNREVIEWED,UNREVIEWED,UNREVIEWED,UNREVIEWED,UNREVIEWED,UNREVIEWED,UNREVIEWED
1cc9a3081d03b2f0a55719a9ac54fa037d47f6f0,2026-08-10,E2 reproduces from current main -- but Q18's BO-side pairing lost its coupling,UNREVIEWED,UNREVIEWED,UNREVIEWED,UNREVIEWED,UNREVIEWED,UNREVIEWED,UNREVIEWED
2f58c4665aac0c7fed3dde26fed055f348d14b43,2026-08-10,"Q26 corrections: ""ruled out"" withdrawn, and the test I had not run changes the answer",UNREVIEWED,UNREVIEWED,UNREVIEWED,UNREVIEWED,UNREVIEWED,UNREVIEWED,UNREVIEWED
8f3d7f2a6d0fbe687b5b2775d0dc1856baf5b36b,2026-08-10,"Q26: opening size explains the d=6 blindness at low noise, ruled out at the primary cell",UNREVIEWED,UNREVIEWED,UNREVIEWED,UNREVIEWED,UNREVIEWED,UNREVIEWED,UNREVIEWED
7a9cea3475afada18751f6c1484e35a6dc65586d,2026-08-10,Q26 PRE-REGISTRATION: does opening batch size explain the d=6 blindness?,UNREVIEWED,UNREVIEWED,UNREVIEWED,UNREVIEWED,UNREVIEWED,UNREVIEWED,UNREVIEWED
86198634e3c6581fc8210d986a9f0fbfd45f4447,2026-08-10,Merge B's T7 before pushing the lengthscale diagnostic,UNREVIEWED,UNREVIEWED,UNREVIEWED,UNREVIEWED,UNREVIEWED,UNREVIEWED,UNREVIEWED
ac88cdabd1d32c5785922da4b7ac1a82a77f031b,2026-08-10,"Lengthscale diagnostic, and the practice that came out of it",UNREVIEWED,UNREVIEWED,UNREVIEWED,UNREVIEWED,UNREVIEWED,UNREVIEWED,UNREVIEWED
becd3e73259543f5c8428991bba763ae7678b0a5,2026-08-10,"T7: spec E1's fourth check finally runs, and Q22's proposed mechanism is refuted",UNREVIEWED,UNREVIEWED,UNREVIEWED,UNREVIEWED,UNREVIEWED,UNREVIEWED,UNREVIEWED
4b5b61a4a05dd8a274ee5223f00890d4b9c417f1,2026-08-10,Merge remote-tracking branch 'origin/main',UNREVIEWED,UNREVIEWED,UNREVIEWED,UNREVIEWED,UNREVIEWED,UNREVIEWED,UNREVIEWED
eef38a7adc3df8d3c0798f7ce1cf5e3cb2085dd3,2026-08-10,Two requested documents: the results log and a paper-style methods section,UNREVIEWED,UNREVIEWED,UNREVIEWED,UNREVIEWED,UNREVIEWED,UNREVIEWED,UNREVIEWED
5eb41845e1594ef16b65b013d36c7908b70ed7dc,2026-08-10,Q24: 'BO beats current practice' is unsupported anywhere it was tested,UNREVIEWED,UNREVIEWED,UNREVIEWED,UNREVIEWED,UNREVIEWED,UNREVIEWED,UNREVIEWED
22218fc2b617cbd88e9065f676164317185dfc6d,2026-08-10,Merge remote-tracking branch 'origin/main',UNREVIEWED,UNREVIEWED,UNREVIEWED,UNREVIEWED,UNREVIEWED,UNREVIEWED,UNREVIEWED
9b4c98d15eeb5105ee9d687cf8f318dcced4b95c,2026-08-10,"Log every Person A result, number and defect in one place",UNREVIEWED,UNREVIEWED,UNREVIEWED,UNREVIEWED,UNREVIEWED,UNREVIEWED,UNREVIEWED
6c51d4ae2238140a6cbced98b516f5c19ca231c6,2026-08-10,"Q21 determination: no cell trips the threshold, so the run stands -- BO loses, as-is",UNREVIEWED,UNREVIEWED,UNREVIEWED,UNREVIEWED,UNREVIEWED,UNREVIEWED,UNREVIEWED
fe477e76286c7a18b17b06a39a42867ffc4a4f1a,2026-08-10,Q23: coord is a second unpaired arm and it was never declared,UNREVIEWED,UNREVIEWED,UNREVIEWED,UNREVIEWED,UNREVIEWED,UNREVIEWED,UNREVIEWED
4fe27063dd86d0189f1b09597faadfaa0d6d2983,2026-08-10,"Q22: the benchmark is ~93% additive, quantified, before the E2 numbers land",UNREVIEWED,UNREVIEWED,UNREVIEWED,UNREVIEWED,UNREVIEWED,UNREVIEWED,UNREVIEWED
673cc50891ae881d04bbdd9f785e5533f79ee065,2026-08-10,Q21: register the solver-repair rule while d=8 is still running,UNREVIEWED,UNREVIEWED,UNREVIEWED,UNREVIEWED,UNREVIEWED,UNREVIEWED,UNREVIEWED
9d6fd1df8da2b404d7650bd10bfc9eb73d565153,2026-08-10,"Carry Q20 into e2.yaml: two named estimands, a precedence rule, and version 2",UNREVIEWED,UNREVIEWED,UNREVIEWED,UNREVIEWED,UNREVIEWED,UNREVIEWED,UNREVIEWED
d289e7dd99c5bffd67ba419f3be05c3675d66954,2026-08-10,Q20: E2's headline comparison and its test are registered BEFORE the grid lands,UNREVIEWED,UNREVIEWED,UNREVIEWED,UNREVIEWED,UNREVIEWED,UNREVIEWED,UNREVIEWED
472946cb3b8e8ab4d9581aa294e46e850309d6af,2026-08-10,"Q19: E4's reported headline is not E4's registered primary, and they disagree in sign",UNREVIEWED,UNREVIEWED,UNREVIEWED,UNREVIEWED,UNREVIEWED,UNREVIEWED,UNREVIEWED
0aeee09e5a3c8a087858d6f07e081f59463075e8,2026-08-10,"E2 COMPLETE: in the pre-registered primary cell, BO LOSES to the DoE pipeline",UNREVIEWED,UNREVIEWED,UNREVIEWED,UNREVIEWED,UNREVIEWED,UNREVIEWED,UNREVIEWED
fbb98e91f4a51db7aaf30e4ee2b51f774a7d981a,2026-08-10,Compose B's Q18 pairing fix with A's Q17 scoring fix; E2's first two runs are void,UNREVIEWED,UNREVIEWED,UNREVIEWED,UNREVIEWED,UNREVIEWED,UNREVIEWED,UNREVIEWED
aebc6d5032fb5a77cd243c3b8e5d2e362a7ef356,2026-08-10,Merge remote-tracking branch 'origin/main',UNREVIEWED,UNREVIEWED,UNREVIEWED,UNREVIEWED,UNREVIEWED,UNREVIEWED,UNREVIEWED
27daa2da54378fdbbb214ae9fe771deb3d1c2454,2026-08-10,"T9: the paired opening batch never existed, and the test that promised it tested something else",UNREVIEWED,UNREVIEWED,UNREVIEWED,UNREVIEWED,UNREVIEWED,UNREVIEWED,UNREVIEWED
b9f71f5002b7effbbcb71243284f75f9754a7fe0,2026-08-10,Q16's replacement primary has no crossing to report: coverage is never nominal,UNREVIEWED,UNREVIEWED,UNREVIEWED,UNREVIEWED,UNREVIEWED,UNREVIEWED,UNREVIEWED
06f2fe4cf1933c6dc9d32cf05ec5cd933bc639b4,2026-08-10,Merge remote-tracking branch 'origin/main',UNREVIEWED,UNREVIEWED,UNREVIEWED,UNREVIEWED,UNREVIEWED,UNREVIEWED,UNREVIEWED
678972c3faa753efbb59937a154b2b9a9408f392,2026-08-10,E3 and the E2 machinery; E4 reproduced; and E2's first scoring was wrong,UNREVIEWED,UNREVIEWED,UNREVIEWED,UNREVIEWED,UNREVIEWED,UNREVIEWED,UNREVIEWED
be3cdc5e4ae5099681bb9a0a768953f8dc27da3c,2026-08-10,"Gate 0 closes: B's four pre-registration items, decided before the runs they govern",UNREVIEWED,UNREVIEWED,UNREVIEWED,UNREVIEWED,UNREVIEWED,UNREVIEWED,UNREVIEWED
ec8a86f1d49cd8e1463f07424e92c7f89eb644cb,2026-08-10,E4-RESULTS-v2 understated its own result: equivalence holds in both directions,UNREVIEWED,UNREVIEWED,UNREVIEWED,UNREVIEWED,UNREVIEWED,UNREVIEWED,UNREVIEWED
e2a93aad7e687245235933a58178c66331e6df34,2026-08-10,T8: a `doe` cell ran a BO campaign and wrote it under the DoE arm's filename,UNREVIEWED,UNREVIEWED,UNREVIEWED,UNREVIEWED,UNREVIEWED,UNREVIEWED,UNREVIEWED
e3d99c5cf4cd743936d70306063649cc2896f68e,2026-08-10,"Task ordering, and B's sanity-check of Q17: the gate survives the fix",UNREVIEWED,UNREVIEWED,UNREVIEWED,UNREVIEWED,UNREVIEWED,UNREVIEWED,UNREVIEWED
ea306a3ffad8062aae69f5f4f7388dfeaacfb219,2026-08-10,E1 passes the gate; clean-clone verified; and E1 exposed a regret-scoring bias,UNREVIEWED,UNREVIEWED,UNREVIEWED,UNREVIEWED,UNREVIEWED,UNREVIEWED,UNREVIEWED
2b0c25514d568fdd24a5ded0f710aa748784ad13,2026-08-10,"PDF cross-check: the Collagen IV question resolves, and it reverses our lean",UNREVIEWED,UNREVIEWED,UNREVIEWED,UNREVIEWED,UNREVIEWED,UNREVIEWED,UNREVIEWED
0178afbada643472c72d2a3a77692952733fee84,2026-08-10,PF1 on the registered grid — and A's own pre-registration contained a test that could not fail,UNREVIEWED,UNREVIEWED,UNREVIEWED,UNREVIEWED,UNREVIEWED,UNREVIEWED,UNREVIEWED
e28c84c95de028595772236b3d94b2d9f19389bb,2026-08-10,Rescue A's digitization work before deleting the old working folder,UNREVIEWED,UNREVIEWED,UNREVIEWED,UNREVIEWED,UNREVIEWED,UNREVIEWED,UNREVIEWED
d0c82451bd1debc1687eb6644f079a90d56def04,2026-08-10,"PRE-REGISTER Q16 before the next run: the (kappa, rho) grid IS the over-prediction result",UNREVIEWED,UNREVIEWED,UNREVIEWED,UNREVIEWED,UNREVIEWED,UNREVIEWED,UNREVIEWED
c027e00343fd1f8a3ad448b5326fa69449be49a6,2026-08-10,"Person A: the sequential-DoE arm, and the failure mode reproduces unstaged",UNREVIEWED,UNREVIEWED,UNREVIEWED,UNREVIEWED,UNREVIEWED,UNREVIEWED,UNREVIEWED
bd5f53db0168219abce4e7b9970e75fe6d317e62,2026-08-08,NEGATIVE RESULT: giving the GP the biology's shape makes extrapolation worse,UNREVIEWED,UNREVIEWED,UNREVIEWED,UNREVIEWED,UNREVIEWED,UNREVIEWED,UNREVIEWED
af0e724f0328b1f94931db28bc919d7a4ed49d18,2026-08-08,Disagreement does not collapse far from data; and it works where the others fail,UNREVIEWED,UNREVIEWED,UNREVIEWED,UNREVIEWED,UNREVIEWED,UNREVIEWED,UNREVIEWED
af1b5f064c41dfa905a1092456391e20251b274c,2026-08-08,EXPLORATORY: model disagreement beats both GP uncertainty and plain distance,UNREVIEWED,UNREVIEWED,UNREVIEWED,UNREVIEWED,UNREVIEWED,UNREVIEWED,UNREVIEWED
5355bb6583204c50a9c580ab699758788a1373a3,2026-08-08,E4 v2 results: the GP advantage exists only in the indefensible regime,UNREVIEWED,UNREVIEWED,UNREVIEWED,UNREVIEWED,UNREVIEWED,UNREVIEWED,UNREVIEWED
c962cd6ed7613fcc7ca31280266959fcc04518c2,2026-08-08,Fix four defects found by adversarial audit; unblock A's DoE arm,UNREVIEWED,UNREVIEWED,UNREVIEWED,UNREVIEWED,UNREVIEWED,UNREVIEWED,UNREVIEWED
0fc26100055194a16db2e8e3707ded93b38d712b,2026-08-08,Fix nested-clustering bug in pooled CIs; add exact sign test; pre-registration v2,UNREVIEWED,UNREVIEWED,UNREVIEWED,UNREVIEWED,UNREVIEWED,UNREVIEWED,UNREVIEWED
aa0785d2c1a6cc667d967579ea42a7fd0959a723,2026-08-08,Ship the figures: fix a .gitignore rule that silently dropped them,UNREVIEWED,UNREVIEWED,UNREVIEWED,UNREVIEWED,UNREVIEWED,UNREVIEWED,UNREVIEWED
320d2e4267a91bcfbae10e232a022b935f50e92e,2026-08-08,"Figures for E4 (spec Build Step 7), drawn so they do not flatter the null",UNREVIEWED,UNREVIEWED,UNREVIEWED,UNREVIEWED,UNREVIEWED,UNREVIEWED,UNREVIEWED
d1e638b596ef9fad1e5c12795847e0e23991602b,2026-08-08,"Q13 ACCEPTED: A's v8 oracle deviations stand, B does not veto",UNREVIEWED,UNREVIEWED,UNREVIEWED,UNREVIEWED,UNREVIEWED,UNREVIEWED,UNREVIEWED
1770ce6c7ae18a25bd62ddff2bad7cca89784124,2026-08-07,"E4 first results on real landscapes: mechanism confirmed, headline claim null",UNREVIEWED,UNREVIEWED,UNREVIEWED,UNREVIEWED,UNREVIEWED,UNREVIEWED,UNREVIEWED
449913d5b169f0089c1c9db3df6bec73e3552030,2026-08-07,Merge B's E4b + extended_box_bounds with A's oracle port,UNREVIEWED,UNREVIEWED,UNREVIEWED,UNREVIEWED,UNREVIEWED,UNREVIEWED,UNREVIEWED
2cdc8ca9ad30f3320e0a0e164e983b6e071fd406,2026-08-07,Person A: port the oracle into the shared package,UNREVIEWED,UNREVIEWED,UNREVIEWED,UNREVIEWED,UNREVIEWED,UNREVIEWED,UNREVIEWED
3be4745811b783d92d34a8f526a3dac6ba5c5889,2026-08-07,Close a silent-correctness hole in E4; add extended_box_bounds for Q12,UNREVIEWED,UNREVIEWED,UNREVIEWED,UNREVIEWED,UNREVIEWED,UNREVIEWED,UNREVIEWED
88975956a16224bf1fadce5d6f1406928c3e4f69,2026-08-07,Add E4b design-boundary variant and paired difference test,UNREVIEWED,UNREVIEWED,UNREVIEWED,UNREVIEWED,UNREVIEWED,UNREVIEWED,UNREVIEWED
9d2e2840888f326cbc1ee44f4a8834a8dc80729b,2026-08-07,"Person A day 1: answer Q2–Q5/Q8, raise Q12 and Q13",UNREVIEWED,UNREVIEWED,UNREVIEWED,UNREVIEWED,UNREVIEWED,UNREVIEWED,UNREVIEWED
ac11d1a945e7b14a1ece00975df59c5c94844415,2026-08-07,Remove onboarding prompt file — handed over directly instead,UNREVIEWED,UNREVIEWED,UNREVIEWED,UNREVIEWED,UNREVIEWED,UNREVIEWED,UNREVIEWED
3905fb23415caf2777c6dec9843dd7b1232004e1,2026-08-07,Add copy-paste onboarding prompt for Person A,UNREVIEWED,UNREVIEWED,UNREVIEWED,UNREVIEWED,UNREVIEWED,UNREVIEWED,UNREVIEWED
89e4babce0bb1cbce717d49eaaf733459162a861,2026-08-07,"Phase 1: Person B lane complete — optimizer, E4 machinery, pre-flight findings",UNREVIEWED,UNREVIEWED,UNREVIEWED,UNREVIEWED,UNREVIEWED,UNREVIEWED,UNREVIEWED
