baseline_path,file_type,first_commit,latest_meaningful_commit,research_era,scientific_question,evidence_level,manuscript_claim,reproduction_role,dependencies,supersession_status,classification,destination,rationale
.github/workflows/spade-distributed.yml,yml,2f10458d9e4444f66647491dd5ddd8a8c9a7e46f,2f10458d9e4444f66647491dd5ddd8a8c9a7e46f,SPADE_MANUFACTURING_RECOVERY,Reproduce and validate the SPADE paper,ACTIVE,NONE,build and execution infrastructure,"Publication build, environment, or repository-level validation dependency",NONE IDENTIFIED,INFRASTRUCTURE,.github/workflows/spade-distributed.yml,Active environment or automation required by the paper repository.
.gitignore,[none],89e4babce0bb1cbce717d49eaaf733459162a861,58faefaecf4f8e1257e4941dd9d60c0d8e969e0c,SPADE_CONFIRMATION_AND_PAPER,Reproduce and validate the SPADE paper,ACTIVE,NONE,build and execution infrastructure,"Publication build, environment, or repository-level validation dependency",NONE IDENTIFIED,INFRASTRUCTURE,.gitignore,Active environment or automation required by the paper repository.
.planning/PROJECT.md,md,b348dec3a0017e7c6f62e76b2c948da54e5f1452,d5f0a58b2302bb8780f3ad53d9c5e63782e3ad8f,SPADE_DEVELOPMENT_AND_LOCKBOX,Historical or non-paper work,HISTORICAL,NONE,historical record,NONE — no active claim consumer; preserved at archive/superseded-spade/.planning/PROJECT.md,SUPERSEDED BY PAPER AUDIT,ARCHIVE-SUPERSEDED,archive/superseded-spade/.planning/PROJECT.md,Project-management history is useful provenance but not paper evidence.
.planning/REQUIREMENTS.md,md,b348dec3a0017e7c6f62e76b2c948da54e5f1452,d5f0a58b2302bb8780f3ad53d9c5e63782e3ad8f,SPADE_DEVELOPMENT_AND_LOCKBOX,Historical or non-paper work,HISTORICAL,NONE,historical record,NONE — no active claim consumer; preserved at archive/superseded-spade/.planning/REQUIREMENTS.md,SUPERSEDED BY PAPER AUDIT,ARCHIVE-SUPERSEDED,archive/superseded-spade/.planning/REQUIREMENTS.md,Project-management history is useful provenance but not paper evidence.
.planning/ROADMAP.md,md,b348dec3a0017e7c6f62e76b2c948da54e5f1452,502ea3948976b15f849aecf680e24a0487eed742,SPADE_MANUFACTURING_RECOVERY,Historical or non-paper work,HISTORICAL,NONE,historical record,NONE — no active claim consumer; preserved at archive/superseded-spade/.planning/ROADMAP.md,SUPERSEDED BY PAPER AUDIT,ARCHIVE-SUPERSEDED,archive/superseded-spade/.planning/ROADMAP.md,Project-management history is useful provenance but not paper evidence.
.planning/STATE.md,md,b348dec3a0017e7c6f62e76b2c948da54e5f1452,b1a50695a0ab5480126e0abec9479321dc167e0f,SPADE_MANUFACTURING_RECOVERY,Historical or non-paper work,HISTORICAL,NONE,historical record,NONE — no active claim consumer; preserved at archive/superseded-spade/.planning/STATE.md,SUPERSEDED BY PAPER AUDIT,ARCHIVE-SUPERSEDED,archive/superseded-spade/.planning/STATE.md,Project-management history is useful provenance but not paper evidence.
.planning/codebase/ARCHITECTURE.md,md,e4b41a8d62405b3e9badc91036d780b2231aff0b,e4b41a8d62405b3e9badc91036d780b2231aff0b,DESIGN_SPACE_PRE_SPADE,Historical or non-paper work,HISTORICAL,NONE,historical record,NONE — no active claim consumer; preserved at archive/superseded-spade/.planning/codebase/ARCHITECTURE.md,SUPERSEDED BY PAPER AUDIT,ARCHIVE-SUPERSEDED,archive/superseded-spade/.planning/codebase/ARCHITECTURE.md,Project-management history is useful provenance but not paper evidence.
.planning/codebase/CONCERNS.md,md,e4b41a8d62405b3e9badc91036d780b2231aff0b,ee0039d09a814282c68a4325a1f9dbbc507e6a32,SPADE_MANUFACTURING_RECOVERY,Historical or non-paper work,HISTORICAL,NONE,historical record,NONE — no active claim consumer; preserved at archive/superseded-spade/.planning/codebase/CONCERNS.md,SUPERSEDED BY PAPER AUDIT,ARCHIVE-SUPERSEDED,archive/superseded-spade/.planning/codebase/CONCERNS.md,Project-management history is useful provenance but not paper evidence.
.planning/codebase/CONVENTIONS.md,md,e4b41a8d62405b3e9badc91036d780b2231aff0b,e4b41a8d62405b3e9badc91036d780b2231aff0b,DESIGN_SPACE_PRE_SPADE,Historical or non-paper work,HISTORICAL,NONE,historical record,NONE — no active claim consumer; preserved at archive/superseded-spade/.planning/codebase/CONVENTIONS.md,SUPERSEDED BY PAPER AUDIT,ARCHIVE-SUPERSEDED,archive/superseded-spade/.planning/codebase/CONVENTIONS.md,Project-management history is useful provenance but not paper evidence.
.planning/codebase/INTEGRATIONS.md,md,e4b41a8d62405b3e9badc91036d780b2231aff0b,ee0039d09a814282c68a4325a1f9dbbc507e6a32,SPADE_MANUFACTURING_RECOVERY,Historical or non-paper work,HISTORICAL,NONE,historical record,NONE — no active claim consumer; preserved at archive/superseded-spade/.planning/codebase/INTEGRATIONS.md,SUPERSEDED BY PAPER AUDIT,ARCHIVE-SUPERSEDED,archive/superseded-spade/.planning/codebase/INTEGRATIONS.md,Project-management history is useful provenance but not paper evidence.
.planning/codebase/STACK.md,md,e4b41a8d62405b3e9badc91036d780b2231aff0b,e4b41a8d62405b3e9badc91036d780b2231aff0b,DESIGN_SPACE_PRE_SPADE,Historical or non-paper work,HISTORICAL,NONE,historical record,NONE — no active claim consumer; preserved at archive/superseded-spade/.planning/codebase/STACK.md,SUPERSEDED BY PAPER AUDIT,ARCHIVE-SUPERSEDED,archive/superseded-spade/.planning/codebase/STACK.md,Project-management history is useful provenance but not paper evidence.
.planning/codebase/STRUCTURE.md,md,e4b41a8d62405b3e9badc91036d780b2231aff0b,ee0039d09a814282c68a4325a1f9dbbc507e6a32,SPADE_MANUFACTURING_RECOVERY,Historical or non-paper work,HISTORICAL,NONE,historical record,NONE — no active claim consumer; preserved at archive/superseded-spade/.planning/codebase/STRUCTURE.md,SUPERSEDED BY PAPER AUDIT,ARCHIVE-SUPERSEDED,archive/superseded-spade/.planning/codebase/STRUCTURE.md,Project-management history is useful provenance but not paper evidence.
.planning/codebase/TESTING.md,md,e4b41a8d62405b3e9badc91036d780b2231aff0b,ee0039d09a814282c68a4325a1f9dbbc507e6a32,SPADE_MANUFACTURING_RECOVERY,Historical or non-paper work,HISTORICAL,NONE,historical record,NONE — no active claim consumer; preserved at archive/superseded-spade/.planning/codebase/TESTING.md,SUPERSEDED BY PAPER AUDIT,ARCHIVE-SUPERSEDED,archive/superseded-spade/.planning/codebase/TESTING.md,Project-management history is useful provenance but not paper evidence.
START-HERE-PERSON-A.md,md,89e4babce0bb1cbce717d49eaaf733459162a861,89e4babce0bb1cbce717d49eaaf733459162a861,E1-E4_FOUNDATION,Historical or non-paper work,HISTORICAL,NONE,historical record,NONE — no active claim consumer; preserved at archive/exploratory/START-HERE-PERSON-A.md,NO ACTIVE CONSUMER; PRESERVED FOR PROVENANCE,ARCHIVE-VALID,archive/exploratory/START-HERE-PERSON-A.md,No active claim dependency identified in the seed pass; preserve pending manual review.
configs/experiment/e2.yaml,yaml,678972c3faa753efbb59937a154b2b9a9408f392,fe477e76286c7a18b17b06a39a42867ffc4a4f1a,BO_VS_DOE_TERMINAL_RULE,Historical experiment,HISTORICAL,NONE,frozen configuration,NONE — no active claim consumer; preserved at archive/exploratory/configs/experiment/e2.yaml,NONE IDENTIFIED,ARCHIVE-VALID,archive/exploratory/configs/experiment/e2.yaml,Configuration for an off-paper experiment.
configs/experiment/e4.yaml,yaml,89e4babce0bb1cbce717d49eaaf733459162a861,27daa2da54378fdbbb214ae9fe771deb3d1c2454,BO_VS_DOE_TERMINAL_RULE,Historical experiment,HISTORICAL,NONE,frozen configuration,NONE — no active claim consumer; preserved at archive/exploratory/configs/experiment/e4.yaml,NONE IDENTIFIED,ARCHIVE-VALID,archive/exploratory/configs/experiment/e4.yaml,Configuration for an off-paper experiment.
configs/experiment/spade-joint.yaml,yaml,6f3d42f6c658eac699c9b89d6c26509b3f548dbf,7cd3bcf35e39c7e145a8248e506cad77b2327f2c,SPADE_MANUFACTURING_RECOVERY,Reproduce active SPADE evidence,CORE,NONE,frozen configuration,Claims NONE; frozen parameters for an active reproduction command,NONE IDENTIFIED,INFRASTRUCTURE,software/configs/experiment/spade-joint.yaml,Frozen active SPADE configuration.
configs/experiment/spade-multi-cqa-benchmark.yaml,yaml,11b405f09a6ebb7eceade4cccb7efad536c18142,57e0749fe134a7d3b99075efdd251e476edff34d,SPADE_MANUFACTURING_RECOVERY,Reproduce active SPADE evidence,CORE,NONE,frozen configuration,Claims NONE; frozen parameters for an active reproduction command,NONE IDENTIFIED,INFRASTRUCTURE,software/configs/experiment/spade-multi-cqa-benchmark.yaml,Frozen active SPADE configuration.
configs/experiment/spade-multi-cqa-qualification.yaml,yaml,40ce691ea67b58ea759065ed47dd2372b2efd86d,57e0749fe134a7d3b99075efdd251e476edff34d,SPADE_MANUFACTURING_RECOVERY,Reproduce active SPADE evidence,CORE,NONE,frozen configuration,Claims NONE; frozen parameters for an active reproduction command,NONE IDENTIFIED,INFRASTRUCTURE,software/configs/experiment/spade-multi-cqa-qualification.yaml,Frozen active SPADE configuration.
configs/lab/coating_2026-08-06.yaml,yaml,9bcef5768e67f1400fe8b183467e81554f00f271,d110da826529081b1533782840d35eed7248e825,LAB_AND_PUBLISHED_DATA,Reproduce active SPADE evidence,CORE,NONE,frozen configuration,Claims NONE; frozen parameters for an active reproduction command,NONE IDENTIFIED,INFRASTRUCTURE,software/configs/lab/coating_2026-08-06.yaml,Frozen active SPADE configuration.
data/external/extraction_a/EXTRACTION_NOTES.md,md,4ad56986d34996a69d596767920ef41ff4342300,4ad56986d34996a69d596767920ef41ff4342300,LAB_AND_PUBLISHED_DATA,Published assay provenance,SUPPORT,NONE,published-data provenance input,"Publication build, environment, or repository-level validation dependency",CANONICALIZED IN data/published/ BUT REQUIRED FOR VALIDATION,SUPPORT,research/data/external/extraction_a/EXTRACTION_NOTES.md,Primary digitization and independent transcription used to validate data/published/.
data/external/extraction_a/stage1_fig1a_table1_extracted.csv,csv,4ad56986d34996a69d596767920ef41ff4342300,4ad56986d34996a69d596767920ef41ff4342300,LAB_AND_PUBLISHED_DATA,Published assay provenance,SUPPORT,NONE,published-data provenance input,"Publication build, environment, or repository-level validation dependency",CANONICALIZED IN data/published/ BUT REQUIRED FOR VALIDATION,SUPPORT,research/data/external/extraction_a/stage1_fig1a_table1_extracted.csv,Primary digitization and independent transcription used to validate data/published/.
data/external/extraction_a/stage2_fig2a_table2_extracted.csv,csv,4ad56986d34996a69d596767920ef41ff4342300,4ad56986d34996a69d596767920ef41ff4342300,LAB_AND_PUBLISHED_DATA,Published assay provenance,SUPPORT,NONE,published-data provenance input,"Publication build, environment, or repository-level validation dependency",CANONICALIZED IN data/published/ BUT REQUIRED FOR VALIDATION,SUPPORT,research/data/external/extraction_a/stage2_fig2a_table2_extracted.csv,Primary digitization and independent transcription used to validate data/published/.
data/external/hall_ogle_2025/fig1_raw.png,png,e28c84c95de028595772236b3d94b2d9f19389bb,e28c84c95de028595772236b3d94b2d9f19389bb,LAB_AND_PUBLISHED_DATA,Published assay provenance,SUPPORT,NONE,published-data provenance input,"Publication build, environment, or repository-level validation dependency",CANONICALIZED IN data/published/ BUT REQUIRED FOR VALIDATION,SUPPORT,research/data/external/hall_ogle_2025/fig1_raw.png,Primary digitization and independent transcription used to validate data/published/.
data/external/hall_ogle_2025/fig2_raw.png,png,e28c84c95de028595772236b3d94b2d9f19389bb,e28c84c95de028595772236b3d94b2d9f19389bb,LAB_AND_PUBLISHED_DATA,Published assay provenance,SUPPORT,NONE,published-data provenance input,"Publication build, environment, or repository-level validation dependency",CANONICALIZED IN data/published/ BUT REQUIRED FOR VALIDATION,SUPPORT,research/data/external/hall_ogle_2025/fig2_raw.png,Primary digitization and independent transcription used to validate data/published/.
data/external/hall_ogle_2025/stage1.json,json,e28c84c95de028595772236b3d94b2d9f19389bb,e28c84c95de028595772236b3d94b2d9f19389bb,LAB_AND_PUBLISHED_DATA,Published assay provenance,SUPPORT,NONE,published-data provenance input,"Publication build, environment, or repository-level validation dependency",CANONICALIZED IN data/published/ BUT REQUIRED FOR VALIDATION,SUPPORT,research/data/external/hall_ogle_2025/stage1.json,Primary digitization and independent transcription used to validate data/published/.
data/external/hall_ogle_2025/stage2.json,json,e28c84c95de028595772236b3d94b2d9f19389bb,4ad56986d34996a69d596767920ef41ff4342300,LAB_AND_PUBLISHED_DATA,Published assay provenance,SUPPORT,NONE,published-data provenance input,"Publication build, environment, or repository-level validation dependency",CANONICALIZED IN data/published/ BUT REQUIRED FOR VALIDATION,SUPPORT,research/data/external/hall_ogle_2025/stage2.json,Primary digitization and independent transcription used to validate data/published/.
data/lab/README.md,md,f740258f18f3ae6ecc9a42a2938077568ef065a7,9a2161ba162ccdc947eb7a96f58fb0405e2cacd6,LAB_AND_PUBLISHED_DATA,Can SPADE make defensible claims on real iPSC-EC data?,SUPPORT,S2;S3,real-cell processed input,Claims S2/S3; source or provenance for candidate_campaign_coating_flow.csv,NONE IDENTIFIED,SUPPORT,research/data/lab/README.md,Canonical lab manifest or derived input supporting real-cell analysis.
data/lab/derived/RUN.json,json,f28ba66fd7f678c3e02d71912ee588de7c7bc9e1,184c5abf5e532b1c52a411793ff6f1a911330ff8,LAB_AND_PUBLISHED_DATA,Can SPADE make defensible claims on real iPSC-EC data?,SUPPORT,S2;S3,real-cell processed input,Claims S2/S3; source or provenance for candidate_campaign_coating_flow.csv,NONE IDENTIFIED,SUPPORT,research/data/lab/derived/RUN.json,Canonical lab manifest or derived input supporting real-cell analysis.
data/lab/derived/candidate_campaign_coating_flow.csv,csv,f28ba66fd7f678c3e02d71912ee588de7c7bc9e1,547b64115d88be576cae076a24feeda960d677f0,LAB_AND_PUBLISHED_DATA,Can SPADE make defensible claims on real iPSC-EC data?,SUPPORT,S2;S3,real-cell processed input,Claims S2/S3; source or provenance for candidate_campaign_coating_flow.csv,NONE IDENTIFIED,SUPPORT,research/data/lab/derived/candidate_campaign_coating_flow.csv,Canonical lab manifest or derived input supporting real-cell analysis.
data/lab/derived/candidate_campaign_coating_morphology.csv,csv,f28ba66fd7f678c3e02d71912ee588de7c7bc9e1,547b64115d88be576cae076a24feeda960d677f0,LAB_AND_PUBLISHED_DATA,Can SPADE make defensible claims on real iPSC-EC data?,SUPPORT,S2;S3,real-cell processed input,Claims S2/S3; source or provenance for candidate_campaign_coating_flow.csv,NONE IDENTIFIED,SUPPORT,research/data/lab/derived/candidate_campaign_coating_morphology.csv,Canonical lab manifest or derived input supporting real-cell analysis.
data/lab/derived/channel_identity.json,json,f28ba66fd7f678c3e02d71912ee588de7c7bc9e1,f28ba66fd7f678c3e02d71912ee588de7c7bc9e1,LAB_AND_PUBLISHED_DATA,Can SPADE make defensible claims on real iPSC-EC data?,SUPPORT,S2;S3,real-cell processed input,Claims S2/S3; source or provenance for candidate_campaign_coating_flow.csv,NONE IDENTIFIED,SUPPORT,research/data/lab/derived/channel_identity.json,Canonical lab manifest or derived input supporting real-cell analysis.
data/lab/derived/file_index.csv,csv,f28ba66fd7f678c3e02d71912ee588de7c7bc9e1,547b64115d88be576cae076a24feeda960d677f0,LAB_AND_PUBLISHED_DATA,Can SPADE make defensible claims on real iPSC-EC data?,SUPPORT,S2;S3,real-cell processed input,Claims S2/S3; source or provenance for candidate_campaign_coating_flow.csv,NONE IDENTIFIED,SUPPORT,research/data/lab/derived/file_index.csv,Canonical lab manifest or derived input supporting real-cell analysis.
data/lab/derived/flow_acquisitions.csv,csv,f28ba66fd7f678c3e02d71912ee588de7c7bc9e1,547b64115d88be576cae076a24feeda960d677f0,LAB_AND_PUBLISHED_DATA,Can SPADE make defensible claims on real iPSC-EC data?,SUPPORT,S2;S3,real-cell processed input,Claims S2/S3; source or provenance for candidate_campaign_coating_flow.csv,NONE IDENTIFIED,SUPPORT,research/data/lab/derived/flow_acquisitions.csv,Canonical lab manifest or derived input supporting real-cell analysis.
data/lab/derived/flow_positivity_candidate.csv,csv,f28ba66fd7f678c3e02d71912ee588de7c7bc9e1,547b64115d88be576cae076a24feeda960d677f0,LAB_AND_PUBLISHED_DATA,Can SPADE make defensible claims on real iPSC-EC data?,SUPPORT,S2;S3,real-cell processed input,Claims S2/S3; source or provenance for candidate_campaign_coating_flow.csv,NONE IDENTIFIED,SUPPORT,research/data/lab/derived/flow_positivity_candidate.csv,Canonical lab manifest or derived input supporting real-cell analysis.
data/lab/derived/image_features.csv,csv,f28ba66fd7f678c3e02d71912ee588de7c7bc9e1,547b64115d88be576cae076a24feeda960d677f0,LAB_AND_PUBLISHED_DATA,Can SPADE make defensible claims on real iPSC-EC data?,SUPPORT,S2;S3,real-cell processed input,Claims S2/S3; source or provenance for candidate_campaign_coating_flow.csv,NONE IDENTIFIED,SUPPORT,research/data/lab/derived/image_features.csv,Canonical lab manifest or derived input supporting real-cell analysis.
data/lab/derived/plate_reader.json,json,f28ba66fd7f678c3e02d71912ee588de7c7bc9e1,f28ba66fd7f678c3e02d71912ee588de7c7bc9e1,LAB_AND_PUBLISHED_DATA,Can SPADE make defensible claims on real iPSC-EC data?,SUPPORT,S2;S3,real-cell processed input,Claims S2/S3; source or provenance for candidate_campaign_coating_flow.csv,NONE IDENTIFIED,SUPPORT,research/data/lab/derived/plate_reader.json,Canonical lab manifest or derived input supporting real-cell analysis.
data/lab/derived/protocol_wellmap.csv,csv,f28ba66fd7f678c3e02d71912ee588de7c7bc9e1,f28ba66fd7f678c3e02d71912ee588de7c7bc9e1,LAB_AND_PUBLISHED_DATA,Can SPADE make defensible claims on real iPSC-EC data?,SUPPORT,S2;S3,real-cell processed input,Claims S2/S3; source or provenance for candidate_campaign_coating_flow.csv,NONE IDENTIFIED,SUPPORT,research/data/lab/derived/protocol_wellmap.csv,Canonical lab manifest or derived input supporting real-cell analysis.
data/lab/overlay/BO-PURPOSE.md,md,547b64115d88be576cae076a24feeda960d677f0,547b64115d88be576cae076a24feeda960d677f0,LAB_AND_PUBLISHED_DATA,Can SPADE make defensible claims on real iPSC-EC data?,SUPPORT,S2;S3,real-cell provenance overlay,Claims S2/S3; source or provenance for candidate_campaign_coating_flow.csv,NONE IDENTIFIED,SUPPORT,research/data/lab/overlay/BO-PURPOSE.md,"Human-reviewed lab role, checksum, or gating overlay."
data/lab/overlay/GATE.md,md,547b64115d88be576cae076a24feeda960d677f0,547b64115d88be576cae076a24feeda960d677f0,LAB_AND_PUBLISHED_DATA,Can SPADE make defensible claims on real iPSC-EC data?,SUPPORT,S2;S3,real-cell provenance overlay,Claims S2/S3; source or provenance for candidate_campaign_coating_flow.csv,NONE IDENTIFIED,SUPPORT,research/data/lab/overlay/GATE.md,"Human-reviewed lab role, checksum, or gating overlay."
data/lab/overlay/MANIFEST.sha256,sha256,547b64115d88be576cae076a24feeda960d677f0,547b64115d88be576cae076a24feeda960d677f0,LAB_AND_PUBLISHED_DATA,Can SPADE make defensible claims on real iPSC-EC data?,SUPPORT,S2;S3,real-cell provenance overlay,Claims S2/S3; source or provenance for candidate_campaign_coating_flow.csv,NONE IDENTIFIED,SUPPORT,research/data/lab/overlay/MANIFEST.sha256,"Human-reviewed lab role, checksum, or gating overlay."
data/lab/overlay/bo_file_roles.csv,csv,547b64115d88be576cae076a24feeda960d677f0,547b64115d88be576cae076a24feeda960d677f0,LAB_AND_PUBLISHED_DATA,Can SPADE make defensible claims on real iPSC-EC data?,SUPPORT,S2;S3,real-cell provenance overlay,Claims S2/S3; source or provenance for candidate_campaign_coating_flow.csv,NONE IDENTIFIED,SUPPORT,research/data/lab/overlay/bo_file_roles.csv,"Human-reviewed lab role, checksum, or gating overlay."
data/lab/overlay/bo_primary_conditions.csv,csv,547b64115d88be576cae076a24feeda960d677f0,547b64115d88be576cae076a24feeda960d677f0,LAB_AND_PUBLISHED_DATA,Can SPADE make defensible claims on real iPSC-EC data?,SUPPORT,S2;S3,real-cell provenance overlay,Claims S2/S3; source or provenance for candidate_campaign_coating_flow.csv,NONE IDENTIFIED,SUPPORT,research/data/lab/overlay/bo_primary_conditions.csv,"Human-reviewed lab role, checksum, or gating overlay."
data/lab/raw/flow/2026-07-21/10%FBS-p1.fcs,fcs,547b64115d88be576cae076a24feeda960d677f0,547b64115d88be576cae076a24feeda960d677f0,LAB_AND_PUBLISHED_DATA,Historical wet-lab context,HISTORICAL,NONE,historical lab context (assay_dev),NONE — no active claim consumer; preserved at archive/exploratory/data/lab/raw/flow/2026-07-21/10%FBS-p1.fcs,EXCLUDED BY LAB ROLE MANIFEST,ARCHIVE-VALID,archive/exploratory/data/lab/raw/flow/2026-07-21/10%FBS-p1.fcs,Lab role `assay_dev` is outside the paper's in-house evidence path: Media/passage/3D-vs-2D screen. Different search space from Hall/Ogle ECM BO.
data/lab/raw/flow/2026-07-21/10fbs-p2.fcs,fcs,547b64115d88be576cae076a24feeda960d677f0,547b64115d88be576cae076a24feeda960d677f0,LAB_AND_PUBLISHED_DATA,Historical wet-lab context,HISTORICAL,NONE,historical lab context (assay_dev),NONE — no active claim consumer; preserved at archive/exploratory/data/lab/raw/flow/2026-07-21/10fbs-p2.fcs,EXCLUDED BY LAB ROLE MANIFEST,ARCHIVE-VALID,archive/exploratory/data/lab/raw/flow/2026-07-21/10fbs-p2.fcs,Lab role `assay_dev` is outside the paper's in-house evidence path: Media/passage/3D-vs-2D screen. Different search space from Hall/Ogle ECM BO.
data/lab/raw/flow/2026-07-21/20260721.xit,xit,547b64115d88be576cae076a24feeda960d677f0,547b64115d88be576cae076a24feeda960d677f0,LAB_AND_PUBLISHED_DATA,Historical wet-lab context,HISTORICAL,NONE,historical lab context (instrument_sidecar),NONE — no active claim consumer; preserved at archive/exploratory/data/lab/raw/flow/2026-07-21/20260721.xit,EXCLUDED BY LAB ROLE MANIFEST,ARCHIVE-VALID,archive/exploratory/data/lab/raw/flow/2026-07-21/20260721.xit,Lab role `instrument_sidecar` is outside the paper's in-house evidence path: CytExpert experiment file for 2026-07-21.
data/lab/raw/flow/2026-07-21/EGM-3D-p0.fcs,fcs,547b64115d88be576cae076a24feeda960d677f0,547b64115d88be576cae076a24feeda960d677f0,LAB_AND_PUBLISHED_DATA,Historical wet-lab context,HISTORICAL,NONE,historical lab context (assay_dev),NONE — no active claim consumer; preserved at archive/exploratory/data/lab/raw/flow/2026-07-21/EGM-3D-p0.fcs,EXCLUDED BY LAB ROLE MANIFEST,ARCHIVE-VALID,archive/exploratory/data/lab/raw/flow/2026-07-21/EGM-3D-p0.fcs,Lab role `assay_dev` is outside the paper's in-house evidence path: Media/passage/3D-vs-2D screen. Different search space from Hall/Ogle ECM BO.
data/lab/raw/flow/2026-07-21/ExpSummaryForAPI.xml,xml,547b64115d88be576cae076a24feeda960d677f0,547b64115d88be576cae076a24feeda960d677f0,LAB_AND_PUBLISHED_DATA,Historical wet-lab context,HISTORICAL,NONE,historical lab context (instrument_sidecar),NONE — no active claim consumer; preserved at archive/exploratory/data/lab/raw/flow/2026-07-21/ExpSummaryForAPI.xml,EXCLUDED BY LAB ROLE MANIFEST,ARCHIVE-VALID,archive/exploratory/data/lab/raw/flow/2026-07-21/ExpSummaryForAPI.xml,Lab role `instrument_sidecar` is outside the paper's in-house evidence path: CytExpert experiment file for 2026-07-21.
data/lab/raw/flow/2026-07-21/N2-3D-P0.fcs,fcs,547b64115d88be576cae076a24feeda960d677f0,547b64115d88be576cae076a24feeda960d677f0,LAB_AND_PUBLISHED_DATA,Historical wet-lab context,HISTORICAL,NONE,historical lab context (assay_dev),NONE — no active claim consumer; preserved at archive/exploratory/data/lab/raw/flow/2026-07-21/N2-3D-P0.fcs,EXCLUDED BY LAB ROLE MANIFEST,ARCHIVE-VALID,archive/exploratory/data/lab/raw/flow/2026-07-21/N2-3D-P0.fcs,Lab role `assay_dev` is outside the paper's in-house evidence path: Media/passage/3D-vs-2D screen. Different search space from Hall/Ogle ECM BO.
data/lab/raw/flow/2026-07-21/T75-p1.fcs,fcs,547b64115d88be576cae076a24feeda960d677f0,547b64115d88be576cae076a24feeda960d677f0,LAB_AND_PUBLISHED_DATA,Historical wet-lab context,HISTORICAL,NONE,historical lab context (assay_dev),NONE — no active claim consumer; preserved at archive/exploratory/data/lab/raw/flow/2026-07-21/T75-p1.fcs,EXCLUDED BY LAB ROLE MANIFEST,ARCHIVE-VALID,archive/exploratory/data/lab/raw/flow/2026-07-21/T75-p1.fcs,Lab role `assay_dev` is outside the paper's in-house evidence path: Media/passage/3D-vs-2D screen. Different search space from Hall/Ogle ECM BO.
data/lab/raw/flow/2026-07-21/US.fcs,fcs,547b64115d88be576cae076a24feeda960d677f0,547b64115d88be576cae076a24feeda960d677f0,LAB_AND_PUBLISHED_DATA,Can SPADE make defensible claims on real iPSC-EC data?,SUPPORT,S2;S3,real-cell input (bo_gating),Claims S2/S3; source or provenance for candidate_campaign_coating_flow.csv,NONE IDENTIFIED,SUPPORT,research/data/lab/raw/flow/2026-07-21/US.fcs,Lab role `bo_gating` supports the in-house iPSC-EC evidence: Unstained control for the 2026-07-21 media/passage screen.
data/lab/raw/flow/2026-07-21/ec indu-p1.fcs,fcs,547b64115d88be576cae076a24feeda960d677f0,547b64115d88be576cae076a24feeda960d677f0,LAB_AND_PUBLISHED_DATA,Historical wet-lab context,HISTORICAL,NONE,historical lab context (assay_dev),NONE — no active claim consumer; preserved at archive/exploratory/data/lab/raw/flow/2026-07-21/ec indu-p1.fcs,EXCLUDED BY LAB ROLE MANIFEST,ARCHIVE-VALID,archive/exploratory/data/lab/raw/flow/2026-07-21/ec indu-p1.fcs,Lab role `assay_dev` is outside the paper's in-house evidence path: Media/passage/3D-vs-2D screen. Different search space from Hall/Ogle ECM BO.
data/lab/raw/flow/2026-07-21/ec indu-p2.fcs,fcs,547b64115d88be576cae076a24feeda960d677f0,547b64115d88be576cae076a24feeda960d677f0,LAB_AND_PUBLISHED_DATA,Historical wet-lab context,HISTORICAL,NONE,historical lab context (assay_dev),NONE — no active claim consumer; preserved at archive/exploratory/data/lab/raw/flow/2026-07-21/ec indu-p2.fcs,EXCLUDED BY LAB ROLE MANIFEST,ARCHIVE-VALID,archive/exploratory/data/lab/raw/flow/2026-07-21/ec indu-p2.fcs,Lab role `assay_dev` is outside the paper's in-house evidence path: Media/passage/3D-vs-2D screen. Different search space from Hall/Ogle ECM BO.
data/lab/raw/flow/2026-07-21/egm-3d-p1.fcs,fcs,547b64115d88be576cae076a24feeda960d677f0,547b64115d88be576cae076a24feeda960d677f0,LAB_AND_PUBLISHED_DATA,Historical wet-lab context,HISTORICAL,NONE,historical lab context (assay_dev),NONE — no active claim consumer; preserved at archive/exploratory/data/lab/raw/flow/2026-07-21/egm-3d-p1.fcs,EXCLUDED BY LAB ROLE MANIFEST,ARCHIVE-VALID,archive/exploratory/data/lab/raw/flow/2026-07-21/egm-3d-p1.fcs,Lab role `assay_dev` is outside the paper's in-house evidence path: Media/passage/3D-vs-2D screen. Different search space from Hall/Ogle ECM BO.
data/lab/raw/flow/2026-07-21/n2-3d-p1.fcs,fcs,547b64115d88be576cae076a24feeda960d677f0,547b64115d88be576cae076a24feeda960d677f0,LAB_AND_PUBLISHED_DATA,Historical wet-lab context,HISTORICAL,NONE,historical lab context (assay_dev),NONE — no active claim consumer; preserved at archive/exploratory/data/lab/raw/flow/2026-07-21/n2-3d-p1.fcs,EXCLUDED BY LAB ROLE MANIFEST,ARCHIVE-VALID,archive/exploratory/data/lab/raw/flow/2026-07-21/n2-3d-p1.fcs,Lab role `assay_dev` is outside the paper's in-house evidence path: Media/passage/3D-vs-2D screen. Different search space from Hall/Ogle ECM BO.
data/lab/raw/flow/2026-07-21/stem-p1.fcs,fcs,547b64115d88be576cae076a24feeda960d677f0,547b64115d88be576cae076a24feeda960d677f0,LAB_AND_PUBLISHED_DATA,Historical wet-lab context,HISTORICAL,NONE,historical lab context (assay_dev),NONE — no active claim consumer; preserved at archive/exploratory/data/lab/raw/flow/2026-07-21/stem-p1.fcs,EXCLUDED BY LAB ROLE MANIFEST,ARCHIVE-VALID,archive/exploratory/data/lab/raw/flow/2026-07-21/stem-p1.fcs,Lab role `assay_dev` is outside the paper's in-house evidence path: Media/passage/3D-vs-2D screen. Different search space from Hall/Ogle ECM BO.
data/lab/raw/flow/2026-07-21/stem-p2.fcs,fcs,547b64115d88be576cae076a24feeda960d677f0,547b64115d88be576cae076a24feeda960d677f0,LAB_AND_PUBLISHED_DATA,Historical wet-lab context,HISTORICAL,NONE,historical lab context (assay_dev),NONE — no active claim consumer; preserved at archive/exploratory/data/lab/raw/flow/2026-07-21/stem-p2.fcs,EXCLUDED BY LAB ROLE MANIFEST,ARCHIVE-VALID,archive/exploratory/data/lab/raw/flow/2026-07-21/stem-p2.fcs,Lab role `assay_dev` is outside the paper's in-house evidence path: Media/passage/3D-vs-2D screen. Different search space from Hall/Ogle ECM BO.
data/lab/raw/flow/2026-07-21/sunny-p3-1.fcs,fcs,547b64115d88be576cae076a24feeda960d677f0,547b64115d88be576cae076a24feeda960d677f0,LAB_AND_PUBLISHED_DATA,Historical wet-lab context,HISTORICAL,NONE,historical lab context (assay_dev),NONE — no active claim consumer; preserved at archive/exploratory/data/lab/raw/flow/2026-07-21/sunny-p3-1.fcs,EXCLUDED BY LAB ROLE MANIFEST,ARCHIVE-VALID,archive/exploratory/data/lab/raw/flow/2026-07-21/sunny-p3-1.fcs,Lab role `assay_dev` is outside the paper's in-house evidence path: Media/passage/3D-vs-2D screen. Different search space from Hall/Ogle ECM BO.
data/lab/raw/flow/2026-07-21/sunny-p3.fcs,fcs,547b64115d88be576cae076a24feeda960d677f0,547b64115d88be576cae076a24feeda960d677f0,LAB_AND_PUBLISHED_DATA,Historical wet-lab context,HISTORICAL,NONE,historical lab context (assay_dev),NONE — no active claim consumer; preserved at archive/exploratory/data/lab/raw/flow/2026-07-21/sunny-p3.fcs,EXCLUDED BY LAB ROLE MANIFEST,ARCHIVE-VALID,archive/exploratory/data/lab/raw/flow/2026-07-21/sunny-p3.fcs,Lab role `assay_dev` is outside the paper's in-house evidence path: Media/passage/3D-vs-2D screen. Different search space from Hall/Ogle ECM BO.
data/lab/raw/flow/2026-07-21/us-2.fcs,fcs,547b64115d88be576cae076a24feeda960d677f0,547b64115d88be576cae076a24feeda960d677f0,LAB_AND_PUBLISHED_DATA,Can SPADE make defensible claims on real iPSC-EC data?,SUPPORT,S2;S3,real-cell input (bo_gating),Claims S2/S3; source or provenance for candidate_campaign_coating_flow.csv,NONE IDENTIFIED,SUPPORT,research/data/lab/raw/flow/2026-07-21/us-2.fcs,Lab role `bo_gating` supports the in-house iPSC-EC evidence: Unstained control for the 2026-07-21 media/passage screen.
data/lab/raw/flow/2026-07-21/us-23.fcs,fcs,547b64115d88be576cae076a24feeda960d677f0,547b64115d88be576cae076a24feeda960d677f0,LAB_AND_PUBLISHED_DATA,Can SPADE make defensible claims on real iPSC-EC data?,SUPPORT,S2;S3,real-cell input (bo_gating),Claims S2/S3; source or provenance for candidate_campaign_coating_flow.csv,NONE IDENTIFIED,SUPPORT,research/data/lab/raw/flow/2026-07-21/us-23.fcs,Lab role `bo_gating` supports the in-house iPSC-EC evidence: Unstained control for the 2026-07-21 media/passage screen.
data/lab/raw/flow/2026-07-28/Exp_20260728_1.xit,xit,547b64115d88be576cae076a24feeda960d677f0,547b64115d88be576cae076a24feeda960d677f0,LAB_AND_PUBLISHED_DATA,Historical wet-lab context,HISTORICAL,NONE,historical lab context (instrument_sidecar),NONE — no active claim consumer; preserved at archive/exploratory/data/lab/raw/flow/2026-07-28/Exp_20260728_1.xit,EXCLUDED BY LAB ROLE MANIFEST,ARCHIVE-VALID,archive/exploratory/data/lab/raw/flow/2026-07-28/Exp_20260728_1.xit,Lab role `instrument_sidecar` is outside the paper's in-house evidence path: CytExpert experiment file for the 2026-07-28 gating panel.
data/lab/raw/flow/2026-07-28/Exp_20260728_1/BEFORE2.fcs,fcs,547b64115d88be576cae076a24feeda960d677f0,547b64115d88be576cae076a24feeda960d677f0,LAB_AND_PUBLISHED_DATA,Can SPADE make defensible claims on real iPSC-EC data?,SUPPORT,S2;S3,real-cell input (bo_gating),Claims S2/S3; source or provenance for candidate_campaign_coating_flow.csv,NONE IDENTIFIED,SUPPORT,research/data/lab/raw/flow/2026-07-28/Exp_20260728_1/BEFORE2.fcs,Lab role `bo_gating` supports the in-house iPSC-EC evidence: CD31+/CD31-/ISO/US/pre-stain. Sets gates; not an experimental condition.
data/lab/raw/flow/2026-07-28/Exp_20260728_1/Before.fcs,fcs,547b64115d88be576cae076a24feeda960d677f0,547b64115d88be576cae076a24feeda960d677f0,LAB_AND_PUBLISHED_DATA,Can SPADE make defensible claims on real iPSC-EC data?,SUPPORT,S2;S3,real-cell input (bo_gating),Claims S2/S3; source or provenance for candidate_campaign_coating_flow.csv,NONE IDENTIFIED,SUPPORT,research/data/lab/raw/flow/2026-07-28/Exp_20260728_1/Before.fcs,Lab role `bo_gating` supports the in-house iPSC-EC evidence: CD31+/CD31-/ISO/US/pre-stain. Sets gates; not an experimental condition.
data/lab/raw/flow/2026-07-28/Exp_20260728_1/CD31+.fcs,fcs,547b64115d88be576cae076a24feeda960d677f0,547b64115d88be576cae076a24feeda960d677f0,LAB_AND_PUBLISHED_DATA,Can SPADE make defensible claims on real iPSC-EC data?,SUPPORT,S2;S3,real-cell input (bo_gating),Claims S2/S3; source or provenance for candidate_campaign_coating_flow.csv,NONE IDENTIFIED,SUPPORT,research/data/lab/raw/flow/2026-07-28/Exp_20260728_1/CD31+.fcs,Lab role `bo_gating` supports the in-house iPSC-EC evidence: CD31+/CD31-/ISO/US/pre-stain. Sets gates; not an experimental condition.
data/lab/raw/flow/2026-07-28/Exp_20260728_1/CD31+P3.fcs,fcs,547b64115d88be576cae076a24feeda960d677f0,547b64115d88be576cae076a24feeda960d677f0,LAB_AND_PUBLISHED_DATA,Can SPADE make defensible claims on real iPSC-EC data?,SUPPORT,S2;S3,real-cell input (bo_gating),Claims S2/S3; source or provenance for candidate_campaign_coating_flow.csv,NONE IDENTIFIED,SUPPORT,research/data/lab/raw/flow/2026-07-28/Exp_20260728_1/CD31+P3.fcs,Lab role `bo_gating` supports the in-house iPSC-EC evidence: CD31+/CD31-/ISO/US/pre-stain. Sets gates; not an experimental condition.
data/lab/raw/flow/2026-07-28/Exp_20260728_1/CD31-.fcs,fcs,547b64115d88be576cae076a24feeda960d677f0,547b64115d88be576cae076a24feeda960d677f0,LAB_AND_PUBLISHED_DATA,Can SPADE make defensible claims on real iPSC-EC data?,SUPPORT,S2;S3,real-cell input (bo_gating),Claims S2/S3; source or provenance for candidate_campaign_coating_flow.csv,NONE IDENTIFIED,SUPPORT,research/data/lab/raw/flow/2026-07-28/Exp_20260728_1/CD31-.fcs,Lab role `bo_gating` supports the in-house iPSC-EC evidence: CD31+/CD31-/ISO/US/pre-stain. Sets gates; not an experimental condition.
data/lab/raw/flow/2026-07-28/Exp_20260728_1/ExpSummaryForAPI.xml,xml,547b64115d88be576cae076a24feeda960d677f0,547b64115d88be576cae076a24feeda960d677f0,LAB_AND_PUBLISHED_DATA,Historical wet-lab context,HISTORICAL,NONE,historical lab context (instrument_sidecar),NONE — no active claim consumer; preserved at archive/exploratory/data/lab/raw/flow/2026-07-28/Exp_20260728_1/ExpSummaryForAPI.xml,EXCLUDED BY LAB ROLE MANIFEST,ARCHIVE-VALID,archive/exploratory/data/lab/raw/flow/2026-07-28/Exp_20260728_1/ExpSummaryForAPI.xml,Lab role `instrument_sidecar` is outside the paper's in-house evidence path: CytExpert experiment file for the 2026-07-28 gating panel.
data/lab/raw/flow/2026-07-28/Exp_20260728_1/ISO.fcs,fcs,547b64115d88be576cae076a24feeda960d677f0,547b64115d88be576cae076a24feeda960d677f0,LAB_AND_PUBLISHED_DATA,Can SPADE make defensible claims on real iPSC-EC data?,SUPPORT,S2;S3,real-cell input (bo_gating),Claims S2/S3; source or provenance for candidate_campaign_coating_flow.csv,NONE IDENTIFIED,SUPPORT,research/data/lab/raw/flow/2026-07-28/Exp_20260728_1/ISO.fcs,Lab role `bo_gating` supports the in-house iPSC-EC evidence: CD31+/CD31-/ISO/US/pre-stain. Sets gates; not an experimental condition.
data/lab/raw/flow/2026-07-28/Exp_20260728_1/US.fcs,fcs,547b64115d88be576cae076a24feeda960d677f0,547b64115d88be576cae076a24feeda960d677f0,LAB_AND_PUBLISHED_DATA,Can SPADE make defensible claims on real iPSC-EC data?,SUPPORT,S2;S3,real-cell input (bo_gating),Claims S2/S3; source or provenance for candidate_campaign_coating_flow.csv,NONE IDENTIFIED,SUPPORT,research/data/lab/raw/flow/2026-07-28/Exp_20260728_1/US.fcs,Lab role `bo_gating` supports the in-house iPSC-EC evidence: CD31+/CD31-/ISO/US/pre-stain. Sets gates; not an experimental condition.
data/lab/raw/flow/2026-08-06/Exp_20260806_1.xit,xit,547b64115d88be576cae076a24feeda960d677f0,547b64115d88be576cae076a24feeda960d677f0,LAB_AND_PUBLISHED_DATA,Historical wet-lab context,HISTORICAL,NONE,historical lab context (instrument_sidecar),NONE — no active claim consumer; preserved at archive/exploratory/data/lab/raw/flow/2026-08-06/Exp_20260806_1.xit,EXCLUDED BY LAB ROLE MANIFEST,ARCHIVE-VALID,archive/exploratory/data/lab/raw/flow/2026-08-06/Exp_20260806_1.xit,Lab role `instrument_sidecar` is outside the paper's in-house evidence path: CytExpert experiment file for Exp_20260806_1.
data/lab/raw/flow/2026-08-06/Exp_20260806_1/3-1.fcs,fcs,547b64115d88be576cae076a24feeda960d677f0,547b64115d88be576cae076a24feeda960d677f0,LAB_AND_PUBLISHED_DATA,Historical wet-lab context,HISTORICAL,NONE,historical lab context (blocked_needs_keymap),NONE — no active claim consumer; preserved at archive/exploratory/data/lab/raw/flow/2026-08-06/Exp_20260806_1/3-1.fcs,EXCLUDED BY LAB ROLE MANIFEST,ARCHIVE-VALID,archive/exploratory/data/lab/raw/flow/2026-08-06/Exp_20260806_1/3-1.fcs,"Lab role `blocked_needs_keymap` is outside the paper's in-house evidence path: Has events. Well ID maps to protocol-v3 (CHIR/BMP4/media) only after that map is locked; not an ECM (x,y) row."
data/lab/raw/flow/2026-08-06/Exp_20260806_1/ExpSummaryForAPI.xml,xml,547b64115d88be576cae076a24feeda960d677f0,547b64115d88be576cae076a24feeda960d677f0,LAB_AND_PUBLISHED_DATA,Historical wet-lab context,HISTORICAL,NONE,historical lab context (instrument_sidecar),NONE — no active claim consumer; preserved at archive/exploratory/data/lab/raw/flow/2026-08-06/Exp_20260806_1/ExpSummaryForAPI.xml,EXCLUDED BY LAB ROLE MANIFEST,ARCHIVE-VALID,archive/exploratory/data/lab/raw/flow/2026-08-06/Exp_20260806_1/ExpSummaryForAPI.xml,Lab role `instrument_sidecar` is outside the paper's in-house evidence path: CytExpert experiment file for Exp_20260806_1.
data/lab/raw/flow/2026-08-06/Exp_20260806_1/US-new.fcs,fcs,547b64115d88be576cae076a24feeda960d677f0,547b64115d88be576cae076a24feeda960d677f0,LAB_AND_PUBLISHED_DATA,Can SPADE make defensible claims on real iPSC-EC data?,SUPPORT,S2;S3,real-cell input (bo_gating),Claims S2/S3; source or provenance for candidate_campaign_coating_flow.csv,NONE IDENTIFIED,SUPPORT,research/data/lab/raw/flow/2026-08-06/Exp_20260806_1/US-new.fcs,Lab role `bo_gating` supports the in-house iPSC-EC evidence: Unstained control for the 2026-08-06 well-1-5 protocol screen.
data/lab/raw/flow/2026-08-06/Exp_20260806_1/US-old.fcs,fcs,547b64115d88be576cae076a24feeda960d677f0,547b64115d88be576cae076a24feeda960d677f0,LAB_AND_PUBLISHED_DATA,Can SPADE make defensible claims on real iPSC-EC data?,SUPPORT,S2;S3,real-cell input (bo_gating),Claims S2/S3; source or provenance for candidate_campaign_coating_flow.csv,NONE IDENTIFIED,SUPPORT,research/data/lab/raw/flow/2026-08-06/Exp_20260806_1/US-old.fcs,Lab role `bo_gating` supports the in-house iPSC-EC evidence: Unstained control for the 2026-08-06 well-1-5 protocol screen.
data/lab/raw/flow/2026-08-06/Exp_20260806_1/well 1.fcs,fcs,547b64115d88be576cae076a24feeda960d677f0,547b64115d88be576cae076a24feeda960d677f0,LAB_AND_PUBLISHED_DATA,Historical wet-lab context,HISTORICAL,NONE,historical lab context (blocked_needs_keymap),NONE — no active claim consumer; preserved at archive/exploratory/data/lab/raw/flow/2026-08-06/Exp_20260806_1/well 1.fcs,EXCLUDED BY LAB ROLE MANIFEST,ARCHIVE-VALID,archive/exploratory/data/lab/raw/flow/2026-08-06/Exp_20260806_1/well 1.fcs,"Lab role `blocked_needs_keymap` is outside the paper's in-house evidence path: Has events. Well ID maps to protocol-v3 (CHIR/BMP4/media) only after that map is locked; not an ECM (x,y) row."
data/lab/raw/flow/2026-08-06/Exp_20260806_1/well 2.fcs,fcs,547b64115d88be576cae076a24feeda960d677f0,547b64115d88be576cae076a24feeda960d677f0,LAB_AND_PUBLISHED_DATA,Historical wet-lab context,HISTORICAL,NONE,historical lab context (blocked_needs_keymap),NONE — no active claim consumer; preserved at archive/exploratory/data/lab/raw/flow/2026-08-06/Exp_20260806_1/well 2.fcs,EXCLUDED BY LAB ROLE MANIFEST,ARCHIVE-VALID,archive/exploratory/data/lab/raw/flow/2026-08-06/Exp_20260806_1/well 2.fcs,"Lab role `blocked_needs_keymap` is outside the paper's in-house evidence path: Has events. Well ID maps to protocol-v3 (CHIR/BMP4/media) only after that map is locked; not an ECM (x,y) row."
data/lab/raw/flow/2026-08-06/Exp_20260806_1/well 3.fcs,fcs,547b64115d88be576cae076a24feeda960d677f0,547b64115d88be576cae076a24feeda960d677f0,LAB_AND_PUBLISHED_DATA,Historical wet-lab context,HISTORICAL,NONE,historical lab context (blocked_needs_keymap),NONE — no active claim consumer; preserved at archive/exploratory/data/lab/raw/flow/2026-08-06/Exp_20260806_1/well 3.fcs,EXCLUDED BY LAB ROLE MANIFEST,ARCHIVE-VALID,archive/exploratory/data/lab/raw/flow/2026-08-06/Exp_20260806_1/well 3.fcs,"Lab role `blocked_needs_keymap` is outside the paper's in-house evidence path: Has events. Well ID maps to protocol-v3 (CHIR/BMP4/media) only after that map is locked; not an ECM (x,y) row."
data/lab/raw/flow/2026-08-06/Exp_20260806_1/well 4.fcs,fcs,547b64115d88be576cae076a24feeda960d677f0,547b64115d88be576cae076a24feeda960d677f0,LAB_AND_PUBLISHED_DATA,Historical wet-lab context,HISTORICAL,NONE,historical lab context (blocked_needs_keymap),NONE — no active claim consumer; preserved at archive/exploratory/data/lab/raw/flow/2026-08-06/Exp_20260806_1/well 4.fcs,EXCLUDED BY LAB ROLE MANIFEST,ARCHIVE-VALID,archive/exploratory/data/lab/raw/flow/2026-08-06/Exp_20260806_1/well 4.fcs,"Lab role `blocked_needs_keymap` is outside the paper's in-house evidence path: Has events. Well ID maps to protocol-v3 (CHIR/BMP4/media) only after that map is locked; not an ECM (x,y) row."
data/lab/raw/flow/2026-08-06/Exp_20260806_1/well 5.fcs,fcs,547b64115d88be576cae076a24feeda960d677f0,547b64115d88be576cae076a24feeda960d677f0,LAB_AND_PUBLISHED_DATA,Historical wet-lab context,HISTORICAL,NONE,historical lab context (blocked_needs_keymap),NONE — no active claim consumer; preserved at archive/exploratory/data/lab/raw/flow/2026-08-06/Exp_20260806_1/well 5.fcs,EXCLUDED BY LAB ROLE MANIFEST,ARCHIVE-VALID,archive/exploratory/data/lab/raw/flow/2026-08-06/Exp_20260806_1/well 5.fcs,"Lab role `blocked_needs_keymap` is outside the paper's in-house evidence path: Has events. Well ID maps to protocol-v3 (CHIR/BMP4/media) only after that map is locked; not an ECM (x,y) row."
data/lab/raw/flow/2026-08-06/Exp_20260806_2.xit,xit,547b64115d88be576cae076a24feeda960d677f0,547b64115d88be576cae076a24feeda960d677f0,LAB_AND_PUBLISHED_DATA,Historical wet-lab context,HISTORICAL,NONE,historical lab context (instrument_sidecar),NONE — no active claim consumer; preserved at archive/exploratory/data/lab/raw/flow/2026-08-06/Exp_20260806_2.xit,EXCLUDED BY LAB ROLE MANIFEST,ARCHIVE-VALID,archive/exploratory/data/lab/raw/flow/2026-08-06/Exp_20260806_2.xit,Lab role `instrument_sidecar` is outside the paper's in-house evidence path: CytExpert file for the aborted Exp_2 run.
data/lab/raw/flow/2026-08-06/Exp_20260806_2/3-1.fcs,fcs,547b64115d88be576cae076a24feeda960d677f0,547b64115d88be576cae076a24feeda960d677f0,LAB_AND_PUBLISHED_DATA,Historical wet-lab context,HISTORICAL,NONE,historical lab context (not_for_bo),NONE — no active claim consumer; preserved at archive/exploratory/data/lab/raw/flow/2026-08-06/Exp_20260806_2/3-1.fcs,EXCLUDED BY LAB ROLE MANIFEST,ARCHIVE-VALID,archive/exploratory/data/lab/raw/flow/2026-08-06/Exp_20260806_2/3-1.fcs,"Lab role `not_for_bo` is outside the paper's in-house evidence path: Header-only FCS, 0 events. Aborted acquisition."
data/lab/raw/flow/2026-08-06/Exp_20260806_2/ExpSummaryForAPI.xml,xml,547b64115d88be576cae076a24feeda960d677f0,547b64115d88be576cae076a24feeda960d677f0,LAB_AND_PUBLISHED_DATA,Historical wet-lab context,HISTORICAL,NONE,historical lab context (instrument_sidecar),NONE — no active claim consumer; preserved at archive/exploratory/data/lab/raw/flow/2026-08-06/Exp_20260806_2/ExpSummaryForAPI.xml,EXCLUDED BY LAB ROLE MANIFEST,ARCHIVE-VALID,archive/exploratory/data/lab/raw/flow/2026-08-06/Exp_20260806_2/ExpSummaryForAPI.xml,Lab role `instrument_sidecar` is outside the paper's in-house evidence path: CytExpert file for the aborted Exp_2 run.
data/lab/raw/flow/2026-08-06/Exp_20260806_2/US-new.fcs,fcs,547b64115d88be576cae076a24feeda960d677f0,547b64115d88be576cae076a24feeda960d677f0,LAB_AND_PUBLISHED_DATA,Historical wet-lab context,HISTORICAL,NONE,historical lab context (not_for_bo),NONE — no active claim consumer; preserved at archive/exploratory/data/lab/raw/flow/2026-08-06/Exp_20260806_2/US-new.fcs,EXCLUDED BY LAB ROLE MANIFEST,ARCHIVE-VALID,archive/exploratory/data/lab/raw/flow/2026-08-06/Exp_20260806_2/US-new.fcs,"Lab role `not_for_bo` is outside the paper's in-house evidence path: Header-only FCS, 0 events. Aborted acquisition."
data/lab/raw/flow/2026-08-06/Exp_20260806_2/US-old.fcs,fcs,547b64115d88be576cae076a24feeda960d677f0,547b64115d88be576cae076a24feeda960d677f0,LAB_AND_PUBLISHED_DATA,Historical wet-lab context,HISTORICAL,NONE,historical lab context (not_for_bo),NONE — no active claim consumer; preserved at archive/exploratory/data/lab/raw/flow/2026-08-06/Exp_20260806_2/US-old.fcs,EXCLUDED BY LAB ROLE MANIFEST,ARCHIVE-VALID,archive/exploratory/data/lab/raw/flow/2026-08-06/Exp_20260806_2/US-old.fcs,"Lab role `not_for_bo` is outside the paper's in-house evidence path: Header-only FCS, 0 events. Aborted acquisition."
data/lab/raw/flow/2026-08-06/Exp_20260806_2/well 1.fcs,fcs,547b64115d88be576cae076a24feeda960d677f0,547b64115d88be576cae076a24feeda960d677f0,LAB_AND_PUBLISHED_DATA,Historical wet-lab context,HISTORICAL,NONE,historical lab context (not_for_bo),NONE — no active claim consumer; preserved at archive/exploratory/data/lab/raw/flow/2026-08-06/Exp_20260806_2/well 1.fcs,EXCLUDED BY LAB ROLE MANIFEST,ARCHIVE-VALID,archive/exploratory/data/lab/raw/flow/2026-08-06/Exp_20260806_2/well 1.fcs,"Lab role `not_for_bo` is outside the paper's in-house evidence path: Header-only FCS, 0 events. Aborted acquisition."
data/lab/raw/flow/2026-08-06/Exp_20260806_2/well 2.fcs,fcs,547b64115d88be576cae076a24feeda960d677f0,547b64115d88be576cae076a24feeda960d677f0,LAB_AND_PUBLISHED_DATA,Historical wet-lab context,HISTORICAL,NONE,historical lab context (not_for_bo),NONE — no active claim consumer; preserved at archive/exploratory/data/lab/raw/flow/2026-08-06/Exp_20260806_2/well 2.fcs,EXCLUDED BY LAB ROLE MANIFEST,ARCHIVE-VALID,archive/exploratory/data/lab/raw/flow/2026-08-06/Exp_20260806_2/well 2.fcs,"Lab role `not_for_bo` is outside the paper's in-house evidence path: Header-only FCS, 0 events. Aborted acquisition."
data/lab/raw/flow/2026-08-06/Exp_20260806_2/well 3.fcs,fcs,547b64115d88be576cae076a24feeda960d677f0,547b64115d88be576cae076a24feeda960d677f0,LAB_AND_PUBLISHED_DATA,Historical wet-lab context,HISTORICAL,NONE,historical lab context (not_for_bo),NONE — no active claim consumer; preserved at archive/exploratory/data/lab/raw/flow/2026-08-06/Exp_20260806_2/well 3.fcs,EXCLUDED BY LAB ROLE MANIFEST,ARCHIVE-VALID,archive/exploratory/data/lab/raw/flow/2026-08-06/Exp_20260806_2/well 3.fcs,"Lab role `not_for_bo` is outside the paper's in-house evidence path: Header-only FCS, 0 events. Aborted acquisition."
data/lab/raw/flow/2026-08-06/Exp_20260806_2/well 4.fcs,fcs,547b64115d88be576cae076a24feeda960d677f0,547b64115d88be576cae076a24feeda960d677f0,LAB_AND_PUBLISHED_DATA,Historical wet-lab context,HISTORICAL,NONE,historical lab context (not_for_bo),NONE — no active claim consumer; preserved at archive/exploratory/data/lab/raw/flow/2026-08-06/Exp_20260806_2/well 4.fcs,EXCLUDED BY LAB ROLE MANIFEST,ARCHIVE-VALID,archive/exploratory/data/lab/raw/flow/2026-08-06/Exp_20260806_2/well 4.fcs,"Lab role `not_for_bo` is outside the paper's in-house evidence path: Header-only FCS, 0 events. Aborted acquisition."
data/lab/raw/flow/2026-08-06/Exp_20260806_2/well 5.fcs,fcs,547b64115d88be576cae076a24feeda960d677f0,547b64115d88be576cae076a24feeda960d677f0,LAB_AND_PUBLISHED_DATA,Historical wet-lab context,HISTORICAL,NONE,historical lab context (not_for_bo),NONE — no active claim consumer; preserved at archive/exploratory/data/lab/raw/flow/2026-08-06/Exp_20260806_2/well 5.fcs,EXCLUDED BY LAB ROLE MANIFEST,ARCHIVE-VALID,archive/exploratory/data/lab/raw/flow/2026-08-06/Exp_20260806_2/well 5.fcs,"Lab role `not_for_bo` is outside the paper's in-house evidence path: Header-only FCS, 0 events. Aborted acquisition."
data/lab/raw/flow/2026-08-06/Exp_20260806_cd31-cd140a.xit,xit,547b64115d88be576cae076a24feeda960d677f0,547b64115d88be576cae076a24feeda960d677f0,LAB_AND_PUBLISHED_DATA,Historical wet-lab context,HISTORICAL,NONE,historical lab context (instrument_sidecar),NONE — no active claim consumer; preserved at archive/exploratory/data/lab/raw/flow/2026-08-06/Exp_20260806_cd31-cd140a.xit,EXCLUDED BY LAB ROLE MANIFEST,ARCHIVE-VALID,archive/exploratory/data/lab/raw/flow/2026-08-06/Exp_20260806_cd31-cd140a.xit,Lab role `instrument_sidecar` is outside the paper's in-house evidence path: CytExpert experiment file for the CD31/CD140a titration.
data/lab/raw/flow/2026-08-06/Exp_20260806_cd31-cd140a/ExpSummaryForAPI.xml,xml,547b64115d88be576cae076a24feeda960d677f0,547b64115d88be576cae076a24feeda960d677f0,LAB_AND_PUBLISHED_DATA,Historical wet-lab context,HISTORICAL,NONE,historical lab context (instrument_sidecar),NONE — no active claim consumer; preserved at archive/exploratory/data/lab/raw/flow/2026-08-06/Exp_20260806_cd31-cd140a/ExpSummaryForAPI.xml,EXCLUDED BY LAB ROLE MANIFEST,ARCHIVE-VALID,archive/exploratory/data/lab/raw/flow/2026-08-06/Exp_20260806_cd31-cd140a/ExpSummaryForAPI.xml,Lab role `instrument_sidecar` is outside the paper's in-house evidence path: CytExpert experiment file for the CD31/CD140a titration.
data/lab/raw/flow/2026-08-06/Exp_20260806_cd31-cd140a/f0.5.fcs,fcs,547b64115d88be576cae076a24feeda960d677f0,547b64115d88be576cae076a24feeda960d677f0,LAB_AND_PUBLISHED_DATA,Can SPADE make defensible claims on real iPSC-EC data?,SUPPORT,S2;S3,real-cell input (bo_primary),Claims S2/S3; source or provenance for candidate_campaign_coating_flow.csv,NONE IDENTIFIED,SUPPORT,research/data/lab/raw/flow/2026-08-06/Exp_20260806_cd31-cd140a/f0.5.fcs,"Lab role `bo_primary` supports the in-house iPSC-EC evidence: OFAT coating: fibronectin 0.5 ug/mL. Candidate (x,y) once gated for CD31/CD140a."
data/lab/raw/flow/2026-08-06/Exp_20260806_cd31-cd140a/f1.fcs,fcs,547b64115d88be576cae076a24feeda960d677f0,547b64115d88be576cae076a24feeda960d677f0,LAB_AND_PUBLISHED_DATA,Can SPADE make defensible claims on real iPSC-EC data?,SUPPORT,S2;S3,real-cell input (bo_primary),Claims S2/S3; source or provenance for candidate_campaign_coating_flow.csv,NONE IDENTIFIED,SUPPORT,research/data/lab/raw/flow/2026-08-06/Exp_20260806_cd31-cd140a/f1.fcs,"Lab role `bo_primary` supports the in-house iPSC-EC evidence: OFAT coating: fibronectin 1 ug/mL. Candidate (x,y) once gated for CD31/CD140a."
data/lab/raw/flow/2026-08-06/Exp_20260806_cd31-cd140a/f10.fcs,fcs,547b64115d88be576cae076a24feeda960d677f0,547b64115d88be576cae076a24feeda960d677f0,LAB_AND_PUBLISHED_DATA,Can SPADE make defensible claims on real iPSC-EC data?,SUPPORT,S2;S3,real-cell input (bo_primary),Claims S2/S3; source or provenance for candidate_campaign_coating_flow.csv,NONE IDENTIFIED,SUPPORT,research/data/lab/raw/flow/2026-08-06/Exp_20260806_cd31-cd140a/f10.fcs,"Lab role `bo_primary` supports the in-house iPSC-EC evidence: OFAT coating: fibronectin 10 ug/mL. Candidate (x,y) once gated for CD31/CD140a."
data/lab/raw/flow/2026-08-06/Exp_20260806_cd31-cd140a/f2.5.fcs,fcs,547b64115d88be576cae076a24feeda960d677f0,547b64115d88be576cae076a24feeda960d677f0,LAB_AND_PUBLISHED_DATA,Can SPADE make defensible claims on real iPSC-EC data?,SUPPORT,S2;S3,real-cell input (bo_primary),Claims S2/S3; source or provenance for candidate_campaign_coating_flow.csv,NONE IDENTIFIED,SUPPORT,research/data/lab/raw/flow/2026-08-06/Exp_20260806_cd31-cd140a/f2.5.fcs,"Lab role `bo_primary` supports the in-house iPSC-EC evidence: OFAT coating: fibronectin 2.5 ug/mL. Candidate (x,y) once gated for CD31/CD140a."
data/lab/raw/flow/2026-08-06/Exp_20260806_cd31-cd140a/f20.fcs,fcs,547b64115d88be576cae076a24feeda960d677f0,547b64115d88be576cae076a24feeda960d677f0,LAB_AND_PUBLISHED_DATA,Can SPADE make defensible claims on real iPSC-EC data?,SUPPORT,S2;S3,real-cell input (bo_primary),Claims S2/S3; source or provenance for candidate_campaign_coating_flow.csv,NONE IDENTIFIED,SUPPORT,research/data/lab/raw/flow/2026-08-06/Exp_20260806_cd31-cd140a/f20.fcs,"Lab role `bo_primary` supports the in-house iPSC-EC evidence: OFAT coating: fibronectin 20 ug/mL. Candidate (x,y) once gated for CD31/CD140a."
data/lab/raw/flow/2026-08-06/Exp_20260806_cd31-cd140a/f5.fcs,fcs,547b64115d88be576cae076a24feeda960d677f0,547b64115d88be576cae076a24feeda960d677f0,LAB_AND_PUBLISHED_DATA,Can SPADE make defensible claims on real iPSC-EC data?,SUPPORT,S2;S3,real-cell input (bo_primary),Claims S2/S3; source or provenance for candidate_campaign_coating_flow.csv,NONE IDENTIFIED,SUPPORT,research/data/lab/raw/flow/2026-08-06/Exp_20260806_cd31-cd140a/f5.fcs,"Lab role `bo_primary` supports the in-house iPSC-EC evidence: OFAT coating: fibronectin 5 ug/mL. Candidate (x,y) once gated for CD31/CD140a."
data/lab/raw/flow/2026-08-06/Exp_20260806_cd31-cd140a/us.fcs,fcs,547b64115d88be576cae076a24feeda960d677f0,547b64115d88be576cae076a24feeda960d677f0,LAB_AND_PUBLISHED_DATA,Can SPADE make defensible claims on real iPSC-EC data?,SUPPORT,S2;S3,real-cell input (bo_gating),Claims S2/S3; source or provenance for candidate_campaign_coating_flow.csv,NONE IDENTIFIED,SUPPORT,research/data/lab/raw/flow/2026-08-06/Exp_20260806_cd31-cd140a/us.fcs,Lab role `bo_gating` supports the in-house iPSC-EC evidence: Unstained control for the 2026-08-06 CD31/CD140a titration.
data/lab/raw/flow/2026-08-06/Exp_20260806_cd31-cd140a/v0.5.fcs,fcs,547b64115d88be576cae076a24feeda960d677f0,547b64115d88be576cae076a24feeda960d677f0,LAB_AND_PUBLISHED_DATA,Can SPADE make defensible claims on real iPSC-EC data?,SUPPORT,S2;S3,real-cell input (bo_primary),Claims S2/S3; source or provenance for candidate_campaign_coating_flow.csv,NONE IDENTIFIED,SUPPORT,research/data/lab/raw/flow/2026-08-06/Exp_20260806_cd31-cd140a/v0.5.fcs,"Lab role `bo_primary` supports the in-house iPSC-EC evidence: OFAT coating: vitronectin 0.5 ug/mL. Candidate (x,y) once gated for CD31/CD140a."
data/lab/raw/flow/2026-08-06/Exp_20260806_cd31-cd140a/v1.fcs,fcs,547b64115d88be576cae076a24feeda960d677f0,547b64115d88be576cae076a24feeda960d677f0,LAB_AND_PUBLISHED_DATA,Can SPADE make defensible claims on real iPSC-EC data?,SUPPORT,S2;S3,real-cell input (bo_primary),Claims S2/S3; source or provenance for candidate_campaign_coating_flow.csv,NONE IDENTIFIED,SUPPORT,research/data/lab/raw/flow/2026-08-06/Exp_20260806_cd31-cd140a/v1.fcs,"Lab role `bo_primary` supports the in-house iPSC-EC evidence: OFAT coating: vitronectin 1 ug/mL. Candidate (x,y) once gated for CD31/CD140a."
data/lab/raw/flow/2026-08-06/Exp_20260806_cd31-cd140a/v10.fcs,fcs,547b64115d88be576cae076a24feeda960d677f0,547b64115d88be576cae076a24feeda960d677f0,LAB_AND_PUBLISHED_DATA,Can SPADE make defensible claims on real iPSC-EC data?,SUPPORT,S2;S3,real-cell input (bo_primary),Claims S2/S3; source or provenance for candidate_campaign_coating_flow.csv,NONE IDENTIFIED,SUPPORT,research/data/lab/raw/flow/2026-08-06/Exp_20260806_cd31-cd140a/v10.fcs,"Lab role `bo_primary` supports the in-house iPSC-EC evidence: OFAT coating: vitronectin 10 ug/mL. Candidate (x,y) once gated for CD31/CD140a."
data/lab/raw/flow/2026-08-06/Exp_20260806_cd31-cd140a/v2.5.fcs,fcs,547b64115d88be576cae076a24feeda960d677f0,547b64115d88be576cae076a24feeda960d677f0,LAB_AND_PUBLISHED_DATA,Can SPADE make defensible claims on real iPSC-EC data?,SUPPORT,S2;S3,real-cell input (bo_primary),Claims S2/S3; source or provenance for candidate_campaign_coating_flow.csv,NONE IDENTIFIED,SUPPORT,research/data/lab/raw/flow/2026-08-06/Exp_20260806_cd31-cd140a/v2.5.fcs,"Lab role `bo_primary` supports the in-house iPSC-EC evidence: OFAT coating: vitronectin 2.5 ug/mL. Candidate (x,y) once gated for CD31/CD140a."
data/lab/raw/flow/2026-08-06/Exp_20260806_cd31-cd140a/v20.fcs,fcs,547b64115d88be576cae076a24feeda960d677f0,547b64115d88be576cae076a24feeda960d677f0,LAB_AND_PUBLISHED_DATA,Can SPADE make defensible claims on real iPSC-EC data?,SUPPORT,S2;S3,real-cell input (bo_primary),Claims S2/S3; source or provenance for candidate_campaign_coating_flow.csv,NONE IDENTIFIED,SUPPORT,research/data/lab/raw/flow/2026-08-06/Exp_20260806_cd31-cd140a/v20.fcs,"Lab role `bo_primary` supports the in-house iPSC-EC evidence: OFAT coating: vitronectin 20 ug/mL. Candidate (x,y) once gated for CD31/CD140a."
data/lab/raw/flow/2026-08-06/Exp_20260806_cd31-cd140a/v5.fcs,fcs,547b64115d88be576cae076a24feeda960d677f0,547b64115d88be576cae076a24feeda960d677f0,LAB_AND_PUBLISHED_DATA,Can SPADE make defensible claims on real iPSC-EC data?,SUPPORT,S2;S3,real-cell input (bo_primary),Claims S2/S3; source or provenance for candidate_campaign_coating_flow.csv,NONE IDENTIFIED,SUPPORT,research/data/lab/raw/flow/2026-08-06/Exp_20260806_cd31-cd140a/v5.fcs,"Lab role `bo_primary` supports the in-house iPSC-EC evidence: OFAT coating: vitronectin 5 ug/mL. Candidate (x,y) once gated for CD31/CD140a."
data/lab/raw/microscopy/evos/2026-08-06/QS_2448.jpg,jpg,547b64115d88be576cae076a24feeda960d677f0,547b64115d88be576cae076a24feeda960d677f0,LAB_AND_PUBLISHED_DATA,Historical wet-lab context,HISTORICAL,NONE,historical lab context (not_for_bo),NONE — no active claim consumer; preserved at archive/exploratory/data/lab/raw/microscopy/evos/2026-08-06/QS_2448.jpg,EXCLUDED BY LAB ROLE MANIFEST,ARCHIVE-VALID,archive/exploratory/data/lab/raw/microscopy/evos/2026-08-06/QS_2448.jpg,"Lab role `not_for_bo` is outside the paper's in-house evidence path: Unlabeled EVOS stills (QS_2448-2454). No well, coating, or metric."
data/lab/raw/microscopy/evos/2026-08-06/QS_2449.jpg,jpg,547b64115d88be576cae076a24feeda960d677f0,547b64115d88be576cae076a24feeda960d677f0,LAB_AND_PUBLISHED_DATA,Historical wet-lab context,HISTORICAL,NONE,historical lab context (not_for_bo),NONE — no active claim consumer; preserved at archive/exploratory/data/lab/raw/microscopy/evos/2026-08-06/QS_2449.jpg,EXCLUDED BY LAB ROLE MANIFEST,ARCHIVE-VALID,archive/exploratory/data/lab/raw/microscopy/evos/2026-08-06/QS_2449.jpg,"Lab role `not_for_bo` is outside the paper's in-house evidence path: Unlabeled EVOS stills (QS_2448-2454). No well, coating, or metric."
data/lab/raw/microscopy/evos/2026-08-06/QS_2450.jpg,jpg,547b64115d88be576cae076a24feeda960d677f0,547b64115d88be576cae076a24feeda960d677f0,LAB_AND_PUBLISHED_DATA,Historical wet-lab context,HISTORICAL,NONE,historical lab context (not_for_bo),NONE — no active claim consumer; preserved at archive/exploratory/data/lab/raw/microscopy/evos/2026-08-06/QS_2450.jpg,EXCLUDED BY LAB ROLE MANIFEST,ARCHIVE-VALID,archive/exploratory/data/lab/raw/microscopy/evos/2026-08-06/QS_2450.jpg,"Lab role `not_for_bo` is outside the paper's in-house evidence path: Unlabeled EVOS stills (QS_2448-2454). No well, coating, or metric."
data/lab/raw/microscopy/evos/2026-08-06/QS_2451.jpg,jpg,547b64115d88be576cae076a24feeda960d677f0,547b64115d88be576cae076a24feeda960d677f0,LAB_AND_PUBLISHED_DATA,Historical wet-lab context,HISTORICAL,NONE,historical lab context (not_for_bo),NONE — no active claim consumer; preserved at archive/exploratory/data/lab/raw/microscopy/evos/2026-08-06/QS_2451.jpg,EXCLUDED BY LAB ROLE MANIFEST,ARCHIVE-VALID,archive/exploratory/data/lab/raw/microscopy/evos/2026-08-06/QS_2451.jpg,"Lab role `not_for_bo` is outside the paper's in-house evidence path: Unlabeled EVOS stills (QS_2448-2454). No well, coating, or metric."
data/lab/raw/microscopy/evos/2026-08-06/QS_2452.jpg,jpg,547b64115d88be576cae076a24feeda960d677f0,547b64115d88be576cae076a24feeda960d677f0,LAB_AND_PUBLISHED_DATA,Historical wet-lab context,HISTORICAL,NONE,historical lab context (not_for_bo),NONE — no active claim consumer; preserved at archive/exploratory/data/lab/raw/microscopy/evos/2026-08-06/QS_2452.jpg,EXCLUDED BY LAB ROLE MANIFEST,ARCHIVE-VALID,archive/exploratory/data/lab/raw/microscopy/evos/2026-08-06/QS_2452.jpg,"Lab role `not_for_bo` is outside the paper's in-house evidence path: Unlabeled EVOS stills (QS_2448-2454). No well, coating, or metric."
data/lab/raw/microscopy/evos/2026-08-06/QS_2453.jpg,jpg,547b64115d88be576cae076a24feeda960d677f0,547b64115d88be576cae076a24feeda960d677f0,LAB_AND_PUBLISHED_DATA,Historical wet-lab context,HISTORICAL,NONE,historical lab context (not_for_bo),NONE — no active claim consumer; preserved at archive/exploratory/data/lab/raw/microscopy/evos/2026-08-06/QS_2453.jpg,EXCLUDED BY LAB ROLE MANIFEST,ARCHIVE-VALID,archive/exploratory/data/lab/raw/microscopy/evos/2026-08-06/QS_2453.jpg,"Lab role `not_for_bo` is outside the paper's in-house evidence path: Unlabeled EVOS stills (QS_2448-2454). No well, coating, or metric."
data/lab/raw/microscopy/evos/2026-08-06/QS_2454.jpg,jpg,547b64115d88be576cae076a24feeda960d677f0,547b64115d88be576cae076a24feeda960d677f0,LAB_AND_PUBLISHED_DATA,Historical wet-lab context,HISTORICAL,NONE,historical lab context (not_for_bo),NONE — no active claim consumer; preserved at archive/exploratory/data/lab/raw/microscopy/evos/2026-08-06/QS_2454.jpg,EXCLUDED BY LAB ROLE MANIFEST,ARCHIVE-VALID,archive/exploratory/data/lab/raw/microscopy/evos/2026-08-06/QS_2454.jpg,"Lab role `not_for_bo` is outside the paper's in-house evidence path: Unlabeled EVOS stills (QS_2448-2454). No well, coating, or metric."
data/lab/raw/microscopy/leica/2026-07-27/Leica_2026-07-27 EC well2-1.jpeg,jpeg,547b64115d88be576cae076a24feeda960d677f0,547b64115d88be576cae076a24feeda960d677f0,LAB_AND_PUBLISHED_DATA,Historical wet-lab context,HISTORICAL,NONE,historical lab context (blocked_needs_keymap),NONE — no active claim consumer; preserved at archive/exploratory/data/lab/raw/microscopy/leica/2026-07-27/Leica_2026-07-27 EC well2-1.jpeg,EXCLUDED BY LAB ROLE MANIFEST,ARCHIVE-VALID,archive/exploratory/data/lab/raw/microscopy/leica/2026-07-27/Leica_2026-07-27 EC well2-1.jpeg,Lab role `blocked_needs_keymap` is outside the paper's in-house evidence path: Protocol-v3 day-1 morphology (wells 1-4 / EC wells). No quantitative CD31.
data/lab/raw/microscopy/leica/2026-07-27/Leica_2026-07-27 EC well2-1.jpeg.metadata,metadata,547b64115d88be576cae076a24feeda960d677f0,547b64115d88be576cae076a24feeda960d677f0,LAB_AND_PUBLISHED_DATA,Historical wet-lab context,HISTORICAL,NONE,historical lab context (instrument_sidecar),NONE — no active claim consumer; preserved at archive/exploratory/data/lab/raw/microscopy/leica/2026-07-27/Leica_2026-07-27 EC well2-1.jpeg.metadata,EXCLUDED BY LAB ROLE MANIFEST,ARCHIVE-VALID,archive/exploratory/data/lab/raw/microscopy/leica/2026-07-27/Leica_2026-07-27 EC well2-1.jpeg.metadata,Lab role `instrument_sidecar` is outside the paper's in-house evidence path: Leica capture metadata for the paired JPEG.
data/lab/raw/microscopy/leica/2026-07-27/Leica_2026-07-27 EC well2-2.jpeg,jpeg,547b64115d88be576cae076a24feeda960d677f0,547b64115d88be576cae076a24feeda960d677f0,LAB_AND_PUBLISHED_DATA,Historical wet-lab context,HISTORICAL,NONE,historical lab context (blocked_needs_keymap),NONE — no active claim consumer; preserved at archive/exploratory/data/lab/raw/microscopy/leica/2026-07-27/Leica_2026-07-27 EC well2-2.jpeg,EXCLUDED BY LAB ROLE MANIFEST,ARCHIVE-VALID,archive/exploratory/data/lab/raw/microscopy/leica/2026-07-27/Leica_2026-07-27 EC well2-2.jpeg,Lab role `blocked_needs_keymap` is outside the paper's in-house evidence path: Protocol-v3 day-1 morphology (wells 1-4 / EC wells). No quantitative CD31.
data/lab/raw/microscopy/leica/2026-07-27/Leica_2026-07-27 EC well2-2.jpeg.metadata,metadata,547b64115d88be576cae076a24feeda960d677f0,547b64115d88be576cae076a24feeda960d677f0,LAB_AND_PUBLISHED_DATA,Historical wet-lab context,HISTORICAL,NONE,historical lab context (instrument_sidecar),NONE — no active claim consumer; preserved at archive/exploratory/data/lab/raw/microscopy/leica/2026-07-27/Leica_2026-07-27 EC well2-2.jpeg.metadata,EXCLUDED BY LAB ROLE MANIFEST,ARCHIVE-VALID,archive/exploratory/data/lab/raw/microscopy/leica/2026-07-27/Leica_2026-07-27 EC well2-2.jpeg.metadata,Lab role `instrument_sidecar` is outside the paper's in-house evidence path: Leica capture metadata for the paired JPEG.
data/lab/raw/microscopy/leica/2026-07-27/Leica_2026-07-27 EC well3-1.jpeg,jpeg,547b64115d88be576cae076a24feeda960d677f0,547b64115d88be576cae076a24feeda960d677f0,LAB_AND_PUBLISHED_DATA,Historical wet-lab context,HISTORICAL,NONE,historical lab context (blocked_needs_keymap),NONE — no active claim consumer; preserved at archive/exploratory/data/lab/raw/microscopy/leica/2026-07-27/Leica_2026-07-27 EC well3-1.jpeg,EXCLUDED BY LAB ROLE MANIFEST,ARCHIVE-VALID,archive/exploratory/data/lab/raw/microscopy/leica/2026-07-27/Leica_2026-07-27 EC well3-1.jpeg,Lab role `blocked_needs_keymap` is outside the paper's in-house evidence path: Protocol-v3 day-1 morphology (wells 1-4 / EC wells). No quantitative CD31.
data/lab/raw/microscopy/leica/2026-07-27/Leica_2026-07-27 EC well3-1.jpeg.metadata,metadata,547b64115d88be576cae076a24feeda960d677f0,547b64115d88be576cae076a24feeda960d677f0,LAB_AND_PUBLISHED_DATA,Historical wet-lab context,HISTORICAL,NONE,historical lab context (instrument_sidecar),NONE — no active claim consumer; preserved at archive/exploratory/data/lab/raw/microscopy/leica/2026-07-27/Leica_2026-07-27 EC well3-1.jpeg.metadata,EXCLUDED BY LAB ROLE MANIFEST,ARCHIVE-VALID,archive/exploratory/data/lab/raw/microscopy/leica/2026-07-27/Leica_2026-07-27 EC well3-1.jpeg.metadata,Lab role `instrument_sidecar` is outside the paper's in-house evidence path: Leica capture metadata for the paired JPEG.
data/lab/raw/microscopy/leica/2026-07-27/Leica_2026-07-27 well1-1.jpeg,jpeg,547b64115d88be576cae076a24feeda960d677f0,547b64115d88be576cae076a24feeda960d677f0,LAB_AND_PUBLISHED_DATA,Historical wet-lab context,HISTORICAL,NONE,historical lab context (blocked_needs_keymap),NONE — no active claim consumer; preserved at archive/exploratory/data/lab/raw/microscopy/leica/2026-07-27/Leica_2026-07-27 well1-1.jpeg,EXCLUDED BY LAB ROLE MANIFEST,ARCHIVE-VALID,archive/exploratory/data/lab/raw/microscopy/leica/2026-07-27/Leica_2026-07-27 well1-1.jpeg,Lab role `blocked_needs_keymap` is outside the paper's in-house evidence path: Protocol-v3 day-1 morphology (wells 1-4 / EC wells). No quantitative CD31.
data/lab/raw/microscopy/leica/2026-07-27/Leica_2026-07-27 well1-1.jpeg.metadata,metadata,547b64115d88be576cae076a24feeda960d677f0,547b64115d88be576cae076a24feeda960d677f0,LAB_AND_PUBLISHED_DATA,Historical wet-lab context,HISTORICAL,NONE,historical lab context (instrument_sidecar),NONE — no active claim consumer; preserved at archive/exploratory/data/lab/raw/microscopy/leica/2026-07-27/Leica_2026-07-27 well1-1.jpeg.metadata,EXCLUDED BY LAB ROLE MANIFEST,ARCHIVE-VALID,archive/exploratory/data/lab/raw/microscopy/leica/2026-07-27/Leica_2026-07-27 well1-1.jpeg.metadata,Lab role `instrument_sidecar` is outside the paper's in-house evidence path: Leica capture metadata for the paired JPEG.
data/lab/raw/microscopy/leica/2026-07-27/Leica_2026-07-27 well1-2.jpeg,jpeg,547b64115d88be576cae076a24feeda960d677f0,547b64115d88be576cae076a24feeda960d677f0,LAB_AND_PUBLISHED_DATA,Historical wet-lab context,HISTORICAL,NONE,historical lab context (blocked_needs_keymap),NONE — no active claim consumer; preserved at archive/exploratory/data/lab/raw/microscopy/leica/2026-07-27/Leica_2026-07-27 well1-2.jpeg,EXCLUDED BY LAB ROLE MANIFEST,ARCHIVE-VALID,archive/exploratory/data/lab/raw/microscopy/leica/2026-07-27/Leica_2026-07-27 well1-2.jpeg,Lab role `blocked_needs_keymap` is outside the paper's in-house evidence path: Protocol-v3 day-1 morphology (wells 1-4 / EC wells). No quantitative CD31.
data/lab/raw/microscopy/leica/2026-07-27/Leica_2026-07-27 well1-2.jpeg.metadata,metadata,547b64115d88be576cae076a24feeda960d677f0,547b64115d88be576cae076a24feeda960d677f0,LAB_AND_PUBLISHED_DATA,Historical wet-lab context,HISTORICAL,NONE,historical lab context (instrument_sidecar),NONE — no active claim consumer; preserved at archive/exploratory/data/lab/raw/microscopy/leica/2026-07-27/Leica_2026-07-27 well1-2.jpeg.metadata,EXCLUDED BY LAB ROLE MANIFEST,ARCHIVE-VALID,archive/exploratory/data/lab/raw/microscopy/leica/2026-07-27/Leica_2026-07-27 well1-2.jpeg.metadata,Lab role `instrument_sidecar` is outside the paper's in-house evidence path: Leica capture metadata for the paired JPEG.
data/lab/raw/microscopy/leica/2026-07-27/Leica_2026-07-27 well2.jpeg,jpeg,547b64115d88be576cae076a24feeda960d677f0,547b64115d88be576cae076a24feeda960d677f0,LAB_AND_PUBLISHED_DATA,Historical wet-lab context,HISTORICAL,NONE,historical lab context (blocked_needs_keymap),NONE — no active claim consumer; preserved at archive/exploratory/data/lab/raw/microscopy/leica/2026-07-27/Leica_2026-07-27 well2.jpeg,EXCLUDED BY LAB ROLE MANIFEST,ARCHIVE-VALID,archive/exploratory/data/lab/raw/microscopy/leica/2026-07-27/Leica_2026-07-27 well2.jpeg,Lab role `blocked_needs_keymap` is outside the paper's in-house evidence path: Protocol-v3 day-1 morphology (wells 1-4 / EC wells). No quantitative CD31.
data/lab/raw/microscopy/leica/2026-07-27/Leica_2026-07-27 well2.jpeg.metadata,metadata,547b64115d88be576cae076a24feeda960d677f0,547b64115d88be576cae076a24feeda960d677f0,LAB_AND_PUBLISHED_DATA,Historical wet-lab context,HISTORICAL,NONE,historical lab context (instrument_sidecar),NONE — no active claim consumer; preserved at archive/exploratory/data/lab/raw/microscopy/leica/2026-07-27/Leica_2026-07-27 well2.jpeg.metadata,EXCLUDED BY LAB ROLE MANIFEST,ARCHIVE-VALID,archive/exploratory/data/lab/raw/microscopy/leica/2026-07-27/Leica_2026-07-27 well2.jpeg.metadata,Lab role `instrument_sidecar` is outside the paper's in-house evidence path: Leica capture metadata for the paired JPEG.
data/lab/raw/microscopy/leica/2026-07-27/Leica_2026-07-27 well3-2.jpeg,jpeg,547b64115d88be576cae076a24feeda960d677f0,547b64115d88be576cae076a24feeda960d677f0,LAB_AND_PUBLISHED_DATA,Historical wet-lab context,HISTORICAL,NONE,historical lab context (blocked_needs_keymap),NONE — no active claim consumer; preserved at archive/exploratory/data/lab/raw/microscopy/leica/2026-07-27/Leica_2026-07-27 well3-2.jpeg,EXCLUDED BY LAB ROLE MANIFEST,ARCHIVE-VALID,archive/exploratory/data/lab/raw/microscopy/leica/2026-07-27/Leica_2026-07-27 well3-2.jpeg,Lab role `blocked_needs_keymap` is outside the paper's in-house evidence path: Protocol-v3 day-1 morphology (wells 1-4 / EC wells). No quantitative CD31.
data/lab/raw/microscopy/leica/2026-07-27/Leica_2026-07-27 well3-2.jpeg.metadata,metadata,547b64115d88be576cae076a24feeda960d677f0,547b64115d88be576cae076a24feeda960d677f0,LAB_AND_PUBLISHED_DATA,Historical wet-lab context,HISTORICAL,NONE,historical lab context (instrument_sidecar),NONE — no active claim consumer; preserved at archive/exploratory/data/lab/raw/microscopy/leica/2026-07-27/Leica_2026-07-27 well3-2.jpeg.metadata,EXCLUDED BY LAB ROLE MANIFEST,ARCHIVE-VALID,archive/exploratory/data/lab/raw/microscopy/leica/2026-07-27/Leica_2026-07-27 well3-2.jpeg.metadata,Lab role `instrument_sidecar` is outside the paper's in-house evidence path: Leica capture metadata for the paired JPEG.
data/lab/raw/microscopy/leica/2026-07-27/Leica_2026-07-27 well3.jpeg,jpeg,547b64115d88be576cae076a24feeda960d677f0,547b64115d88be576cae076a24feeda960d677f0,LAB_AND_PUBLISHED_DATA,Historical wet-lab context,HISTORICAL,NONE,historical lab context (blocked_needs_keymap),NONE — no active claim consumer; preserved at archive/exploratory/data/lab/raw/microscopy/leica/2026-07-27/Leica_2026-07-27 well3.jpeg,EXCLUDED BY LAB ROLE MANIFEST,ARCHIVE-VALID,archive/exploratory/data/lab/raw/microscopy/leica/2026-07-27/Leica_2026-07-27 well3.jpeg,Lab role `blocked_needs_keymap` is outside the paper's in-house evidence path: Protocol-v3 day-1 morphology (wells 1-4 / EC wells). No quantitative CD31.
data/lab/raw/microscopy/leica/2026-07-27/Leica_2026-07-27 well3.jpeg.metadata,metadata,547b64115d88be576cae076a24feeda960d677f0,547b64115d88be576cae076a24feeda960d677f0,LAB_AND_PUBLISHED_DATA,Historical wet-lab context,HISTORICAL,NONE,historical lab context (instrument_sidecar),NONE — no active claim consumer; preserved at archive/exploratory/data/lab/raw/microscopy/leica/2026-07-27/Leica_2026-07-27 well3.jpeg.metadata,EXCLUDED BY LAB ROLE MANIFEST,ARCHIVE-VALID,archive/exploratory/data/lab/raw/microscopy/leica/2026-07-27/Leica_2026-07-27 well3.jpeg.metadata,Lab role `instrument_sidecar` is outside the paper's in-house evidence path: Leica capture metadata for the paired JPEG.
data/lab/raw/microscopy/leica/2026-07-27/Leica_2026-07-27 well4.jpeg,jpeg,547b64115d88be576cae076a24feeda960d677f0,547b64115d88be576cae076a24feeda960d677f0,LAB_AND_PUBLISHED_DATA,Historical wet-lab context,HISTORICAL,NONE,historical lab context (blocked_needs_keymap),NONE — no active claim consumer; preserved at archive/exploratory/data/lab/raw/microscopy/leica/2026-07-27/Leica_2026-07-27 well4.jpeg,EXCLUDED BY LAB ROLE MANIFEST,ARCHIVE-VALID,archive/exploratory/data/lab/raw/microscopy/leica/2026-07-27/Leica_2026-07-27 well4.jpeg,Lab role `blocked_needs_keymap` is outside the paper's in-house evidence path: Protocol-v3 day-1 morphology (wells 1-4 / EC wells). No quantitative CD31.
data/lab/raw/microscopy/leica/2026-07-27/Leica_2026-07-27 well4.jpeg.metadata,metadata,547b64115d88be576cae076a24feeda960d677f0,547b64115d88be576cae076a24feeda960d677f0,LAB_AND_PUBLISHED_DATA,Historical wet-lab context,HISTORICAL,NONE,historical lab context (instrument_sidecar),NONE — no active claim consumer; preserved at archive/exploratory/data/lab/raw/microscopy/leica/2026-07-27/Leica_2026-07-27 well4.jpeg.metadata,EXCLUDED BY LAB ROLE MANIFEST,ARCHIVE-VALID,archive/exploratory/data/lab/raw/microscopy/leica/2026-07-27/Leica_2026-07-27 well4.jpeg.metadata,Lab role `instrument_sidecar` is outside the paper's in-house evidence path: Leica capture metadata for the paired JPEG.
data/lab/raw/microscopy/leica/2026-07-28/Leica_2026-07-28 1-Well 1-2.jpeg,jpeg,547b64115d88be576cae076a24feeda960d677f0,547b64115d88be576cae076a24feeda960d677f0,LAB_AND_PUBLISHED_DATA,Historical wet-lab context,HISTORICAL,NONE,historical lab context (blocked_needs_keymap),NONE — no active claim consumer; preserved at archive/exploratory/data/lab/raw/microscopy/leica/2026-07-28/Leica_2026-07-28 1-Well 1-2.jpeg,EXCLUDED BY LAB ROLE MANIFEST,ARCHIVE-VALID,archive/exploratory/data/lab/raw/microscopy/leica/2026-07-28/Leica_2026-07-28 1-Well 1-2.jpeg,Lab role `blocked_needs_keymap` is outside the paper's in-house evidence path: Well/plate morphology. Needs the protocol well map; not a BO y.
data/lab/raw/microscopy/leica/2026-07-28/Leica_2026-07-28 1-Well 1-2.jpeg.metadata,metadata,547b64115d88be576cae076a24feeda960d677f0,547b64115d88be576cae076a24feeda960d677f0,LAB_AND_PUBLISHED_DATA,Historical wet-lab context,HISTORICAL,NONE,historical lab context (instrument_sidecar),NONE — no active claim consumer; preserved at archive/exploratory/data/lab/raw/microscopy/leica/2026-07-28/Leica_2026-07-28 1-Well 1-2.jpeg.metadata,EXCLUDED BY LAB ROLE MANIFEST,ARCHIVE-VALID,archive/exploratory/data/lab/raw/microscopy/leica/2026-07-28/Leica_2026-07-28 1-Well 1-2.jpeg.metadata,Lab role `instrument_sidecar` is outside the paper's in-house evidence path: Leica capture metadata for the paired JPEG.
data/lab/raw/microscopy/leica/2026-07-28/Leica_2026-07-28 1-Well 2-2.jpeg,jpeg,547b64115d88be576cae076a24feeda960d677f0,547b64115d88be576cae076a24feeda960d677f0,LAB_AND_PUBLISHED_DATA,Historical wet-lab context,HISTORICAL,NONE,historical lab context (blocked_needs_keymap),NONE — no active claim consumer; preserved at archive/exploratory/data/lab/raw/microscopy/leica/2026-07-28/Leica_2026-07-28 1-Well 2-2.jpeg,EXCLUDED BY LAB ROLE MANIFEST,ARCHIVE-VALID,archive/exploratory/data/lab/raw/microscopy/leica/2026-07-28/Leica_2026-07-28 1-Well 2-2.jpeg,Lab role `blocked_needs_keymap` is outside the paper's in-house evidence path: Well/plate morphology. Needs the protocol well map; not a BO y.
data/lab/raw/microscopy/leica/2026-07-28/Leica_2026-07-28 1-Well 2-2.jpeg.metadata,metadata,547b64115d88be576cae076a24feeda960d677f0,547b64115d88be576cae076a24feeda960d677f0,LAB_AND_PUBLISHED_DATA,Historical wet-lab context,HISTORICAL,NONE,historical lab context (instrument_sidecar),NONE — no active claim consumer; preserved at archive/exploratory/data/lab/raw/microscopy/leica/2026-07-28/Leica_2026-07-28 1-Well 2-2.jpeg.metadata,EXCLUDED BY LAB ROLE MANIFEST,ARCHIVE-VALID,archive/exploratory/data/lab/raw/microscopy/leica/2026-07-28/Leica_2026-07-28 1-Well 2-2.jpeg.metadata,Lab role `instrument_sidecar` is outside the paper's in-house evidence path: Leica capture metadata for the paired JPEG.
data/lab/raw/microscopy/leica/2026-07-28/Leica_2026-07-28 1-Well 3-1.jpeg,jpeg,547b64115d88be576cae076a24feeda960d677f0,547b64115d88be576cae076a24feeda960d677f0,LAB_AND_PUBLISHED_DATA,Historical wet-lab context,HISTORICAL,NONE,historical lab context (blocked_needs_keymap),NONE — no active claim consumer; preserved at archive/exploratory/data/lab/raw/microscopy/leica/2026-07-28/Leica_2026-07-28 1-Well 3-1.jpeg,EXCLUDED BY LAB ROLE MANIFEST,ARCHIVE-VALID,archive/exploratory/data/lab/raw/microscopy/leica/2026-07-28/Leica_2026-07-28 1-Well 3-1.jpeg,Lab role `blocked_needs_keymap` is outside the paper's in-house evidence path: Well/plate morphology. Needs the protocol well map; not a BO y.
data/lab/raw/microscopy/leica/2026-07-28/Leica_2026-07-28 1-Well 3-1.jpeg.metadata,metadata,547b64115d88be576cae076a24feeda960d677f0,547b64115d88be576cae076a24feeda960d677f0,LAB_AND_PUBLISHED_DATA,Historical wet-lab context,HISTORICAL,NONE,historical lab context (instrument_sidecar),NONE — no active claim consumer; preserved at archive/exploratory/data/lab/raw/microscopy/leica/2026-07-28/Leica_2026-07-28 1-Well 3-1.jpeg.metadata,EXCLUDED BY LAB ROLE MANIFEST,ARCHIVE-VALID,archive/exploratory/data/lab/raw/microscopy/leica/2026-07-28/Leica_2026-07-28 1-Well 3-1.jpeg.metadata,Lab role `instrument_sidecar` is outside the paper's in-house evidence path: Leica capture metadata for the paired JPEG.
data/lab/raw/microscopy/leica/2026-07-28/Leica_2026-07-28 1-Well 3-2.jpeg,jpeg,547b64115d88be576cae076a24feeda960d677f0,547b64115d88be576cae076a24feeda960d677f0,LAB_AND_PUBLISHED_DATA,Historical wet-lab context,HISTORICAL,NONE,historical lab context (blocked_needs_keymap),NONE — no active claim consumer; preserved at archive/exploratory/data/lab/raw/microscopy/leica/2026-07-28/Leica_2026-07-28 1-Well 3-2.jpeg,EXCLUDED BY LAB ROLE MANIFEST,ARCHIVE-VALID,archive/exploratory/data/lab/raw/microscopy/leica/2026-07-28/Leica_2026-07-28 1-Well 3-2.jpeg,Lab role `blocked_needs_keymap` is outside the paper's in-house evidence path: Well/plate morphology. Needs the protocol well map; not a BO y.
data/lab/raw/microscopy/leica/2026-07-28/Leica_2026-07-28 1-Well 3-2.jpeg.metadata,metadata,547b64115d88be576cae076a24feeda960d677f0,547b64115d88be576cae076a24feeda960d677f0,LAB_AND_PUBLISHED_DATA,Historical wet-lab context,HISTORICAL,NONE,historical lab context (instrument_sidecar),NONE — no active claim consumer; preserved at archive/exploratory/data/lab/raw/microscopy/leica/2026-07-28/Leica_2026-07-28 1-Well 3-2.jpeg.metadata,EXCLUDED BY LAB ROLE MANIFEST,ARCHIVE-VALID,archive/exploratory/data/lab/raw/microscopy/leica/2026-07-28/Leica_2026-07-28 1-Well 3-2.jpeg.metadata,Lab role `instrument_sidecar` is outside the paper's in-house evidence path: Leica capture metadata for the paired JPEG.
data/lab/raw/microscopy/leica/2026-07-28/Leica_2026-07-28 1-well 1-1.jpeg,jpeg,547b64115d88be576cae076a24feeda960d677f0,547b64115d88be576cae076a24feeda960d677f0,LAB_AND_PUBLISHED_DATA,Historical wet-lab context,HISTORICAL,NONE,historical lab context (blocked_needs_keymap),NONE — no active claim consumer; preserved at archive/exploratory/data/lab/raw/microscopy/leica/2026-07-28/Leica_2026-07-28 1-well 1-1.jpeg,EXCLUDED BY LAB ROLE MANIFEST,ARCHIVE-VALID,archive/exploratory/data/lab/raw/microscopy/leica/2026-07-28/Leica_2026-07-28 1-well 1-1.jpeg,Lab role `blocked_needs_keymap` is outside the paper's in-house evidence path: Well/plate morphology. Needs the protocol well map; not a BO y.
data/lab/raw/microscopy/leica/2026-07-28/Leica_2026-07-28 1-well 1-1.jpeg.metadata,metadata,547b64115d88be576cae076a24feeda960d677f0,547b64115d88be576cae076a24feeda960d677f0,LAB_AND_PUBLISHED_DATA,Historical wet-lab context,HISTORICAL,NONE,historical lab context (instrument_sidecar),NONE — no active claim consumer; preserved at archive/exploratory/data/lab/raw/microscopy/leica/2026-07-28/Leica_2026-07-28 1-well 1-1.jpeg.metadata,EXCLUDED BY LAB ROLE MANIFEST,ARCHIVE-VALID,archive/exploratory/data/lab/raw/microscopy/leica/2026-07-28/Leica_2026-07-28 1-well 1-1.jpeg.metadata,Lab role `instrument_sidecar` is outside the paper's in-house evidence path: Leica capture metadata for the paired JPEG.
data/lab/raw/microscopy/leica/2026-07-28/Leica_2026-07-28 1-well 2-1.jpeg,jpeg,547b64115d88be576cae076a24feeda960d677f0,547b64115d88be576cae076a24feeda960d677f0,LAB_AND_PUBLISHED_DATA,Historical wet-lab context,HISTORICAL,NONE,historical lab context (blocked_needs_keymap),NONE — no active claim consumer; preserved at archive/exploratory/data/lab/raw/microscopy/leica/2026-07-28/Leica_2026-07-28 1-well 2-1.jpeg,EXCLUDED BY LAB ROLE MANIFEST,ARCHIVE-VALID,archive/exploratory/data/lab/raw/microscopy/leica/2026-07-28/Leica_2026-07-28 1-well 2-1.jpeg,Lab role `blocked_needs_keymap` is outside the paper's in-house evidence path: Well/plate morphology. Needs the protocol well map; not a BO y.
data/lab/raw/microscopy/leica/2026-07-28/Leica_2026-07-28 1-well 2-1.jpeg.metadata,metadata,547b64115d88be576cae076a24feeda960d677f0,547b64115d88be576cae076a24feeda960d677f0,LAB_AND_PUBLISHED_DATA,Historical wet-lab context,HISTORICAL,NONE,historical lab context (instrument_sidecar),NONE — no active claim consumer; preserved at archive/exploratory/data/lab/raw/microscopy/leica/2026-07-28/Leica_2026-07-28 1-well 2-1.jpeg.metadata,EXCLUDED BY LAB ROLE MANIFEST,ARCHIVE-VALID,archive/exploratory/data/lab/raw/microscopy/leica/2026-07-28/Leica_2026-07-28 1-well 2-1.jpeg.metadata,Lab role `instrument_sidecar` is outside the paper's in-house evidence path: Leica capture metadata for the paired JPEG.
data/lab/raw/microscopy/leica/2026-07-28/Leica_2026-07-28 152950.jpeg,jpeg,547b64115d88be576cae076a24feeda960d677f0,547b64115d88be576cae076a24feeda960d677f0,LAB_AND_PUBLISHED_DATA,Historical wet-lab context,HISTORICAL,NONE,historical lab context (blocked_needs_keymap),NONE — no active claim consumer; preserved at archive/exploratory/data/lab/raw/microscopy/leica/2026-07-28/Leica_2026-07-28 152950.jpeg,EXCLUDED BY LAB ROLE MANIFEST,ARCHIVE-VALID,archive/exploratory/data/lab/raw/microscopy/leica/2026-07-28/Leica_2026-07-28 152950.jpeg,Lab role `blocked_needs_keymap` is outside the paper's in-house evidence path: Well/plate morphology. Needs the protocol well map; not a BO y.
data/lab/raw/microscopy/leica/2026-07-28/Leica_2026-07-28 152950.jpeg.metadata,metadata,547b64115d88be576cae076a24feeda960d677f0,547b64115d88be576cae076a24feeda960d677f0,LAB_AND_PUBLISHED_DATA,Historical wet-lab context,HISTORICAL,NONE,historical lab context (instrument_sidecar),NONE — no active claim consumer; preserved at archive/exploratory/data/lab/raw/microscopy/leica/2026-07-28/Leica_2026-07-28 152950.jpeg.metadata,EXCLUDED BY LAB ROLE MANIFEST,ARCHIVE-VALID,archive/exploratory/data/lab/raw/microscopy/leica/2026-07-28/Leica_2026-07-28 152950.jpeg.metadata,Lab role `instrument_sidecar` is outside the paper's in-house evidence path: Leica capture metadata for the paired JPEG.
data/lab/raw/microscopy/leica/2026-07-28/Leica_2026-07-28 153039.jpeg,jpeg,547b64115d88be576cae076a24feeda960d677f0,547b64115d88be576cae076a24feeda960d677f0,LAB_AND_PUBLISHED_DATA,Historical wet-lab context,HISTORICAL,NONE,historical lab context (blocked_needs_keymap),NONE — no active claim consumer; preserved at archive/exploratory/data/lab/raw/microscopy/leica/2026-07-28/Leica_2026-07-28 153039.jpeg,EXCLUDED BY LAB ROLE MANIFEST,ARCHIVE-VALID,archive/exploratory/data/lab/raw/microscopy/leica/2026-07-28/Leica_2026-07-28 153039.jpeg,Lab role `blocked_needs_keymap` is outside the paper's in-house evidence path: Well/plate morphology. Needs the protocol well map; not a BO y.
data/lab/raw/microscopy/leica/2026-07-28/Leica_2026-07-28 153039.jpeg.metadata,metadata,547b64115d88be576cae076a24feeda960d677f0,547b64115d88be576cae076a24feeda960d677f0,LAB_AND_PUBLISHED_DATA,Historical wet-lab context,HISTORICAL,NONE,historical lab context (instrument_sidecar),NONE — no active claim consumer; preserved at archive/exploratory/data/lab/raw/microscopy/leica/2026-07-28/Leica_2026-07-28 153039.jpeg.metadata,EXCLUDED BY LAB ROLE MANIFEST,ARCHIVE-VALID,archive/exploratory/data/lab/raw/microscopy/leica/2026-07-28/Leica_2026-07-28 153039.jpeg.metadata,Lab role `instrument_sidecar` is outside the paper's in-house evidence path: Leica capture metadata for the paired JPEG.
data/lab/raw/microscopy/leica/2026-07-28/Leica_2026-07-28 153045.jpeg,jpeg,547b64115d88be576cae076a24feeda960d677f0,547b64115d88be576cae076a24feeda960d677f0,LAB_AND_PUBLISHED_DATA,Historical wet-lab context,HISTORICAL,NONE,historical lab context (blocked_needs_keymap),NONE — no active claim consumer; preserved at archive/exploratory/data/lab/raw/microscopy/leica/2026-07-28/Leica_2026-07-28 153045.jpeg,EXCLUDED BY LAB ROLE MANIFEST,ARCHIVE-VALID,archive/exploratory/data/lab/raw/microscopy/leica/2026-07-28/Leica_2026-07-28 153045.jpeg,Lab role `blocked_needs_keymap` is outside the paper's in-house evidence path: Well/plate morphology. Needs the protocol well map; not a BO y.
data/lab/raw/microscopy/leica/2026-07-28/Leica_2026-07-28 153045.jpeg.metadata,metadata,547b64115d88be576cae076a24feeda960d677f0,547b64115d88be576cae076a24feeda960d677f0,LAB_AND_PUBLISHED_DATA,Historical wet-lab context,HISTORICAL,NONE,historical lab context (instrument_sidecar),NONE — no active claim consumer; preserved at archive/exploratory/data/lab/raw/microscopy/leica/2026-07-28/Leica_2026-07-28 153045.jpeg.metadata,EXCLUDED BY LAB ROLE MANIFEST,ARCHIVE-VALID,archive/exploratory/data/lab/raw/microscopy/leica/2026-07-28/Leica_2026-07-28 153045.jpeg.metadata,Lab role `instrument_sidecar` is outside the paper's in-house evidence path: Leica capture metadata for the paired JPEG.
data/lab/raw/microscopy/leica/2026-07-28/Leica_2026-07-28 153053.jpeg,jpeg,547b64115d88be576cae076a24feeda960d677f0,547b64115d88be576cae076a24feeda960d677f0,LAB_AND_PUBLISHED_DATA,Historical wet-lab context,HISTORICAL,NONE,historical lab context (blocked_needs_keymap),NONE — no active claim consumer; preserved at archive/exploratory/data/lab/raw/microscopy/leica/2026-07-28/Leica_2026-07-28 153053.jpeg,EXCLUDED BY LAB ROLE MANIFEST,ARCHIVE-VALID,archive/exploratory/data/lab/raw/microscopy/leica/2026-07-28/Leica_2026-07-28 153053.jpeg,Lab role `blocked_needs_keymap` is outside the paper's in-house evidence path: Well/plate morphology. Needs the protocol well map; not a BO y.
data/lab/raw/microscopy/leica/2026-07-28/Leica_2026-07-28 153053.jpeg.metadata,metadata,547b64115d88be576cae076a24feeda960d677f0,547b64115d88be576cae076a24feeda960d677f0,LAB_AND_PUBLISHED_DATA,Historical wet-lab context,HISTORICAL,NONE,historical lab context (instrument_sidecar),NONE — no active claim consumer; preserved at archive/exploratory/data/lab/raw/microscopy/leica/2026-07-28/Leica_2026-07-28 153053.jpeg.metadata,EXCLUDED BY LAB ROLE MANIFEST,ARCHIVE-VALID,archive/exploratory/data/lab/raw/microscopy/leica/2026-07-28/Leica_2026-07-28 153053.jpeg.metadata,Lab role `instrument_sidecar` is outside the paper's in-house evidence path: Leica capture metadata for the paired JPEG.
data/lab/raw/microscopy/leica/2026-07-28/Leica_2026-07-28 p2-well1.jpeg,jpeg,547b64115d88be576cae076a24feeda960d677f0,547b64115d88be576cae076a24feeda960d677f0,LAB_AND_PUBLISHED_DATA,Historical wet-lab context,HISTORICAL,NONE,historical lab context (blocked_needs_keymap),NONE — no active claim consumer; preserved at archive/exploratory/data/lab/raw/microscopy/leica/2026-07-28/Leica_2026-07-28 p2-well1.jpeg,EXCLUDED BY LAB ROLE MANIFEST,ARCHIVE-VALID,archive/exploratory/data/lab/raw/microscopy/leica/2026-07-28/Leica_2026-07-28 p2-well1.jpeg,Lab role `blocked_needs_keymap` is outside the paper's in-house evidence path: Well/plate morphology. Needs the protocol well map; not a BO y.
data/lab/raw/microscopy/leica/2026-07-28/Leica_2026-07-28 p2-well1.jpeg.metadata,metadata,547b64115d88be576cae076a24feeda960d677f0,547b64115d88be576cae076a24feeda960d677f0,LAB_AND_PUBLISHED_DATA,Historical wet-lab context,HISTORICAL,NONE,historical lab context (instrument_sidecar),NONE — no active claim consumer; preserved at archive/exploratory/data/lab/raw/microscopy/leica/2026-07-28/Leica_2026-07-28 p2-well1.jpeg.metadata,EXCLUDED BY LAB ROLE MANIFEST,ARCHIVE-VALID,archive/exploratory/data/lab/raw/microscopy/leica/2026-07-28/Leica_2026-07-28 p2-well1.jpeg.metadata,Lab role `instrument_sidecar` is outside the paper's in-house evidence path: Leica capture metadata for the paired JPEG.
data/lab/raw/microscopy/leica/2026-07-28/Leica_2026-07-28 p2-well2.jpeg,jpeg,547b64115d88be576cae076a24feeda960d677f0,547b64115d88be576cae076a24feeda960d677f0,LAB_AND_PUBLISHED_DATA,Historical wet-lab context,HISTORICAL,NONE,historical lab context (blocked_needs_keymap),NONE — no active claim consumer; preserved at archive/exploratory/data/lab/raw/microscopy/leica/2026-07-28/Leica_2026-07-28 p2-well2.jpeg,EXCLUDED BY LAB ROLE MANIFEST,ARCHIVE-VALID,archive/exploratory/data/lab/raw/microscopy/leica/2026-07-28/Leica_2026-07-28 p2-well2.jpeg,Lab role `blocked_needs_keymap` is outside the paper's in-house evidence path: Well/plate morphology. Needs the protocol well map; not a BO y.
data/lab/raw/microscopy/leica/2026-07-28/Leica_2026-07-28 p2-well2.jpeg.metadata,metadata,547b64115d88be576cae076a24feeda960d677f0,547b64115d88be576cae076a24feeda960d677f0,LAB_AND_PUBLISHED_DATA,Historical wet-lab context,HISTORICAL,NONE,historical lab context (instrument_sidecar),NONE — no active claim consumer; preserved at archive/exploratory/data/lab/raw/microscopy/leica/2026-07-28/Leica_2026-07-28 p2-well2.jpeg.metadata,EXCLUDED BY LAB ROLE MANIFEST,ARCHIVE-VALID,archive/exploratory/data/lab/raw/microscopy/leica/2026-07-28/Leica_2026-07-28 p2-well2.jpeg.metadata,Lab role `instrument_sidecar` is outside the paper's in-house evidence path: Leica capture metadata for the paired JPEG.
data/lab/raw/microscopy/leica/2026-07-28/Leica_2026-07-28 p2-well3.jpeg,jpeg,547b64115d88be576cae076a24feeda960d677f0,547b64115d88be576cae076a24feeda960d677f0,LAB_AND_PUBLISHED_DATA,Historical wet-lab context,HISTORICAL,NONE,historical lab context (blocked_needs_keymap),NONE — no active claim consumer; preserved at archive/exploratory/data/lab/raw/microscopy/leica/2026-07-28/Leica_2026-07-28 p2-well3.jpeg,EXCLUDED BY LAB ROLE MANIFEST,ARCHIVE-VALID,archive/exploratory/data/lab/raw/microscopy/leica/2026-07-28/Leica_2026-07-28 p2-well3.jpeg,Lab role `blocked_needs_keymap` is outside the paper's in-house evidence path: Well/plate morphology. Needs the protocol well map; not a BO y.
data/lab/raw/microscopy/leica/2026-07-28/Leica_2026-07-28 p2-well3.jpeg.metadata,metadata,547b64115d88be576cae076a24feeda960d677f0,547b64115d88be576cae076a24feeda960d677f0,LAB_AND_PUBLISHED_DATA,Historical wet-lab context,HISTORICAL,NONE,historical lab context (instrument_sidecar),NONE — no active claim consumer; preserved at archive/exploratory/data/lab/raw/microscopy/leica/2026-07-28/Leica_2026-07-28 p2-well3.jpeg.metadata,EXCLUDED BY LAB ROLE MANIFEST,ARCHIVE-VALID,archive/exploratory/data/lab/raw/microscopy/leica/2026-07-28/Leica_2026-07-28 p2-well3.jpeg.metadata,Lab role `instrument_sidecar` is outside the paper's in-house evidence path: Leica capture metadata for the paired JPEG.
data/lab/raw/microscopy/leica/2026-07-28/Leica_2026-07-28 p2-well4.jpeg,jpeg,547b64115d88be576cae076a24feeda960d677f0,547b64115d88be576cae076a24feeda960d677f0,LAB_AND_PUBLISHED_DATA,Historical wet-lab context,HISTORICAL,NONE,historical lab context (blocked_needs_keymap),NONE — no active claim consumer; preserved at archive/exploratory/data/lab/raw/microscopy/leica/2026-07-28/Leica_2026-07-28 p2-well4.jpeg,EXCLUDED BY LAB ROLE MANIFEST,ARCHIVE-VALID,archive/exploratory/data/lab/raw/microscopy/leica/2026-07-28/Leica_2026-07-28 p2-well4.jpeg,Lab role `blocked_needs_keymap` is outside the paper's in-house evidence path: Well/plate morphology. Needs the protocol well map; not a BO y.
data/lab/raw/microscopy/leica/2026-07-28/Leica_2026-07-28 p2-well4.jpeg.metadata,metadata,547b64115d88be576cae076a24feeda960d677f0,547b64115d88be576cae076a24feeda960d677f0,LAB_AND_PUBLISHED_DATA,Historical wet-lab context,HISTORICAL,NONE,historical lab context (instrument_sidecar),NONE — no active claim consumer; preserved at archive/exploratory/data/lab/raw/microscopy/leica/2026-07-28/Leica_2026-07-28 p2-well4.jpeg.metadata,EXCLUDED BY LAB ROLE MANIFEST,ARCHIVE-VALID,archive/exploratory/data/lab/raw/microscopy/leica/2026-07-28/Leica_2026-07-28 p2-well4.jpeg.metadata,Lab role `instrument_sidecar` is outside the paper's in-house evidence path: Leica capture metadata for the paired JPEG.
data/lab/raw/microscopy/leica/2026-07-28/c1-1.jpeg,jpeg,547b64115d88be576cae076a24feeda960d677f0,547b64115d88be576cae076a24feeda960d677f0,LAB_AND_PUBLISHED_DATA,Historical wet-lab context,HISTORICAL,NONE,historical lab context (blocked_needs_keymap),NONE — no active claim consumer; preserved at archive/exploratory/data/lab/raw/microscopy/leica/2026-07-28/c1-1.jpeg,EXCLUDED BY LAB ROLE MANIFEST,ARCHIVE-VALID,archive/exploratory/data/lab/raw/microscopy/leica/2026-07-28/c1-1.jpeg,Lab role `blocked_needs_keymap` is outside the paper's in-house evidence path: Looks like a designed c/k/con series but the factor key is not in the repo.
data/lab/raw/microscopy/leica/2026-07-28/c1-1.jpeg.metadata,metadata,547b64115d88be576cae076a24feeda960d677f0,547b64115d88be576cae076a24feeda960d677f0,LAB_AND_PUBLISHED_DATA,Historical wet-lab context,HISTORICAL,NONE,historical lab context (instrument_sidecar),NONE — no active claim consumer; preserved at archive/exploratory/data/lab/raw/microscopy/leica/2026-07-28/c1-1.jpeg.metadata,EXCLUDED BY LAB ROLE MANIFEST,ARCHIVE-VALID,archive/exploratory/data/lab/raw/microscopy/leica/2026-07-28/c1-1.jpeg.metadata,Lab role `instrument_sidecar` is outside the paper's in-house evidence path: Leica capture metadata for the paired JPEG.
data/lab/raw/microscopy/leica/2026-07-28/c1-2.jpeg,jpeg,547b64115d88be576cae076a24feeda960d677f0,547b64115d88be576cae076a24feeda960d677f0,LAB_AND_PUBLISHED_DATA,Historical wet-lab context,HISTORICAL,NONE,historical lab context (blocked_needs_keymap),NONE — no active claim consumer; preserved at archive/exploratory/data/lab/raw/microscopy/leica/2026-07-28/c1-2.jpeg,EXCLUDED BY LAB ROLE MANIFEST,ARCHIVE-VALID,archive/exploratory/data/lab/raw/microscopy/leica/2026-07-28/c1-2.jpeg,Lab role `blocked_needs_keymap` is outside the paper's in-house evidence path: Looks like a designed c/k/con series but the factor key is not in the repo.
data/lab/raw/microscopy/leica/2026-07-28/c1-2.jpeg.metadata,metadata,547b64115d88be576cae076a24feeda960d677f0,547b64115d88be576cae076a24feeda960d677f0,LAB_AND_PUBLISHED_DATA,Historical wet-lab context,HISTORICAL,NONE,historical lab context (instrument_sidecar),NONE — no active claim consumer; preserved at archive/exploratory/data/lab/raw/microscopy/leica/2026-07-28/c1-2.jpeg.metadata,EXCLUDED BY LAB ROLE MANIFEST,ARCHIVE-VALID,archive/exploratory/data/lab/raw/microscopy/leica/2026-07-28/c1-2.jpeg.metadata,Lab role `instrument_sidecar` is outside the paper's in-house evidence path: Leica capture metadata for the paired JPEG.
data/lab/raw/microscopy/leica/2026-07-28/c10-1.jpeg,jpeg,547b64115d88be576cae076a24feeda960d677f0,547b64115d88be576cae076a24feeda960d677f0,LAB_AND_PUBLISHED_DATA,Historical wet-lab context,HISTORICAL,NONE,historical lab context (blocked_needs_keymap),NONE — no active claim consumer; preserved at archive/exploratory/data/lab/raw/microscopy/leica/2026-07-28/c10-1.jpeg,EXCLUDED BY LAB ROLE MANIFEST,ARCHIVE-VALID,archive/exploratory/data/lab/raw/microscopy/leica/2026-07-28/c10-1.jpeg,Lab role `blocked_needs_keymap` is outside the paper's in-house evidence path: Looks like a designed c/k/con series but the factor key is not in the repo.
data/lab/raw/microscopy/leica/2026-07-28/c10-1.jpeg.metadata,metadata,547b64115d88be576cae076a24feeda960d677f0,547b64115d88be576cae076a24feeda960d677f0,LAB_AND_PUBLISHED_DATA,Historical wet-lab context,HISTORICAL,NONE,historical lab context (instrument_sidecar),NONE — no active claim consumer; preserved at archive/exploratory/data/lab/raw/microscopy/leica/2026-07-28/c10-1.jpeg.metadata,EXCLUDED BY LAB ROLE MANIFEST,ARCHIVE-VALID,archive/exploratory/data/lab/raw/microscopy/leica/2026-07-28/c10-1.jpeg.metadata,Lab role `instrument_sidecar` is outside the paper's in-house evidence path: Leica capture metadata for the paired JPEG.
data/lab/raw/microscopy/leica/2026-07-28/c10-2.jpeg,jpeg,547b64115d88be576cae076a24feeda960d677f0,547b64115d88be576cae076a24feeda960d677f0,LAB_AND_PUBLISHED_DATA,Historical wet-lab context,HISTORICAL,NONE,historical lab context (blocked_needs_keymap),NONE — no active claim consumer; preserved at archive/exploratory/data/lab/raw/microscopy/leica/2026-07-28/c10-2.jpeg,EXCLUDED BY LAB ROLE MANIFEST,ARCHIVE-VALID,archive/exploratory/data/lab/raw/microscopy/leica/2026-07-28/c10-2.jpeg,Lab role `blocked_needs_keymap` is outside the paper's in-house evidence path: Looks like a designed c/k/con series but the factor key is not in the repo.
data/lab/raw/microscopy/leica/2026-07-28/c10-2.jpeg.metadata,metadata,547b64115d88be576cae076a24feeda960d677f0,547b64115d88be576cae076a24feeda960d677f0,LAB_AND_PUBLISHED_DATA,Historical wet-lab context,HISTORICAL,NONE,historical lab context (instrument_sidecar),NONE — no active claim consumer; preserved at archive/exploratory/data/lab/raw/microscopy/leica/2026-07-28/c10-2.jpeg.metadata,EXCLUDED BY LAB ROLE MANIFEST,ARCHIVE-VALID,archive/exploratory/data/lab/raw/microscopy/leica/2026-07-28/c10-2.jpeg.metadata,Lab role `instrument_sidecar` is outside the paper's in-house evidence path: Leica capture metadata for the paired JPEG.
data/lab/raw/microscopy/leica/2026-07-28/con1.jpeg,jpeg,547b64115d88be576cae076a24feeda960d677f0,547b64115d88be576cae076a24feeda960d677f0,LAB_AND_PUBLISHED_DATA,Historical wet-lab context,HISTORICAL,NONE,historical lab context (blocked_needs_keymap),NONE — no active claim consumer; preserved at archive/exploratory/data/lab/raw/microscopy/leica/2026-07-28/con1.jpeg,EXCLUDED BY LAB ROLE MANIFEST,ARCHIVE-VALID,archive/exploratory/data/lab/raw/microscopy/leica/2026-07-28/con1.jpeg,Lab role `blocked_needs_keymap` is outside the paper's in-house evidence path: Looks like a designed c/k/con series but the factor key is not in the repo.
data/lab/raw/microscopy/leica/2026-07-28/con1.jpeg.metadata,metadata,547b64115d88be576cae076a24feeda960d677f0,547b64115d88be576cae076a24feeda960d677f0,LAB_AND_PUBLISHED_DATA,Historical wet-lab context,HISTORICAL,NONE,historical lab context (instrument_sidecar),NONE — no active claim consumer; preserved at archive/exploratory/data/lab/raw/microscopy/leica/2026-07-28/con1.jpeg.metadata,EXCLUDED BY LAB ROLE MANIFEST,ARCHIVE-VALID,archive/exploratory/data/lab/raw/microscopy/leica/2026-07-28/con1.jpeg.metadata,Lab role `instrument_sidecar` is outside the paper's in-house evidence path: Leica capture metadata for the paired JPEG.
data/lab/raw/microscopy/leica/2026-07-28/con2.jpeg,jpeg,547b64115d88be576cae076a24feeda960d677f0,547b64115d88be576cae076a24feeda960d677f0,LAB_AND_PUBLISHED_DATA,Historical wet-lab context,HISTORICAL,NONE,historical lab context (blocked_needs_keymap),NONE — no active claim consumer; preserved at archive/exploratory/data/lab/raw/microscopy/leica/2026-07-28/con2.jpeg,EXCLUDED BY LAB ROLE MANIFEST,ARCHIVE-VALID,archive/exploratory/data/lab/raw/microscopy/leica/2026-07-28/con2.jpeg,Lab role `blocked_needs_keymap` is outside the paper's in-house evidence path: Looks like a designed c/k/con series but the factor key is not in the repo.
data/lab/raw/microscopy/leica/2026-07-28/con2.jpeg.metadata,metadata,547b64115d88be576cae076a24feeda960d677f0,547b64115d88be576cae076a24feeda960d677f0,LAB_AND_PUBLISHED_DATA,Historical wet-lab context,HISTORICAL,NONE,historical lab context (instrument_sidecar),NONE — no active claim consumer; preserved at archive/exploratory/data/lab/raw/microscopy/leica/2026-07-28/con2.jpeg.metadata,EXCLUDED BY LAB ROLE MANIFEST,ARCHIVE-VALID,archive/exploratory/data/lab/raw/microscopy/leica/2026-07-28/con2.jpeg.metadata,Lab role `instrument_sidecar` is outside the paper's in-house evidence path: Leica capture metadata for the paired JPEG.
data/lab/raw/microscopy/leica/2026-07-28/con3.jpeg,jpeg,547b64115d88be576cae076a24feeda960d677f0,547b64115d88be576cae076a24feeda960d677f0,LAB_AND_PUBLISHED_DATA,Historical wet-lab context,HISTORICAL,NONE,historical lab context (blocked_needs_keymap),NONE — no active claim consumer; preserved at archive/exploratory/data/lab/raw/microscopy/leica/2026-07-28/con3.jpeg,EXCLUDED BY LAB ROLE MANIFEST,ARCHIVE-VALID,archive/exploratory/data/lab/raw/microscopy/leica/2026-07-28/con3.jpeg,Lab role `blocked_needs_keymap` is outside the paper's in-house evidence path: Looks like a designed c/k/con series but the factor key is not in the repo.
data/lab/raw/microscopy/leica/2026-07-28/con3.jpeg.metadata,metadata,547b64115d88be576cae076a24feeda960d677f0,547b64115d88be576cae076a24feeda960d677f0,LAB_AND_PUBLISHED_DATA,Historical wet-lab context,HISTORICAL,NONE,historical lab context (instrument_sidecar),NONE — no active claim consumer; preserved at archive/exploratory/data/lab/raw/microscopy/leica/2026-07-28/con3.jpeg.metadata,EXCLUDED BY LAB ROLE MANIFEST,ARCHIVE-VALID,archive/exploratory/data/lab/raw/microscopy/leica/2026-07-28/con3.jpeg.metadata,Lab role `instrument_sidecar` is outside the paper's in-house evidence path: Leica capture metadata for the paired JPEG.
data/lab/raw/microscopy/leica/2026-07-28/con4.jpeg,jpeg,547b64115d88be576cae076a24feeda960d677f0,547b64115d88be576cae076a24feeda960d677f0,LAB_AND_PUBLISHED_DATA,Historical wet-lab context,HISTORICAL,NONE,historical lab context (blocked_needs_keymap),NONE — no active claim consumer; preserved at archive/exploratory/data/lab/raw/microscopy/leica/2026-07-28/con4.jpeg,EXCLUDED BY LAB ROLE MANIFEST,ARCHIVE-VALID,archive/exploratory/data/lab/raw/microscopy/leica/2026-07-28/con4.jpeg,Lab role `blocked_needs_keymap` is outside the paper's in-house evidence path: Looks like a designed c/k/con series but the factor key is not in the repo.
data/lab/raw/microscopy/leica/2026-07-28/con4.jpeg.metadata,metadata,547b64115d88be576cae076a24feeda960d677f0,547b64115d88be576cae076a24feeda960d677f0,LAB_AND_PUBLISHED_DATA,Historical wet-lab context,HISTORICAL,NONE,historical lab context (instrument_sidecar),NONE — no active claim consumer; preserved at archive/exploratory/data/lab/raw/microscopy/leica/2026-07-28/con4.jpeg.metadata,EXCLUDED BY LAB ROLE MANIFEST,ARCHIVE-VALID,archive/exploratory/data/lab/raw/microscopy/leica/2026-07-28/con4.jpeg.metadata,Lab role `instrument_sidecar` is outside the paper's in-house evidence path: Leica capture metadata for the paired JPEG.
data/lab/raw/microscopy/leica/2026-07-28/k1-1.jpeg,jpeg,547b64115d88be576cae076a24feeda960d677f0,547b64115d88be576cae076a24feeda960d677f0,LAB_AND_PUBLISHED_DATA,Historical wet-lab context,HISTORICAL,NONE,historical lab context (blocked_needs_keymap),NONE — no active claim consumer; preserved at archive/exploratory/data/lab/raw/microscopy/leica/2026-07-28/k1-1.jpeg,EXCLUDED BY LAB ROLE MANIFEST,ARCHIVE-VALID,archive/exploratory/data/lab/raw/microscopy/leica/2026-07-28/k1-1.jpeg,Lab role `blocked_needs_keymap` is outside the paper's in-house evidence path: Looks like a designed c/k/con series but the factor key is not in the repo.
data/lab/raw/microscopy/leica/2026-07-28/k1-1.jpeg.metadata,metadata,547b64115d88be576cae076a24feeda960d677f0,547b64115d88be576cae076a24feeda960d677f0,LAB_AND_PUBLISHED_DATA,Historical wet-lab context,HISTORICAL,NONE,historical lab context (instrument_sidecar),NONE — no active claim consumer; preserved at archive/exploratory/data/lab/raw/microscopy/leica/2026-07-28/k1-1.jpeg.metadata,EXCLUDED BY LAB ROLE MANIFEST,ARCHIVE-VALID,archive/exploratory/data/lab/raw/microscopy/leica/2026-07-28/k1-1.jpeg.metadata,Lab role `instrument_sidecar` is outside the paper's in-house evidence path: Leica capture metadata for the paired JPEG.
data/lab/raw/microscopy/leica/2026-07-28/k1-2.jpeg,jpeg,547b64115d88be576cae076a24feeda960d677f0,547b64115d88be576cae076a24feeda960d677f0,LAB_AND_PUBLISHED_DATA,Historical wet-lab context,HISTORICAL,NONE,historical lab context (blocked_needs_keymap),NONE — no active claim consumer; preserved at archive/exploratory/data/lab/raw/microscopy/leica/2026-07-28/k1-2.jpeg,EXCLUDED BY LAB ROLE MANIFEST,ARCHIVE-VALID,archive/exploratory/data/lab/raw/microscopy/leica/2026-07-28/k1-2.jpeg,Lab role `blocked_needs_keymap` is outside the paper's in-house evidence path: Looks like a designed c/k/con series but the factor key is not in the repo.
data/lab/raw/microscopy/leica/2026-07-28/k1-2.jpeg.metadata,metadata,547b64115d88be576cae076a24feeda960d677f0,547b64115d88be576cae076a24feeda960d677f0,LAB_AND_PUBLISHED_DATA,Historical wet-lab context,HISTORICAL,NONE,historical lab context (instrument_sidecar),NONE — no active claim consumer; preserved at archive/exploratory/data/lab/raw/microscopy/leica/2026-07-28/k1-2.jpeg.metadata,EXCLUDED BY LAB ROLE MANIFEST,ARCHIVE-VALID,archive/exploratory/data/lab/raw/microscopy/leica/2026-07-28/k1-2.jpeg.metadata,Lab role `instrument_sidecar` is outside the paper's in-house evidence path: Leica capture metadata for the paired JPEG.
data/lab/raw/microscopy/leica/2026-07-28/k10-1.jpeg,jpeg,547b64115d88be576cae076a24feeda960d677f0,547b64115d88be576cae076a24feeda960d677f0,LAB_AND_PUBLISHED_DATA,Historical wet-lab context,HISTORICAL,NONE,historical lab context (blocked_needs_keymap),NONE — no active claim consumer; preserved at archive/exploratory/data/lab/raw/microscopy/leica/2026-07-28/k10-1.jpeg,EXCLUDED BY LAB ROLE MANIFEST,ARCHIVE-VALID,archive/exploratory/data/lab/raw/microscopy/leica/2026-07-28/k10-1.jpeg,Lab role `blocked_needs_keymap` is outside the paper's in-house evidence path: Looks like a designed c/k/con series but the factor key is not in the repo.
data/lab/raw/microscopy/leica/2026-07-28/k10-1.jpeg.metadata,metadata,547b64115d88be576cae076a24feeda960d677f0,547b64115d88be576cae076a24feeda960d677f0,LAB_AND_PUBLISHED_DATA,Historical wet-lab context,HISTORICAL,NONE,historical lab context (instrument_sidecar),NONE — no active claim consumer; preserved at archive/exploratory/data/lab/raw/microscopy/leica/2026-07-28/k10-1.jpeg.metadata,EXCLUDED BY LAB ROLE MANIFEST,ARCHIVE-VALID,archive/exploratory/data/lab/raw/microscopy/leica/2026-07-28/k10-1.jpeg.metadata,Lab role `instrument_sidecar` is outside the paper's in-house evidence path: Leica capture metadata for the paired JPEG.
data/lab/raw/microscopy/leica/2026-07-28/k10-2.jpeg,jpeg,547b64115d88be576cae076a24feeda960d677f0,547b64115d88be576cae076a24feeda960d677f0,LAB_AND_PUBLISHED_DATA,Historical wet-lab context,HISTORICAL,NONE,historical lab context (blocked_needs_keymap),NONE — no active claim consumer; preserved at archive/exploratory/data/lab/raw/microscopy/leica/2026-07-28/k10-2.jpeg,EXCLUDED BY LAB ROLE MANIFEST,ARCHIVE-VALID,archive/exploratory/data/lab/raw/microscopy/leica/2026-07-28/k10-2.jpeg,Lab role `blocked_needs_keymap` is outside the paper's in-house evidence path: Looks like a designed c/k/con series but the factor key is not in the repo.
data/lab/raw/microscopy/leica/2026-07-28/k10-2.jpeg.metadata,metadata,547b64115d88be576cae076a24feeda960d677f0,547b64115d88be576cae076a24feeda960d677f0,LAB_AND_PUBLISHED_DATA,Historical wet-lab context,HISTORICAL,NONE,historical lab context (instrument_sidecar),NONE — no active claim consumer; preserved at archive/exploratory/data/lab/raw/microscopy/leica/2026-07-28/k10-2.jpeg.metadata,EXCLUDED BY LAB ROLE MANIFEST,ARCHIVE-VALID,archive/exploratory/data/lab/raw/microscopy/leica/2026-07-28/k10-2.jpeg.metadata,Lab role `instrument_sidecar` is outside the paper's in-house evidence path: Leica capture metadata for the paired JPEG.
data/lab/raw/microscopy/leica/2026-07-30/Leica_2026-07-30 3-1.jpeg,jpeg,547b64115d88be576cae076a24feeda960d677f0,547b64115d88be576cae076a24feeda960d677f0,LAB_AND_PUBLISHED_DATA,Historical wet-lab context,HISTORICAL,NONE,historical lab context (blocked_needs_keymap),NONE — no active claim consumer; preserved at archive/exploratory/data/lab/raw/microscopy/leica/2026-07-30/Leica_2026-07-30 3-1.jpeg,EXCLUDED BY LAB ROLE MANIFEST,ARCHIVE-VALID,archive/exploratory/data/lab/raw/microscopy/leica/2026-07-30/Leica_2026-07-30 3-1.jpeg,Lab role `blocked_needs_keymap` is outside the paper's in-house evidence path: Unlabeled or well-only morphology. Cannot enter the optimizer.
data/lab/raw/microscopy/leica/2026-07-30/Leica_2026-07-30 3-1.jpeg.metadata,metadata,547b64115d88be576cae076a24feeda960d677f0,547b64115d88be576cae076a24feeda960d677f0,LAB_AND_PUBLISHED_DATA,Historical wet-lab context,HISTORICAL,NONE,historical lab context (instrument_sidecar),NONE — no active claim consumer; preserved at archive/exploratory/data/lab/raw/microscopy/leica/2026-07-30/Leica_2026-07-30 3-1.jpeg.metadata,EXCLUDED BY LAB ROLE MANIFEST,ARCHIVE-VALID,archive/exploratory/data/lab/raw/microscopy/leica/2026-07-30/Leica_2026-07-30 3-1.jpeg.metadata,Lab role `instrument_sidecar` is outside the paper's in-house evidence path: Leica capture metadata for the paired JPEG.
data/lab/raw/microscopy/leica/2026-07-30/Leica_2026-07-30 3-2.jpeg,jpeg,547b64115d88be576cae076a24feeda960d677f0,547b64115d88be576cae076a24feeda960d677f0,LAB_AND_PUBLISHED_DATA,Historical wet-lab context,HISTORICAL,NONE,historical lab context (blocked_needs_keymap),NONE — no active claim consumer; preserved at archive/exploratory/data/lab/raw/microscopy/leica/2026-07-30/Leica_2026-07-30 3-2.jpeg,EXCLUDED BY LAB ROLE MANIFEST,ARCHIVE-VALID,archive/exploratory/data/lab/raw/microscopy/leica/2026-07-30/Leica_2026-07-30 3-2.jpeg,Lab role `blocked_needs_keymap` is outside the paper's in-house evidence path: Unlabeled or well-only morphology. Cannot enter the optimizer.
data/lab/raw/microscopy/leica/2026-07-30/Leica_2026-07-30 3-2.jpeg.metadata,metadata,547b64115d88be576cae076a24feeda960d677f0,547b64115d88be576cae076a24feeda960d677f0,LAB_AND_PUBLISHED_DATA,Historical wet-lab context,HISTORICAL,NONE,historical lab context (instrument_sidecar),NONE — no active claim consumer; preserved at archive/exploratory/data/lab/raw/microscopy/leica/2026-07-30/Leica_2026-07-30 3-2.jpeg.metadata,EXCLUDED BY LAB ROLE MANIFEST,ARCHIVE-VALID,archive/exploratory/data/lab/raw/microscopy/leica/2026-07-30/Leica_2026-07-30 3-2.jpeg.metadata,Lab role `instrument_sidecar` is outside the paper's in-house evidence path: Leica capture metadata for the paired JPEG.
data/lab/raw/microscopy/leica/2026-07-30/Leica_2026-07-30 3-3.jpeg,jpeg,547b64115d88be576cae076a24feeda960d677f0,547b64115d88be576cae076a24feeda960d677f0,LAB_AND_PUBLISHED_DATA,Historical wet-lab context,HISTORICAL,NONE,historical lab context (blocked_needs_keymap),NONE — no active claim consumer; preserved at archive/exploratory/data/lab/raw/microscopy/leica/2026-07-30/Leica_2026-07-30 3-3.jpeg,EXCLUDED BY LAB ROLE MANIFEST,ARCHIVE-VALID,archive/exploratory/data/lab/raw/microscopy/leica/2026-07-30/Leica_2026-07-30 3-3.jpeg,Lab role `blocked_needs_keymap` is outside the paper's in-house evidence path: Unlabeled or well-only morphology. Cannot enter the optimizer.
data/lab/raw/microscopy/leica/2026-07-30/Leica_2026-07-30 3-3.jpeg.metadata,metadata,547b64115d88be576cae076a24feeda960d677f0,547b64115d88be576cae076a24feeda960d677f0,LAB_AND_PUBLISHED_DATA,Historical wet-lab context,HISTORICAL,NONE,historical lab context (instrument_sidecar),NONE — no active claim consumer; preserved at archive/exploratory/data/lab/raw/microscopy/leica/2026-07-30/Leica_2026-07-30 3-3.jpeg.metadata,EXCLUDED BY LAB ROLE MANIFEST,ARCHIVE-VALID,archive/exploratory/data/lab/raw/microscopy/leica/2026-07-30/Leica_2026-07-30 3-3.jpeg.metadata,Lab role `instrument_sidecar` is outside the paper's in-house evidence path: Leica capture metadata for the paired JPEG.
data/lab/raw/microscopy/leica/2026-07-30/Leica_2026-07-30 3-4.jpeg,jpeg,547b64115d88be576cae076a24feeda960d677f0,547b64115d88be576cae076a24feeda960d677f0,LAB_AND_PUBLISHED_DATA,Historical wet-lab context,HISTORICAL,NONE,historical lab context (blocked_needs_keymap),NONE — no active claim consumer; preserved at archive/exploratory/data/lab/raw/microscopy/leica/2026-07-30/Leica_2026-07-30 3-4.jpeg,EXCLUDED BY LAB ROLE MANIFEST,ARCHIVE-VALID,archive/exploratory/data/lab/raw/microscopy/leica/2026-07-30/Leica_2026-07-30 3-4.jpeg,Lab role `blocked_needs_keymap` is outside the paper's in-house evidence path: Unlabeled or well-only morphology. Cannot enter the optimizer.
data/lab/raw/microscopy/leica/2026-07-30/Leica_2026-07-30 3-4.jpeg.metadata,metadata,547b64115d88be576cae076a24feeda960d677f0,547b64115d88be576cae076a24feeda960d677f0,LAB_AND_PUBLISHED_DATA,Historical wet-lab context,HISTORICAL,NONE,historical lab context (instrument_sidecar),NONE — no active claim consumer; preserved at archive/exploratory/data/lab/raw/microscopy/leica/2026-07-30/Leica_2026-07-30 3-4.jpeg.metadata,EXCLUDED BY LAB ROLE MANIFEST,ARCHIVE-VALID,archive/exploratory/data/lab/raw/microscopy/leica/2026-07-30/Leica_2026-07-30 3-4.jpeg.metadata,Lab role `instrument_sidecar` is outside the paper's in-house evidence path: Leica capture metadata for the paired JPEG.
data/lab/raw/microscopy/leica/2026-07-30/Leica_2026-07-30 3-5.jpeg,jpeg,547b64115d88be576cae076a24feeda960d677f0,547b64115d88be576cae076a24feeda960d677f0,LAB_AND_PUBLISHED_DATA,Historical wet-lab context,HISTORICAL,NONE,historical lab context (blocked_needs_keymap),NONE — no active claim consumer; preserved at archive/exploratory/data/lab/raw/microscopy/leica/2026-07-30/Leica_2026-07-30 3-5.jpeg,EXCLUDED BY LAB ROLE MANIFEST,ARCHIVE-VALID,archive/exploratory/data/lab/raw/microscopy/leica/2026-07-30/Leica_2026-07-30 3-5.jpeg,Lab role `blocked_needs_keymap` is outside the paper's in-house evidence path: Unlabeled or well-only morphology. Cannot enter the optimizer.
data/lab/raw/microscopy/leica/2026-07-30/Leica_2026-07-30 3-5.jpeg.metadata,metadata,547b64115d88be576cae076a24feeda960d677f0,547b64115d88be576cae076a24feeda960d677f0,LAB_AND_PUBLISHED_DATA,Historical wet-lab context,HISTORICAL,NONE,historical lab context (instrument_sidecar),NONE — no active claim consumer; preserved at archive/exploratory/data/lab/raw/microscopy/leica/2026-07-30/Leica_2026-07-30 3-5.jpeg.metadata,EXCLUDED BY LAB ROLE MANIFEST,ARCHIVE-VALID,archive/exploratory/data/lab/raw/microscopy/leica/2026-07-30/Leica_2026-07-30 3-5.jpeg.metadata,Lab role `instrument_sidecar` is outside the paper's in-house evidence path: Leica capture metadata for the paired JPEG.
data/lab/raw/microscopy/leica/2026-07-30/Leica_2026-07-30 N2B27 T75.jpeg,jpeg,547b64115d88be576cae076a24feeda960d677f0,547b64115d88be576cae076a24feeda960d677f0,LAB_AND_PUBLISHED_DATA,Historical wet-lab context,HISTORICAL,NONE,historical lab context (assay_dev),NONE — no active claim consumer; preserved at archive/exploratory/data/lab/raw/microscopy/leica/2026-07-30/Leica_2026-07-30 N2B27 T75.jpeg,EXCLUDED BY LAB ROLE MANIFEST,ARCHIVE-VALID,archive/exploratory/data/lab/raw/microscopy/leica/2026-07-30/Leica_2026-07-30 N2B27 T75.jpeg,"Lab role `assay_dev` is outside the paper's in-house evidence path: Culture-vessel / media morphology. Protocol development, not ECM BO."
data/lab/raw/microscopy/leica/2026-07-30/Leica_2026-07-30 N2B27 T75.jpeg.metadata,metadata,547b64115d88be576cae076a24feeda960d677f0,547b64115d88be576cae076a24feeda960d677f0,LAB_AND_PUBLISHED_DATA,Historical wet-lab context,HISTORICAL,NONE,historical lab context (instrument_sidecar),NONE — no active claim consumer; preserved at archive/exploratory/data/lab/raw/microscopy/leica/2026-07-30/Leica_2026-07-30 N2B27 T75.jpeg.metadata,EXCLUDED BY LAB ROLE MANIFEST,ARCHIVE-VALID,archive/exploratory/data/lab/raw/microscopy/leica/2026-07-30/Leica_2026-07-30 N2B27 T75.jpeg.metadata,Lab role `instrument_sidecar` is outside the paper's in-house evidence path: Leica capture metadata for the paired JPEG.
data/lab/raw/microscopy/leica/2026-07-30/Leica_2026-07-30 Well3 plate 2 cd.jpeg,jpeg,547b64115d88be576cae076a24feeda960d677f0,547b64115d88be576cae076a24feeda960d677f0,LAB_AND_PUBLISHED_DATA,Historical wet-lab context,HISTORICAL,NONE,historical lab context (blocked_needs_keymap),NONE — no active claim consumer; preserved at archive/exploratory/data/lab/raw/microscopy/leica/2026-07-30/Leica_2026-07-30 Well3 plate 2 cd.jpeg,EXCLUDED BY LAB ROLE MANIFEST,ARCHIVE-VALID,archive/exploratory/data/lab/raw/microscopy/leica/2026-07-30/Leica_2026-07-30 Well3 plate 2 cd.jpeg,Lab role `blocked_needs_keymap` is outside the paper's in-house evidence path: Unlabeled or well-only morphology. Cannot enter the optimizer.
data/lab/raw/microscopy/leica/2026-07-30/Leica_2026-07-30 Well3 plate 2 cd.jpeg.metadata,metadata,547b64115d88be576cae076a24feeda960d677f0,547b64115d88be576cae076a24feeda960d677f0,LAB_AND_PUBLISHED_DATA,Historical wet-lab context,HISTORICAL,NONE,historical lab context (instrument_sidecar),NONE — no active claim consumer; preserved at archive/exploratory/data/lab/raw/microscopy/leica/2026-07-30/Leica_2026-07-30 Well3 plate 2 cd.jpeg.metadata,EXCLUDED BY LAB ROLE MANIFEST,ARCHIVE-VALID,archive/exploratory/data/lab/raw/microscopy/leica/2026-07-30/Leica_2026-07-30 Well3 plate 2 cd.jpeg.metadata,Lab role `instrument_sidecar` is outside the paper's in-house evidence path: Leica capture metadata for the paired JPEG.
data/lab/raw/microscopy/leica/2026-07-30/Leica_2026-07-30 Well3 plate2 cd.jpeg,jpeg,547b64115d88be576cae076a24feeda960d677f0,547b64115d88be576cae076a24feeda960d677f0,LAB_AND_PUBLISHED_DATA,Historical wet-lab context,HISTORICAL,NONE,historical lab context (blocked_needs_keymap),NONE — no active claim consumer; preserved at archive/exploratory/data/lab/raw/microscopy/leica/2026-07-30/Leica_2026-07-30 Well3 plate2 cd.jpeg,EXCLUDED BY LAB ROLE MANIFEST,ARCHIVE-VALID,archive/exploratory/data/lab/raw/microscopy/leica/2026-07-30/Leica_2026-07-30 Well3 plate2 cd.jpeg,Lab role `blocked_needs_keymap` is outside the paper's in-house evidence path: Unlabeled or well-only morphology. Cannot enter the optimizer.
data/lab/raw/microscopy/leica/2026-07-30/Leica_2026-07-30 Well3 plate2 cd.jpeg.metadata,metadata,547b64115d88be576cae076a24feeda960d677f0,547b64115d88be576cae076a24feeda960d677f0,LAB_AND_PUBLISHED_DATA,Historical wet-lab context,HISTORICAL,NONE,historical lab context (instrument_sidecar),NONE — no active claim consumer; preserved at archive/exploratory/data/lab/raw/microscopy/leica/2026-07-30/Leica_2026-07-30 Well3 plate2 cd.jpeg.metadata,EXCLUDED BY LAB ROLE MANIFEST,ARCHIVE-VALID,archive/exploratory/data/lab/raw/microscopy/leica/2026-07-30/Leica_2026-07-30 Well3 plate2 cd.jpeg.metadata,Lab role `instrument_sidecar` is outside the paper's in-house evidence path: Leica capture metadata for the paired JPEG.
data/lab/raw/microscopy/leica/2026-07-30/Leica_2026-07-30 double1.jpeg,jpeg,547b64115d88be576cae076a24feeda960d677f0,547b64115d88be576cae076a24feeda960d677f0,LAB_AND_PUBLISHED_DATA,Historical wet-lab context,HISTORICAL,NONE,historical lab context (blocked_needs_keymap),NONE — no active claim consumer; preserved at archive/exploratory/data/lab/raw/microscopy/leica/2026-07-30/Leica_2026-07-30 double1.jpeg,EXCLUDED BY LAB ROLE MANIFEST,ARCHIVE-VALID,archive/exploratory/data/lab/raw/microscopy/leica/2026-07-30/Leica_2026-07-30 double1.jpeg,Lab role `blocked_needs_keymap` is outside the paper's in-house evidence path: Unlabeled or well-only morphology. Cannot enter the optimizer.
data/lab/raw/microscopy/leica/2026-07-30/Leica_2026-07-30 double1.jpeg.metadata,metadata,547b64115d88be576cae076a24feeda960d677f0,547b64115d88be576cae076a24feeda960d677f0,LAB_AND_PUBLISHED_DATA,Historical wet-lab context,HISTORICAL,NONE,historical lab context (instrument_sidecar),NONE — no active claim consumer; preserved at archive/exploratory/data/lab/raw/microscopy/leica/2026-07-30/Leica_2026-07-30 double1.jpeg.metadata,EXCLUDED BY LAB ROLE MANIFEST,ARCHIVE-VALID,archive/exploratory/data/lab/raw/microscopy/leica/2026-07-30/Leica_2026-07-30 double1.jpeg.metadata,Lab role `instrument_sidecar` is outside the paper's in-house evidence path: Leica capture metadata for the paired JPEG.
data/lab/raw/microscopy/leica/2026-07-30/Leica_2026-07-30 double2.jpeg,jpeg,547b64115d88be576cae076a24feeda960d677f0,547b64115d88be576cae076a24feeda960d677f0,LAB_AND_PUBLISHED_DATA,Historical wet-lab context,HISTORICAL,NONE,historical lab context (blocked_needs_keymap),NONE — no active claim consumer; preserved at archive/exploratory/data/lab/raw/microscopy/leica/2026-07-30/Leica_2026-07-30 double2.jpeg,EXCLUDED BY LAB ROLE MANIFEST,ARCHIVE-VALID,archive/exploratory/data/lab/raw/microscopy/leica/2026-07-30/Leica_2026-07-30 double2.jpeg,Lab role `blocked_needs_keymap` is outside the paper's in-house evidence path: Unlabeled or well-only morphology. Cannot enter the optimizer.
data/lab/raw/microscopy/leica/2026-07-30/Leica_2026-07-30 double2.jpeg.metadata,metadata,547b64115d88be576cae076a24feeda960d677f0,547b64115d88be576cae076a24feeda960d677f0,LAB_AND_PUBLISHED_DATA,Historical wet-lab context,HISTORICAL,NONE,historical lab context (instrument_sidecar),NONE — no active claim consumer; preserved at archive/exploratory/data/lab/raw/microscopy/leica/2026-07-30/Leica_2026-07-30 double2.jpeg.metadata,EXCLUDED BY LAB ROLE MANIFEST,ARCHIVE-VALID,archive/exploratory/data/lab/raw/microscopy/leica/2026-07-30/Leica_2026-07-30 double2.jpeg.metadata,Lab role `instrument_sidecar` is outside the paper's in-house evidence path: Leica capture metadata for the paired JPEG.
data/lab/raw/microscopy/leica/2026-07-30/Leica_2026-07-30 ecT75.jpeg,jpeg,547b64115d88be576cae076a24feeda960d677f0,547b64115d88be576cae076a24feeda960d677f0,LAB_AND_PUBLISHED_DATA,Historical wet-lab context,HISTORICAL,NONE,historical lab context (assay_dev),NONE — no active claim consumer; preserved at archive/exploratory/data/lab/raw/microscopy/leica/2026-07-30/Leica_2026-07-30 ecT75.jpeg,EXCLUDED BY LAB ROLE MANIFEST,ARCHIVE-VALID,archive/exploratory/data/lab/raw/microscopy/leica/2026-07-30/Leica_2026-07-30 ecT75.jpeg,"Lab role `assay_dev` is outside the paper's in-house evidence path: Culture-vessel / media morphology. Protocol development, not ECM BO."
data/lab/raw/microscopy/leica/2026-07-30/Leica_2026-07-30 ecT75.jpeg.metadata,metadata,547b64115d88be576cae076a24feeda960d677f0,547b64115d88be576cae076a24feeda960d677f0,LAB_AND_PUBLISHED_DATA,Historical wet-lab context,HISTORICAL,NONE,historical lab context (instrument_sidecar),NONE — no active claim consumer; preserved at archive/exploratory/data/lab/raw/microscopy/leica/2026-07-30/Leica_2026-07-30 ecT75.jpeg.metadata,EXCLUDED BY LAB ROLE MANIFEST,ARCHIVE-VALID,archive/exploratory/data/lab/raw/microscopy/leica/2026-07-30/Leica_2026-07-30 ecT75.jpeg.metadata,Lab role `instrument_sidecar` is outside the paper's in-house evidence path: Leica capture metadata for the paired JPEG.
data/lab/raw/microscopy/leica/2026-07-30/Leica_2026-07-30 ect75-2.jpeg,jpeg,547b64115d88be576cae076a24feeda960d677f0,547b64115d88be576cae076a24feeda960d677f0,LAB_AND_PUBLISHED_DATA,Historical wet-lab context,HISTORICAL,NONE,historical lab context (assay_dev),NONE — no active claim consumer; preserved at archive/exploratory/data/lab/raw/microscopy/leica/2026-07-30/Leica_2026-07-30 ect75-2.jpeg,EXCLUDED BY LAB ROLE MANIFEST,ARCHIVE-VALID,archive/exploratory/data/lab/raw/microscopy/leica/2026-07-30/Leica_2026-07-30 ect75-2.jpeg,"Lab role `assay_dev` is outside the paper's in-house evidence path: Culture-vessel / media morphology. Protocol development, not ECM BO."
data/lab/raw/microscopy/leica/2026-07-30/Leica_2026-07-30 ect75-2.jpeg.metadata,metadata,547b64115d88be576cae076a24feeda960d677f0,547b64115d88be576cae076a24feeda960d677f0,LAB_AND_PUBLISHED_DATA,Historical wet-lab context,HISTORICAL,NONE,historical lab context (instrument_sidecar),NONE — no active claim consumer; preserved at archive/exploratory/data/lab/raw/microscopy/leica/2026-07-30/Leica_2026-07-30 ect75-2.jpeg.metadata,EXCLUDED BY LAB ROLE MANIFEST,ARCHIVE-VALID,archive/exploratory/data/lab/raw/microscopy/leica/2026-07-30/Leica_2026-07-30 ect75-2.jpeg.metadata,Lab role `instrument_sidecar` is outside the paper's in-house evidence path: Leica capture metadata for the paired JPEG.
data/lab/raw/microscopy/leica/2026-07-30/Leica_2026-07-30 n2b27.jpeg,jpeg,547b64115d88be576cae076a24feeda960d677f0,547b64115d88be576cae076a24feeda960d677f0,LAB_AND_PUBLISHED_DATA,Historical wet-lab context,HISTORICAL,NONE,historical lab context (assay_dev),NONE — no active claim consumer; preserved at archive/exploratory/data/lab/raw/microscopy/leica/2026-07-30/Leica_2026-07-30 n2b27.jpeg,EXCLUDED BY LAB ROLE MANIFEST,ARCHIVE-VALID,archive/exploratory/data/lab/raw/microscopy/leica/2026-07-30/Leica_2026-07-30 n2b27.jpeg,"Lab role `assay_dev` is outside the paper's in-house evidence path: Culture-vessel / media morphology. Protocol development, not ECM BO."
data/lab/raw/microscopy/leica/2026-07-30/Leica_2026-07-30 n2b27.jpeg.metadata,metadata,547b64115d88be576cae076a24feeda960d677f0,547b64115d88be576cae076a24feeda960d677f0,LAB_AND_PUBLISHED_DATA,Historical wet-lab context,HISTORICAL,NONE,historical lab context (instrument_sidecar),NONE — no active claim consumer; preserved at archive/exploratory/data/lab/raw/microscopy/leica/2026-07-30/Leica_2026-07-30 n2b27.jpeg.metadata,EXCLUDED BY LAB ROLE MANIFEST,ARCHIVE-VALID,archive/exploratory/data/lab/raw/microscopy/leica/2026-07-30/Leica_2026-07-30 n2b27.jpeg.metadata,Lab role `instrument_sidecar` is outside the paper's in-house evidence path: Leica capture metadata for the paired JPEG.
data/lab/raw/microscopy/leica/2026-07-31/Leica_2026-07-31 1-1cd.jpeg,jpeg,547b64115d88be576cae076a24feeda960d677f0,547b64115d88be576cae076a24feeda960d677f0,LAB_AND_PUBLISHED_DATA,Historical wet-lab context,HISTORICAL,NONE,historical lab context (blocked_needs_keymap),NONE — no active claim consumer; preserved at archive/exploratory/data/lab/raw/microscopy/leica/2026-07-31/Leica_2026-07-31 1-1cd.jpeg,EXCLUDED BY LAB ROLE MANIFEST,ARCHIVE-VALID,archive/exploratory/data/lab/raw/microscopy/leica/2026-07-31/Leica_2026-07-31 1-1cd.jpeg,Lab role `blocked_needs_keymap` is outside the paper's in-house evidence path: Unlabeled or well-only morphology. Cannot enter the optimizer.
data/lab/raw/microscopy/leica/2026-07-31/Leica_2026-07-31 1-1cd.jpeg.metadata,metadata,547b64115d88be576cae076a24feeda960d677f0,547b64115d88be576cae076a24feeda960d677f0,LAB_AND_PUBLISHED_DATA,Historical wet-lab context,HISTORICAL,NONE,historical lab context (instrument_sidecar),NONE — no active claim consumer; preserved at archive/exploratory/data/lab/raw/microscopy/leica/2026-07-31/Leica_2026-07-31 1-1cd.jpeg.metadata,EXCLUDED BY LAB ROLE MANIFEST,ARCHIVE-VALID,archive/exploratory/data/lab/raw/microscopy/leica/2026-07-31/Leica_2026-07-31 1-1cd.jpeg.metadata,Lab role `instrument_sidecar` is outside the paper's in-house evidence path: Leica capture metadata for the paired JPEG.
data/lab/raw/microscopy/leica/2026-07-31/Leica_2026-07-31 1-2 cd2.jpeg,jpeg,547b64115d88be576cae076a24feeda960d677f0,547b64115d88be576cae076a24feeda960d677f0,LAB_AND_PUBLISHED_DATA,Historical wet-lab context,HISTORICAL,NONE,historical lab context (blocked_needs_keymap),NONE — no active claim consumer; preserved at archive/exploratory/data/lab/raw/microscopy/leica/2026-07-31/Leica_2026-07-31 1-2 cd2.jpeg,EXCLUDED BY LAB ROLE MANIFEST,ARCHIVE-VALID,archive/exploratory/data/lab/raw/microscopy/leica/2026-07-31/Leica_2026-07-31 1-2 cd2.jpeg,Lab role `blocked_needs_keymap` is outside the paper's in-house evidence path: Unlabeled or well-only morphology. Cannot enter the optimizer.
data/lab/raw/microscopy/leica/2026-07-31/Leica_2026-07-31 1-2 cd2.jpeg.metadata,metadata,547b64115d88be576cae076a24feeda960d677f0,547b64115d88be576cae076a24feeda960d677f0,LAB_AND_PUBLISHED_DATA,Historical wet-lab context,HISTORICAL,NONE,historical lab context (instrument_sidecar),NONE — no active claim consumer; preserved at archive/exploratory/data/lab/raw/microscopy/leica/2026-07-31/Leica_2026-07-31 1-2 cd2.jpeg.metadata,EXCLUDED BY LAB ROLE MANIFEST,ARCHIVE-VALID,archive/exploratory/data/lab/raw/microscopy/leica/2026-07-31/Leica_2026-07-31 1-2 cd2.jpeg.metadata,Lab role `instrument_sidecar` is outside the paper's in-house evidence path: Leica capture metadata for the paired JPEG.
data/lab/raw/microscopy/leica/2026-07-31/Leica_2026-07-31 2-1 cd.jpeg,jpeg,547b64115d88be576cae076a24feeda960d677f0,547b64115d88be576cae076a24feeda960d677f0,LAB_AND_PUBLISHED_DATA,Historical wet-lab context,HISTORICAL,NONE,historical lab context (blocked_needs_keymap),NONE — no active claim consumer; preserved at archive/exploratory/data/lab/raw/microscopy/leica/2026-07-31/Leica_2026-07-31 2-1 cd.jpeg,EXCLUDED BY LAB ROLE MANIFEST,ARCHIVE-VALID,archive/exploratory/data/lab/raw/microscopy/leica/2026-07-31/Leica_2026-07-31 2-1 cd.jpeg,Lab role `blocked_needs_keymap` is outside the paper's in-house evidence path: Unlabeled or well-only morphology. Cannot enter the optimizer.
data/lab/raw/microscopy/leica/2026-07-31/Leica_2026-07-31 2-1 cd.jpeg.metadata,metadata,547b64115d88be576cae076a24feeda960d677f0,547b64115d88be576cae076a24feeda960d677f0,LAB_AND_PUBLISHED_DATA,Historical wet-lab context,HISTORICAL,NONE,historical lab context (instrument_sidecar),NONE — no active claim consumer; preserved at archive/exploratory/data/lab/raw/microscopy/leica/2026-07-31/Leica_2026-07-31 2-1 cd.jpeg.metadata,EXCLUDED BY LAB ROLE MANIFEST,ARCHIVE-VALID,archive/exploratory/data/lab/raw/microscopy/leica/2026-07-31/Leica_2026-07-31 2-1 cd.jpeg.metadata,Lab role `instrument_sidecar` is outside the paper's in-house evidence path: Leica capture metadata for the paired JPEG.
data/lab/raw/microscopy/leica/2026-07-31/Leica_2026-07-31 2-2cd2.jpeg,jpeg,547b64115d88be576cae076a24feeda960d677f0,547b64115d88be576cae076a24feeda960d677f0,LAB_AND_PUBLISHED_DATA,Historical wet-lab context,HISTORICAL,NONE,historical lab context (blocked_needs_keymap),NONE — no active claim consumer; preserved at archive/exploratory/data/lab/raw/microscopy/leica/2026-07-31/Leica_2026-07-31 2-2cd2.jpeg,EXCLUDED BY LAB ROLE MANIFEST,ARCHIVE-VALID,archive/exploratory/data/lab/raw/microscopy/leica/2026-07-31/Leica_2026-07-31 2-2cd2.jpeg,Lab role `blocked_needs_keymap` is outside the paper's in-house evidence path: Unlabeled or well-only morphology. Cannot enter the optimizer.
data/lab/raw/microscopy/leica/2026-07-31/Leica_2026-07-31 2-2cd2.jpeg.metadata,metadata,547b64115d88be576cae076a24feeda960d677f0,547b64115d88be576cae076a24feeda960d677f0,LAB_AND_PUBLISHED_DATA,Historical wet-lab context,HISTORICAL,NONE,historical lab context (instrument_sidecar),NONE — no active claim consumer; preserved at archive/exploratory/data/lab/raw/microscopy/leica/2026-07-31/Leica_2026-07-31 2-2cd2.jpeg.metadata,EXCLUDED BY LAB ROLE MANIFEST,ARCHIVE-VALID,archive/exploratory/data/lab/raw/microscopy/leica/2026-07-31/Leica_2026-07-31 2-2cd2.jpeg.metadata,Lab role `instrument_sidecar` is outside the paper's in-house evidence path: Leica capture metadata for the paired JPEG.
data/lab/raw/microscopy/leica/2026-07-31/Leica_2026-07-31 3-1.jpeg,jpeg,547b64115d88be576cae076a24feeda960d677f0,547b64115d88be576cae076a24feeda960d677f0,LAB_AND_PUBLISHED_DATA,Historical wet-lab context,HISTORICAL,NONE,historical lab context (blocked_needs_keymap),NONE — no active claim consumer; preserved at archive/exploratory/data/lab/raw/microscopy/leica/2026-07-31/Leica_2026-07-31 3-1.jpeg,EXCLUDED BY LAB ROLE MANIFEST,ARCHIVE-VALID,archive/exploratory/data/lab/raw/microscopy/leica/2026-07-31/Leica_2026-07-31 3-1.jpeg,Lab role `blocked_needs_keymap` is outside the paper's in-house evidence path: Unlabeled or well-only morphology. Cannot enter the optimizer.
data/lab/raw/microscopy/leica/2026-07-31/Leica_2026-07-31 3-1.jpeg.metadata,metadata,547b64115d88be576cae076a24feeda960d677f0,547b64115d88be576cae076a24feeda960d677f0,LAB_AND_PUBLISHED_DATA,Historical wet-lab context,HISTORICAL,NONE,historical lab context (instrument_sidecar),NONE — no active claim consumer; preserved at archive/exploratory/data/lab/raw/microscopy/leica/2026-07-31/Leica_2026-07-31 3-1.jpeg.metadata,EXCLUDED BY LAB ROLE MANIFEST,ARCHIVE-VALID,archive/exploratory/data/lab/raw/microscopy/leica/2026-07-31/Leica_2026-07-31 3-1.jpeg.metadata,Lab role `instrument_sidecar` is outside the paper's in-house evidence path: Leica capture metadata for the paired JPEG.
data/lab/raw/microscopy/leica/2026-07-31/Leica_2026-07-31 3-2.jpeg,jpeg,547b64115d88be576cae076a24feeda960d677f0,547b64115d88be576cae076a24feeda960d677f0,LAB_AND_PUBLISHED_DATA,Historical wet-lab context,HISTORICAL,NONE,historical lab context (blocked_needs_keymap),NONE — no active claim consumer; preserved at archive/exploratory/data/lab/raw/microscopy/leica/2026-07-31/Leica_2026-07-31 3-2.jpeg,EXCLUDED BY LAB ROLE MANIFEST,ARCHIVE-VALID,archive/exploratory/data/lab/raw/microscopy/leica/2026-07-31/Leica_2026-07-31 3-2.jpeg,Lab role `blocked_needs_keymap` is outside the paper's in-house evidence path: Unlabeled or well-only morphology. Cannot enter the optimizer.
data/lab/raw/microscopy/leica/2026-07-31/Leica_2026-07-31 3-2.jpeg.metadata,metadata,547b64115d88be576cae076a24feeda960d677f0,547b64115d88be576cae076a24feeda960d677f0,LAB_AND_PUBLISHED_DATA,Historical wet-lab context,HISTORICAL,NONE,historical lab context (instrument_sidecar),NONE — no active claim consumer; preserved at archive/exploratory/data/lab/raw/microscopy/leica/2026-07-31/Leica_2026-07-31 3-2.jpeg.metadata,EXCLUDED BY LAB ROLE MANIFEST,ARCHIVE-VALID,archive/exploratory/data/lab/raw/microscopy/leica/2026-07-31/Leica_2026-07-31 3-2.jpeg.metadata,Lab role `instrument_sidecar` is outside the paper's in-house evidence path: Leica capture metadata for the paired JPEG.
data/lab/raw/microscopy/leica/2026-07-31/Leica_2026-07-31 3-3.jpeg,jpeg,547b64115d88be576cae076a24feeda960d677f0,547b64115d88be576cae076a24feeda960d677f0,LAB_AND_PUBLISHED_DATA,Historical wet-lab context,HISTORICAL,NONE,historical lab context (blocked_needs_keymap),NONE — no active claim consumer; preserved at archive/exploratory/data/lab/raw/microscopy/leica/2026-07-31/Leica_2026-07-31 3-3.jpeg,EXCLUDED BY LAB ROLE MANIFEST,ARCHIVE-VALID,archive/exploratory/data/lab/raw/microscopy/leica/2026-07-31/Leica_2026-07-31 3-3.jpeg,Lab role `blocked_needs_keymap` is outside the paper's in-house evidence path: Unlabeled or well-only morphology. Cannot enter the optimizer.
data/lab/raw/microscopy/leica/2026-07-31/Leica_2026-07-31 3-3.jpeg.metadata,metadata,547b64115d88be576cae076a24feeda960d677f0,547b64115d88be576cae076a24feeda960d677f0,LAB_AND_PUBLISHED_DATA,Historical wet-lab context,HISTORICAL,NONE,historical lab context (instrument_sidecar),NONE — no active claim consumer; preserved at archive/exploratory/data/lab/raw/microscopy/leica/2026-07-31/Leica_2026-07-31 3-3.jpeg.metadata,EXCLUDED BY LAB ROLE MANIFEST,ARCHIVE-VALID,archive/exploratory/data/lab/raw/microscopy/leica/2026-07-31/Leica_2026-07-31 3-3.jpeg.metadata,Lab role `instrument_sidecar` is outside the paper's in-house evidence path: Leica capture metadata for the paired JPEG.
data/lab/raw/microscopy/leica/2026-07-31/Leica_2026-07-31 3-4.jpeg,jpeg,547b64115d88be576cae076a24feeda960d677f0,547b64115d88be576cae076a24feeda960d677f0,LAB_AND_PUBLISHED_DATA,Historical wet-lab context,HISTORICAL,NONE,historical lab context (blocked_needs_keymap),NONE — no active claim consumer; preserved at archive/exploratory/data/lab/raw/microscopy/leica/2026-07-31/Leica_2026-07-31 3-4.jpeg,EXCLUDED BY LAB ROLE MANIFEST,ARCHIVE-VALID,archive/exploratory/data/lab/raw/microscopy/leica/2026-07-31/Leica_2026-07-31 3-4.jpeg,Lab role `blocked_needs_keymap` is outside the paper's in-house evidence path: Unlabeled or well-only morphology. Cannot enter the optimizer.
data/lab/raw/microscopy/leica/2026-07-31/Leica_2026-07-31 3-4.jpeg.metadata,metadata,547b64115d88be576cae076a24feeda960d677f0,547b64115d88be576cae076a24feeda960d677f0,LAB_AND_PUBLISHED_DATA,Historical wet-lab context,HISTORICAL,NONE,historical lab context (instrument_sidecar),NONE — no active claim consumer; preserved at archive/exploratory/data/lab/raw/microscopy/leica/2026-07-31/Leica_2026-07-31 3-4.jpeg.metadata,EXCLUDED BY LAB ROLE MANIFEST,ARCHIVE-VALID,archive/exploratory/data/lab/raw/microscopy/leica/2026-07-31/Leica_2026-07-31 3-4.jpeg.metadata,Lab role `instrument_sidecar` is outside the paper's in-house evidence path: Leica capture metadata for the paired JPEG.
data/lab/raw/microscopy/leica/2026-07-31/Leica_2026-07-31 3-5.jpeg,jpeg,547b64115d88be576cae076a24feeda960d677f0,547b64115d88be576cae076a24feeda960d677f0,LAB_AND_PUBLISHED_DATA,Historical wet-lab context,HISTORICAL,NONE,historical lab context (blocked_needs_keymap),NONE — no active claim consumer; preserved at archive/exploratory/data/lab/raw/microscopy/leica/2026-07-31/Leica_2026-07-31 3-5.jpeg,EXCLUDED BY LAB ROLE MANIFEST,ARCHIVE-VALID,archive/exploratory/data/lab/raw/microscopy/leica/2026-07-31/Leica_2026-07-31 3-5.jpeg,Lab role `blocked_needs_keymap` is outside the paper's in-house evidence path: Unlabeled or well-only morphology. Cannot enter the optimizer.
data/lab/raw/microscopy/leica/2026-07-31/Leica_2026-07-31 3-5.jpeg.metadata,metadata,547b64115d88be576cae076a24feeda960d677f0,547b64115d88be576cae076a24feeda960d677f0,LAB_AND_PUBLISHED_DATA,Historical wet-lab context,HISTORICAL,NONE,historical lab context (instrument_sidecar),NONE — no active claim consumer; preserved at archive/exploratory/data/lab/raw/microscopy/leica/2026-07-31/Leica_2026-07-31 3-5.jpeg.metadata,EXCLUDED BY LAB ROLE MANIFEST,ARCHIVE-VALID,archive/exploratory/data/lab/raw/microscopy/leica/2026-07-31/Leica_2026-07-31 3-5.jpeg.metadata,Lab role `instrument_sidecar` is outside the paper's in-house evidence path: Leica capture metadata for the paired JPEG.
data/lab/raw/microscopy/leica/2026-08-01/Leica_2026-08-01 2-3-1.jpeg,jpeg,547b64115d88be576cae076a24feeda960d677f0,547b64115d88be576cae076a24feeda960d677f0,LAB_AND_PUBLISHED_DATA,Historical wet-lab context,HISTORICAL,NONE,historical lab context (blocked_needs_keymap),NONE — no active claim consumer; preserved at archive/exploratory/data/lab/raw/microscopy/leica/2026-08-01/Leica_2026-08-01 2-3-1.jpeg,EXCLUDED BY LAB ROLE MANIFEST,ARCHIVE-VALID,archive/exploratory/data/lab/raw/microscopy/leica/2026-08-01/Leica_2026-08-01 2-3-1.jpeg,Lab role `blocked_needs_keymap` is outside the paper's in-house evidence path: Unlabeled or well-only morphology. Cannot enter the optimizer.
data/lab/raw/microscopy/leica/2026-08-01/Leica_2026-08-01 2-3-1.jpeg.metadata,metadata,547b64115d88be576cae076a24feeda960d677f0,547b64115d88be576cae076a24feeda960d677f0,LAB_AND_PUBLISHED_DATA,Historical wet-lab context,HISTORICAL,NONE,historical lab context (instrument_sidecar),NONE — no active claim consumer; preserved at archive/exploratory/data/lab/raw/microscopy/leica/2026-08-01/Leica_2026-08-01 2-3-1.jpeg.metadata,EXCLUDED BY LAB ROLE MANIFEST,ARCHIVE-VALID,archive/exploratory/data/lab/raw/microscopy/leica/2026-08-01/Leica_2026-08-01 2-3-1.jpeg.metadata,Lab role `instrument_sidecar` is outside the paper's in-house evidence path: Leica capture metadata for the paired JPEG.
data/lab/raw/microscopy/leica/2026-08-01/Leica_2026-08-01 2-3-1double.jpeg,jpeg,547b64115d88be576cae076a24feeda960d677f0,547b64115d88be576cae076a24feeda960d677f0,LAB_AND_PUBLISHED_DATA,Historical wet-lab context,HISTORICAL,NONE,historical lab context (blocked_needs_keymap),NONE — no active claim consumer; preserved at archive/exploratory/data/lab/raw/microscopy/leica/2026-08-01/Leica_2026-08-01 2-3-1double.jpeg,EXCLUDED BY LAB ROLE MANIFEST,ARCHIVE-VALID,archive/exploratory/data/lab/raw/microscopy/leica/2026-08-01/Leica_2026-08-01 2-3-1double.jpeg,Lab role `blocked_needs_keymap` is outside the paper's in-house evidence path: Unlabeled or well-only morphology. Cannot enter the optimizer.
data/lab/raw/microscopy/leica/2026-08-01/Leica_2026-08-01 2-3-1double.jpeg.metadata,metadata,547b64115d88be576cae076a24feeda960d677f0,547b64115d88be576cae076a24feeda960d677f0,LAB_AND_PUBLISHED_DATA,Historical wet-lab context,HISTORICAL,NONE,historical lab context (instrument_sidecar),NONE — no active claim consumer; preserved at archive/exploratory/data/lab/raw/microscopy/leica/2026-08-01/Leica_2026-08-01 2-3-1double.jpeg.metadata,EXCLUDED BY LAB ROLE MANIFEST,ARCHIVE-VALID,archive/exploratory/data/lab/raw/microscopy/leica/2026-08-01/Leica_2026-08-01 2-3-1double.jpeg.metadata,Lab role `instrument_sidecar` is outside the paper's in-house evidence path: Leica capture metadata for the paired JPEG.
data/lab/raw/microscopy/leica/2026-08-01/Leica_2026-08-01 2-3-2.jpeg,jpeg,547b64115d88be576cae076a24feeda960d677f0,547b64115d88be576cae076a24feeda960d677f0,LAB_AND_PUBLISHED_DATA,Historical wet-lab context,HISTORICAL,NONE,historical lab context (blocked_needs_keymap),NONE — no active claim consumer; preserved at archive/exploratory/data/lab/raw/microscopy/leica/2026-08-01/Leica_2026-08-01 2-3-2.jpeg,EXCLUDED BY LAB ROLE MANIFEST,ARCHIVE-VALID,archive/exploratory/data/lab/raw/microscopy/leica/2026-08-01/Leica_2026-08-01 2-3-2.jpeg,Lab role `blocked_needs_keymap` is outside the paper's in-house evidence path: Unlabeled or well-only morphology. Cannot enter the optimizer.
data/lab/raw/microscopy/leica/2026-08-01/Leica_2026-08-01 2-3-2.jpeg.metadata,metadata,547b64115d88be576cae076a24feeda960d677f0,547b64115d88be576cae076a24feeda960d677f0,LAB_AND_PUBLISHED_DATA,Historical wet-lab context,HISTORICAL,NONE,historical lab context (instrument_sidecar),NONE — no active claim consumer; preserved at archive/exploratory/data/lab/raw/microscopy/leica/2026-08-01/Leica_2026-08-01 2-3-2.jpeg.metadata,EXCLUDED BY LAB ROLE MANIFEST,ARCHIVE-VALID,archive/exploratory/data/lab/raw/microscopy/leica/2026-08-01/Leica_2026-08-01 2-3-2.jpeg.metadata,Lab role `instrument_sidecar` is outside the paper's in-house evidence path: Leica capture metadata for the paired JPEG.
data/lab/raw/microscopy/leica/2026-08-01/Leica_2026-08-01 2-3-2double.jpeg,jpeg,547b64115d88be576cae076a24feeda960d677f0,547b64115d88be576cae076a24feeda960d677f0,LAB_AND_PUBLISHED_DATA,Historical wet-lab context,HISTORICAL,NONE,historical lab context (blocked_needs_keymap),NONE — no active claim consumer; preserved at archive/exploratory/data/lab/raw/microscopy/leica/2026-08-01/Leica_2026-08-01 2-3-2double.jpeg,EXCLUDED BY LAB ROLE MANIFEST,ARCHIVE-VALID,archive/exploratory/data/lab/raw/microscopy/leica/2026-08-01/Leica_2026-08-01 2-3-2double.jpeg,Lab role `blocked_needs_keymap` is outside the paper's in-house evidence path: Unlabeled or well-only morphology. Cannot enter the optimizer.
data/lab/raw/microscopy/leica/2026-08-01/Leica_2026-08-01 2-3-2double.jpeg.metadata,metadata,547b64115d88be576cae076a24feeda960d677f0,547b64115d88be576cae076a24feeda960d677f0,LAB_AND_PUBLISHED_DATA,Historical wet-lab context,HISTORICAL,NONE,historical lab context (instrument_sidecar),NONE — no active claim consumer; preserved at archive/exploratory/data/lab/raw/microscopy/leica/2026-08-01/Leica_2026-08-01 2-3-2double.jpeg.metadata,EXCLUDED BY LAB ROLE MANIFEST,ARCHIVE-VALID,archive/exploratory/data/lab/raw/microscopy/leica/2026-08-01/Leica_2026-08-01 2-3-2double.jpeg.metadata,Lab role `instrument_sidecar` is outside the paper's in-house evidence path: Leica capture metadata for the paired JPEG.
data/lab/raw/microscopy/leica/2026-08-01/Leica_2026-08-01 3-1.jpeg,jpeg,547b64115d88be576cae076a24feeda960d677f0,547b64115d88be576cae076a24feeda960d677f0,LAB_AND_PUBLISHED_DATA,Historical wet-lab context,HISTORICAL,NONE,historical lab context (blocked_needs_keymap),NONE — no active claim consumer; preserved at archive/exploratory/data/lab/raw/microscopy/leica/2026-08-01/Leica_2026-08-01 3-1.jpeg,EXCLUDED BY LAB ROLE MANIFEST,ARCHIVE-VALID,archive/exploratory/data/lab/raw/microscopy/leica/2026-08-01/Leica_2026-08-01 3-1.jpeg,Lab role `blocked_needs_keymap` is outside the paper's in-house evidence path: Unlabeled or well-only morphology. Cannot enter the optimizer.
data/lab/raw/microscopy/leica/2026-08-01/Leica_2026-08-01 3-1.jpeg.metadata,metadata,547b64115d88be576cae076a24feeda960d677f0,547b64115d88be576cae076a24feeda960d677f0,LAB_AND_PUBLISHED_DATA,Historical wet-lab context,HISTORICAL,NONE,historical lab context (instrument_sidecar),NONE — no active claim consumer; preserved at archive/exploratory/data/lab/raw/microscopy/leica/2026-08-01/Leica_2026-08-01 3-1.jpeg.metadata,EXCLUDED BY LAB ROLE MANIFEST,ARCHIVE-VALID,archive/exploratory/data/lab/raw/microscopy/leica/2026-08-01/Leica_2026-08-01 3-1.jpeg.metadata,Lab role `instrument_sidecar` is outside the paper's in-house evidence path: Leica capture metadata for the paired JPEG.
data/lab/raw/microscopy/leica/2026-08-01/Leica_2026-08-01 3-2.jpeg,jpeg,547b64115d88be576cae076a24feeda960d677f0,547b64115d88be576cae076a24feeda960d677f0,LAB_AND_PUBLISHED_DATA,Historical wet-lab context,HISTORICAL,NONE,historical lab context (blocked_needs_keymap),NONE — no active claim consumer; preserved at archive/exploratory/data/lab/raw/microscopy/leica/2026-08-01/Leica_2026-08-01 3-2.jpeg,EXCLUDED BY LAB ROLE MANIFEST,ARCHIVE-VALID,archive/exploratory/data/lab/raw/microscopy/leica/2026-08-01/Leica_2026-08-01 3-2.jpeg,Lab role `blocked_needs_keymap` is outside the paper's in-house evidence path: Unlabeled or well-only morphology. Cannot enter the optimizer.
data/lab/raw/microscopy/leica/2026-08-01/Leica_2026-08-01 3-2.jpeg.metadata,metadata,547b64115d88be576cae076a24feeda960d677f0,547b64115d88be576cae076a24feeda960d677f0,LAB_AND_PUBLISHED_DATA,Historical wet-lab context,HISTORICAL,NONE,historical lab context (instrument_sidecar),NONE — no active claim consumer; preserved at archive/exploratory/data/lab/raw/microscopy/leica/2026-08-01/Leica_2026-08-01 3-2.jpeg.metadata,EXCLUDED BY LAB ROLE MANIFEST,ARCHIVE-VALID,archive/exploratory/data/lab/raw/microscopy/leica/2026-08-01/Leica_2026-08-01 3-2.jpeg.metadata,Lab role `instrument_sidecar` is outside the paper's in-house evidence path: Leica capture metadata for the paired JPEG.
data/lab/raw/microscopy/leica/2026-08-01/Leica_2026-08-01 3-3.jpeg,jpeg,547b64115d88be576cae076a24feeda960d677f0,547b64115d88be576cae076a24feeda960d677f0,LAB_AND_PUBLISHED_DATA,Historical wet-lab context,HISTORICAL,NONE,historical lab context (blocked_needs_keymap),NONE — no active claim consumer; preserved at archive/exploratory/data/lab/raw/microscopy/leica/2026-08-01/Leica_2026-08-01 3-3.jpeg,EXCLUDED BY LAB ROLE MANIFEST,ARCHIVE-VALID,archive/exploratory/data/lab/raw/microscopy/leica/2026-08-01/Leica_2026-08-01 3-3.jpeg,Lab role `blocked_needs_keymap` is outside the paper's in-house evidence path: Unlabeled or well-only morphology. Cannot enter the optimizer.
data/lab/raw/microscopy/leica/2026-08-01/Leica_2026-08-01 3-3.jpeg.metadata,metadata,547b64115d88be576cae076a24feeda960d677f0,547b64115d88be576cae076a24feeda960d677f0,LAB_AND_PUBLISHED_DATA,Historical wet-lab context,HISTORICAL,NONE,historical lab context (instrument_sidecar),NONE — no active claim consumer; preserved at archive/exploratory/data/lab/raw/microscopy/leica/2026-08-01/Leica_2026-08-01 3-3.jpeg.metadata,EXCLUDED BY LAB ROLE MANIFEST,ARCHIVE-VALID,archive/exploratory/data/lab/raw/microscopy/leica/2026-08-01/Leica_2026-08-01 3-3.jpeg.metadata,Lab role `instrument_sidecar` is outside the paper's in-house evidence path: Leica capture metadata for the paired JPEG.
data/lab/raw/microscopy/leica/2026-08-01/Leica_2026-08-01 3-4.jpeg,jpeg,547b64115d88be576cae076a24feeda960d677f0,547b64115d88be576cae076a24feeda960d677f0,LAB_AND_PUBLISHED_DATA,Historical wet-lab context,HISTORICAL,NONE,historical lab context (blocked_needs_keymap),NONE — no active claim consumer; preserved at archive/exploratory/data/lab/raw/microscopy/leica/2026-08-01/Leica_2026-08-01 3-4.jpeg,EXCLUDED BY LAB ROLE MANIFEST,ARCHIVE-VALID,archive/exploratory/data/lab/raw/microscopy/leica/2026-08-01/Leica_2026-08-01 3-4.jpeg,Lab role `blocked_needs_keymap` is outside the paper's in-house evidence path: Unlabeled or well-only morphology. Cannot enter the optimizer.
data/lab/raw/microscopy/leica/2026-08-01/Leica_2026-08-01 3-4.jpeg.metadata,metadata,547b64115d88be576cae076a24feeda960d677f0,547b64115d88be576cae076a24feeda960d677f0,LAB_AND_PUBLISHED_DATA,Historical wet-lab context,HISTORICAL,NONE,historical lab context (instrument_sidecar),NONE — no active claim consumer; preserved at archive/exploratory/data/lab/raw/microscopy/leica/2026-08-01/Leica_2026-08-01 3-4.jpeg.metadata,EXCLUDED BY LAB ROLE MANIFEST,ARCHIVE-VALID,archive/exploratory/data/lab/raw/microscopy/leica/2026-08-01/Leica_2026-08-01 3-4.jpeg.metadata,Lab role `instrument_sidecar` is outside the paper's in-house evidence path: Leica capture metadata for the paired JPEG.
data/lab/raw/microscopy/leica/2026-08-01/Leica_2026-08-01 3-5.jpeg,jpeg,547b64115d88be576cae076a24feeda960d677f0,547b64115d88be576cae076a24feeda960d677f0,LAB_AND_PUBLISHED_DATA,Historical wet-lab context,HISTORICAL,NONE,historical lab context (blocked_needs_keymap),NONE — no active claim consumer; preserved at archive/exploratory/data/lab/raw/microscopy/leica/2026-08-01/Leica_2026-08-01 3-5.jpeg,EXCLUDED BY LAB ROLE MANIFEST,ARCHIVE-VALID,archive/exploratory/data/lab/raw/microscopy/leica/2026-08-01/Leica_2026-08-01 3-5.jpeg,Lab role `blocked_needs_keymap` is outside the paper's in-house evidence path: Unlabeled or well-only morphology. Cannot enter the optimizer.
data/lab/raw/microscopy/leica/2026-08-01/Leica_2026-08-01 3-5.jpeg.metadata,metadata,547b64115d88be576cae076a24feeda960d677f0,547b64115d88be576cae076a24feeda960d677f0,LAB_AND_PUBLISHED_DATA,Historical wet-lab context,HISTORICAL,NONE,historical lab context (instrument_sidecar),NONE — no active claim consumer; preserved at archive/exploratory/data/lab/raw/microscopy/leica/2026-08-01/Leica_2026-08-01 3-5.jpeg.metadata,EXCLUDED BY LAB ROLE MANIFEST,ARCHIVE-VALID,archive/exploratory/data/lab/raw/microscopy/leica/2026-08-01/Leica_2026-08-01 3-5.jpeg.metadata,Lab role `instrument_sidecar` is outside the paper's in-house evidence path: Leica capture metadata for the paired JPEG.
data/lab/raw/microscopy/leica/2026-08-04/Leica_2026-08-04 1%fbs vtn 10.jpeg,jpeg,547b64115d88be576cae076a24feeda960d677f0,547b64115d88be576cae076a24feeda960d677f0,LAB_AND_PUBLISHED_DATA,Historical wet-lab context,HISTORICAL,NONE,historical lab context (assay_dev),NONE — no active claim consumer; preserved at archive/exploratory/data/lab/raw/microscopy/leica/2026-08-04/Leica_2026-08-04 1%fbs vtn 10.jpeg,EXCLUDED BY LAB ROLE MANIFEST,ARCHIVE-VALID,archive/exploratory/data/lab/raw/microscopy/leica/2026-08-04/Leica_2026-08-04 1%fbs vtn 10.jpeg,"Lab role `assay_dev` is outside the paper's in-house evidence path: Morphology of stem/gel/1% FBS/control dishes, not the FN/VTN ug/mL titration."
data/lab/raw/microscopy/leica/2026-08-04/Leica_2026-08-04 1%fbs vtn 10.jpeg.metadata,metadata,547b64115d88be576cae076a24feeda960d677f0,547b64115d88be576cae076a24feeda960d677f0,LAB_AND_PUBLISHED_DATA,Can SPADE make defensible claims on real iPSC-EC data?,SUPPORT,S2;S3,real-cell input (instrument_sidecar),Claims S2/S3; source or provenance for candidate_campaign_coating_flow.csv,NONE IDENTIFIED,SUPPORT,research/data/lab/raw/microscopy/leica/2026-08-04/Leica_2026-08-04 1%fbs vtn 10.jpeg.metadata,Lab role `instrument_sidecar` supports the in-house iPSC-EC evidence: Leica capture metadata for the paired JPEG.
data/lab/raw/microscopy/leica/2026-08-04/Leica_2026-08-04 1%fbs vtn 2-5 t75.jpeg,jpeg,547b64115d88be576cae076a24feeda960d677f0,547b64115d88be576cae076a24feeda960d677f0,LAB_AND_PUBLISHED_DATA,Historical wet-lab context,HISTORICAL,NONE,historical lab context (assay_dev),NONE — no active claim consumer; preserved at archive/exploratory/data/lab/raw/microscopy/leica/2026-08-04/Leica_2026-08-04 1%fbs vtn 2-5 t75.jpeg,EXCLUDED BY LAB ROLE MANIFEST,ARCHIVE-VALID,archive/exploratory/data/lab/raw/microscopy/leica/2026-08-04/Leica_2026-08-04 1%fbs vtn 2-5 t75.jpeg,"Lab role `assay_dev` is outside the paper's in-house evidence path: Morphology of stem/gel/1% FBS/control dishes, not the FN/VTN ug/mL titration."
data/lab/raw/microscopy/leica/2026-08-04/Leica_2026-08-04 1%fbs vtn 2-5 t75.jpeg.metadata,metadata,547b64115d88be576cae076a24feeda960d677f0,547b64115d88be576cae076a24feeda960d677f0,LAB_AND_PUBLISHED_DATA,Can SPADE make defensible claims on real iPSC-EC data?,SUPPORT,S2;S3,real-cell input (instrument_sidecar),Claims S2/S3; source or provenance for candidate_campaign_coating_flow.csv,NONE IDENTIFIED,SUPPORT,research/data/lab/raw/microscopy/leica/2026-08-04/Leica_2026-08-04 1%fbs vtn 2-5 t75.jpeg.metadata,Lab role `instrument_sidecar` supports the in-house iPSC-EC evidence: Leica capture metadata for the paired JPEG.
data/lab/raw/microscopy/leica/2026-08-04/Leica_2026-08-04 1%fbs vtn 5.jpeg,jpeg,547b64115d88be576cae076a24feeda960d677f0,547b64115d88be576cae076a24feeda960d677f0,LAB_AND_PUBLISHED_DATA,Historical wet-lab context,HISTORICAL,NONE,historical lab context (assay_dev),NONE — no active claim consumer; preserved at archive/exploratory/data/lab/raw/microscopy/leica/2026-08-04/Leica_2026-08-04 1%fbs vtn 5.jpeg,EXCLUDED BY LAB ROLE MANIFEST,ARCHIVE-VALID,archive/exploratory/data/lab/raw/microscopy/leica/2026-08-04/Leica_2026-08-04 1%fbs vtn 5.jpeg,"Lab role `assay_dev` is outside the paper's in-house evidence path: Morphology of stem/gel/1% FBS/control dishes, not the FN/VTN ug/mL titration."
data/lab/raw/microscopy/leica/2026-08-04/Leica_2026-08-04 1%fbs vtn 5.jpeg.metadata,metadata,547b64115d88be576cae076a24feeda960d677f0,547b64115d88be576cae076a24feeda960d677f0,LAB_AND_PUBLISHED_DATA,Can SPADE make defensible claims on real iPSC-EC data?,SUPPORT,S2;S3,real-cell input (instrument_sidecar),Claims S2/S3; source or provenance for candidate_campaign_coating_flow.csv,NONE IDENTIFIED,SUPPORT,research/data/lab/raw/microscopy/leica/2026-08-04/Leica_2026-08-04 1%fbs vtn 5.jpeg.metadata,Lab role `instrument_sidecar` supports the in-house iPSC-EC evidence: Leica capture metadata for the paired JPEG.
data/lab/raw/microscopy/leica/2026-08-04/Leica_2026-08-04 Fib 10%.jpeg,jpeg,547b64115d88be576cae076a24feeda960d677f0,547b64115d88be576cae076a24feeda960d677f0,LAB_AND_PUBLISHED_DATA,Can SPADE make defensible claims on real iPSC-EC data?,SUPPORT,S2;S3,real-cell input (bo_morphology_matched),Claims S2/S3; source or provenance for candidate_campaign_coating_flow.csv,NONE IDENTIFIED,SUPPORT,research/data/lab/raw/microscopy/leica/2026-08-04/Leica_2026-08-04 Fib 10%.jpeg,Lab role `bo_morphology_matched` supports the in-house iPSC-EC evidence: Leica morphology of the fibronectin titration. QC only — not a CD31 y unless scored.
data/lab/raw/microscopy/leica/2026-08-04/Leica_2026-08-04 Fib 10%.jpeg.metadata,metadata,547b64115d88be576cae076a24feeda960d677f0,547b64115d88be576cae076a24feeda960d677f0,LAB_AND_PUBLISHED_DATA,Can SPADE make defensible claims on real iPSC-EC data?,SUPPORT,S2;S3,real-cell input (instrument_sidecar),Claims S2/S3; source or provenance for candidate_campaign_coating_flow.csv,NONE IDENTIFIED,SUPPORT,research/data/lab/raw/microscopy/leica/2026-08-04/Leica_2026-08-04 Fib 10%.jpeg.metadata,Lab role `instrument_sidecar` supports the in-house iPSC-EC evidence: Leica capture metadata for the paired JPEG.
data/lab/raw/microscopy/leica/2026-08-04/Leica_2026-08-04 Fib c+.jpeg,jpeg,547b64115d88be576cae076a24feeda960d677f0,547b64115d88be576cae076a24feeda960d677f0,LAB_AND_PUBLISHED_DATA,Historical wet-lab context,HISTORICAL,NONE,historical lab context (assay_dev),NONE — no active claim consumer; preserved at archive/exploratory/data/lab/raw/microscopy/leica/2026-08-04/Leica_2026-08-04 Fib c+.jpeg,EXCLUDED BY LAB ROLE MANIFEST,ARCHIVE-VALID,archive/exploratory/data/lab/raw/microscopy/leica/2026-08-04/Leica_2026-08-04 Fib c+.jpeg,"Lab role `assay_dev` is outside the paper's in-house evidence path: Morphology of stem/gel/1% FBS/control dishes, not the FN/VTN ug/mL titration."
data/lab/raw/microscopy/leica/2026-08-04/Leica_2026-08-04 Fib c+.jpeg.metadata,metadata,547b64115d88be576cae076a24feeda960d677f0,547b64115d88be576cae076a24feeda960d677f0,LAB_AND_PUBLISHED_DATA,Can SPADE make defensible claims on real iPSC-EC data?,SUPPORT,S2;S3,real-cell input (instrument_sidecar),Claims S2/S3; source or provenance for candidate_campaign_coating_flow.csv,NONE IDENTIFIED,SUPPORT,research/data/lab/raw/microscopy/leica/2026-08-04/Leica_2026-08-04 Fib c+.jpeg.metadata,Lab role `instrument_sidecar` supports the in-house iPSC-EC evidence: Leica capture metadata for the paired JPEG.
data/lab/raw/microscopy/leica/2026-08-04/Leica_2026-08-04 Fib stem.jpeg,jpeg,547b64115d88be576cae076a24feeda960d677f0,547b64115d88be576cae076a24feeda960d677f0,LAB_AND_PUBLISHED_DATA,Historical wet-lab context,HISTORICAL,NONE,historical lab context (assay_dev),NONE — no active claim consumer; preserved at archive/exploratory/data/lab/raw/microscopy/leica/2026-08-04/Leica_2026-08-04 Fib stem.jpeg,EXCLUDED BY LAB ROLE MANIFEST,ARCHIVE-VALID,archive/exploratory/data/lab/raw/microscopy/leica/2026-08-04/Leica_2026-08-04 Fib stem.jpeg,"Lab role `assay_dev` is outside the paper's in-house evidence path: Morphology of stem/gel/1% FBS/control dishes, not the FN/VTN ug/mL titration."
data/lab/raw/microscopy/leica/2026-08-04/Leica_2026-08-04 Fib stem.jpeg.metadata,metadata,547b64115d88be576cae076a24feeda960d677f0,547b64115d88be576cae076a24feeda960d677f0,LAB_AND_PUBLISHED_DATA,Can SPADE make defensible claims on real iPSC-EC data?,SUPPORT,S2;S3,real-cell input (instrument_sidecar),Claims S2/S3; source or provenance for candidate_campaign_coating_flow.csv,NONE IDENTIFIED,SUPPORT,research/data/lab/raw/microscopy/leica/2026-08-04/Leica_2026-08-04 Fib stem.jpeg.metadata,Lab role `instrument_sidecar` supports the in-house iPSC-EC evidence: Leica capture metadata for the paired JPEG.
data/lab/raw/microscopy/leica/2026-08-04/Leica_2026-08-04 fib 0-5.jpeg,jpeg,547b64115d88be576cae076a24feeda960d677f0,547b64115d88be576cae076a24feeda960d677f0,LAB_AND_PUBLISHED_DATA,Can SPADE make defensible claims on real iPSC-EC data?,SUPPORT,S2;S3,real-cell input (bo_morphology_matched),Claims S2/S3; source or provenance for candidate_campaign_coating_flow.csv,NONE IDENTIFIED,SUPPORT,research/data/lab/raw/microscopy/leica/2026-08-04/Leica_2026-08-04 fib 0-5.jpeg,Lab role `bo_morphology_matched` supports the in-house iPSC-EC evidence: Leica morphology of the fibronectin titration. QC only — not a CD31 y unless scored.
data/lab/raw/microscopy/leica/2026-08-04/Leica_2026-08-04 fib 0-5.jpeg.metadata,metadata,547b64115d88be576cae076a24feeda960d677f0,547b64115d88be576cae076a24feeda960d677f0,LAB_AND_PUBLISHED_DATA,Can SPADE make defensible claims on real iPSC-EC data?,SUPPORT,S2;S3,real-cell input (instrument_sidecar),Claims S2/S3; source or provenance for candidate_campaign_coating_flow.csv,NONE IDENTIFIED,SUPPORT,research/data/lab/raw/microscopy/leica/2026-08-04/Leica_2026-08-04 fib 0-5.jpeg.metadata,Lab role `instrument_sidecar` supports the in-house iPSC-EC evidence: Leica capture metadata for the paired JPEG.
data/lab/raw/microscopy/leica/2026-08-04/Leica_2026-08-04 fib 1.jpeg,jpeg,547b64115d88be576cae076a24feeda960d677f0,547b64115d88be576cae076a24feeda960d677f0,LAB_AND_PUBLISHED_DATA,Can SPADE make defensible claims on real iPSC-EC data?,SUPPORT,S2;S3,real-cell input (bo_morphology_matched),Claims S2/S3; source or provenance for candidate_campaign_coating_flow.csv,NONE IDENTIFIED,SUPPORT,research/data/lab/raw/microscopy/leica/2026-08-04/Leica_2026-08-04 fib 1.jpeg,Lab role `bo_morphology_matched` supports the in-house iPSC-EC evidence: Leica morphology of the fibronectin titration. QC only — not a CD31 y unless scored.
data/lab/raw/microscopy/leica/2026-08-04/Leica_2026-08-04 fib 1.jpeg.metadata,metadata,547b64115d88be576cae076a24feeda960d677f0,547b64115d88be576cae076a24feeda960d677f0,LAB_AND_PUBLISHED_DATA,Can SPADE make defensible claims on real iPSC-EC data?,SUPPORT,S2;S3,real-cell input (instrument_sidecar),Claims S2/S3; source or provenance for candidate_campaign_coating_flow.csv,NONE IDENTIFIED,SUPPORT,research/data/lab/raw/microscopy/leica/2026-08-04/Leica_2026-08-04 fib 1.jpeg.metadata,Lab role `instrument_sidecar` supports the in-house iPSC-EC evidence: Leica capture metadata for the paired JPEG.
data/lab/raw/microscopy/leica/2026-08-04/Leica_2026-08-04 fib 2-5.jpeg,jpeg,547b64115d88be576cae076a24feeda960d677f0,547b64115d88be576cae076a24feeda960d677f0,LAB_AND_PUBLISHED_DATA,Can SPADE make defensible claims on real iPSC-EC data?,SUPPORT,S2;S3,real-cell input (bo_morphology_matched),Claims S2/S3; source or provenance for candidate_campaign_coating_flow.csv,NONE IDENTIFIED,SUPPORT,research/data/lab/raw/microscopy/leica/2026-08-04/Leica_2026-08-04 fib 2-5.jpeg,Lab role `bo_morphology_matched` supports the in-house iPSC-EC evidence: Leica morphology of the fibronectin titration. QC only — not a CD31 y unless scored.
data/lab/raw/microscopy/leica/2026-08-04/Leica_2026-08-04 fib 2-5.jpeg.metadata,metadata,547b64115d88be576cae076a24feeda960d677f0,547b64115d88be576cae076a24feeda960d677f0,LAB_AND_PUBLISHED_DATA,Can SPADE make defensible claims on real iPSC-EC data?,SUPPORT,S2;S3,real-cell input (instrument_sidecar),Claims S2/S3; source or provenance for candidate_campaign_coating_flow.csv,NONE IDENTIFIED,SUPPORT,research/data/lab/raw/microscopy/leica/2026-08-04/Leica_2026-08-04 fib 2-5.jpeg.metadata,Lab role `instrument_sidecar` supports the in-house iPSC-EC evidence: Leica capture metadata for the paired JPEG.
data/lab/raw/microscopy/leica/2026-08-04/Leica_2026-08-04 fib10.jpeg,jpeg,547b64115d88be576cae076a24feeda960d677f0,547b64115d88be576cae076a24feeda960d677f0,LAB_AND_PUBLISHED_DATA,Can SPADE make defensible claims on real iPSC-EC data?,SUPPORT,S2;S3,real-cell input (bo_morphology_matched),Claims S2/S3; source or provenance for candidate_campaign_coating_flow.csv,NONE IDENTIFIED,SUPPORT,research/data/lab/raw/microscopy/leica/2026-08-04/Leica_2026-08-04 fib10.jpeg,Lab role `bo_morphology_matched` supports the in-house iPSC-EC evidence: Leica morphology of the fibronectin titration. QC only — not a CD31 y unless scored.
data/lab/raw/microscopy/leica/2026-08-04/Leica_2026-08-04 fib10.jpeg.metadata,metadata,547b64115d88be576cae076a24feeda960d677f0,547b64115d88be576cae076a24feeda960d677f0,LAB_AND_PUBLISHED_DATA,Can SPADE make defensible claims on real iPSC-EC data?,SUPPORT,S2;S3,real-cell input (instrument_sidecar),Claims S2/S3; source or provenance for candidate_campaign_coating_flow.csv,NONE IDENTIFIED,SUPPORT,research/data/lab/raw/microscopy/leica/2026-08-04/Leica_2026-08-04 fib10.jpeg.metadata,Lab role `instrument_sidecar` supports the in-house iPSC-EC evidence: Leica capture metadata for the paired JPEG.
data/lab/raw/microscopy/leica/2026-08-04/Leica_2026-08-04 fib20.jpeg,jpeg,547b64115d88be576cae076a24feeda960d677f0,547b64115d88be576cae076a24feeda960d677f0,LAB_AND_PUBLISHED_DATA,Can SPADE make defensible claims on real iPSC-EC data?,SUPPORT,S2;S3,real-cell input (bo_morphology_matched),Claims S2/S3; source or provenance for candidate_campaign_coating_flow.csv,NONE IDENTIFIED,SUPPORT,research/data/lab/raw/microscopy/leica/2026-08-04/Leica_2026-08-04 fib20.jpeg,Lab role `bo_morphology_matched` supports the in-house iPSC-EC evidence: Leica morphology of the fibronectin titration. QC only — not a CD31 y unless scored.
data/lab/raw/microscopy/leica/2026-08-04/Leica_2026-08-04 fib20.jpeg.metadata,metadata,547b64115d88be576cae076a24feeda960d677f0,547b64115d88be576cae076a24feeda960d677f0,LAB_AND_PUBLISHED_DATA,Can SPADE make defensible claims on real iPSC-EC data?,SUPPORT,S2;S3,real-cell input (instrument_sidecar),Claims S2/S3; source or provenance for candidate_campaign_coating_flow.csv,NONE IDENTIFIED,SUPPORT,research/data/lab/raw/microscopy/leica/2026-08-04/Leica_2026-08-04 fib20.jpeg.metadata,Lab role `instrument_sidecar` supports the in-house iPSC-EC evidence: Leica capture metadata for the paired JPEG.
data/lab/raw/microscopy/leica/2026-08-04/Leica_2026-08-04 fib5.jpeg,jpeg,547b64115d88be576cae076a24feeda960d677f0,547b64115d88be576cae076a24feeda960d677f0,LAB_AND_PUBLISHED_DATA,Can SPADE make defensible claims on real iPSC-EC data?,SUPPORT,S2;S3,real-cell input (bo_morphology_matched),Claims S2/S3; source or provenance for candidate_campaign_coating_flow.csv,NONE IDENTIFIED,SUPPORT,research/data/lab/raw/microscopy/leica/2026-08-04/Leica_2026-08-04 fib5.jpeg,Lab role `bo_morphology_matched` supports the in-house iPSC-EC evidence: Leica morphology of the fibronectin titration. QC only — not a CD31 y unless scored.
data/lab/raw/microscopy/leica/2026-08-04/Leica_2026-08-04 fib5.jpeg.metadata,metadata,547b64115d88be576cae076a24feeda960d677f0,547b64115d88be576cae076a24feeda960d677f0,LAB_AND_PUBLISHED_DATA,Can SPADE make defensible claims on real iPSC-EC data?,SUPPORT,S2;S3,real-cell input (instrument_sidecar),Claims S2/S3; source or provenance for candidate_campaign_coating_flow.csv,NONE IDENTIFIED,SUPPORT,research/data/lab/raw/microscopy/leica/2026-08-04/Leica_2026-08-04 fib5.jpeg.metadata,Lab role `instrument_sidecar` supports the in-house iPSC-EC evidence: Leica capture metadata for the paired JPEG.
data/lab/raw/microscopy/leica/2026-08-04/Leica_2026-08-04 gel 10% t75 p1.jpeg,jpeg,547b64115d88be576cae076a24feeda960d677f0,547b64115d88be576cae076a24feeda960d677f0,LAB_AND_PUBLISHED_DATA,Historical wet-lab context,HISTORICAL,NONE,historical lab context (assay_dev),NONE — no active claim consumer; preserved at archive/exploratory/data/lab/raw/microscopy/leica/2026-08-04/Leica_2026-08-04 gel 10% t75 p1.jpeg,EXCLUDED BY LAB ROLE MANIFEST,ARCHIVE-VALID,archive/exploratory/data/lab/raw/microscopy/leica/2026-08-04/Leica_2026-08-04 gel 10% t75 p1.jpeg,"Lab role `assay_dev` is outside the paper's in-house evidence path: Morphology of stem/gel/1% FBS/control dishes, not the FN/VTN ug/mL titration."
data/lab/raw/microscopy/leica/2026-08-04/Leica_2026-08-04 gel 10% t75 p1.jpeg.metadata,metadata,547b64115d88be576cae076a24feeda960d677f0,547b64115d88be576cae076a24feeda960d677f0,LAB_AND_PUBLISHED_DATA,Can SPADE make defensible claims on real iPSC-EC data?,SUPPORT,S2;S3,real-cell input (instrument_sidecar),Claims S2/S3; source or provenance for candidate_campaign_coating_flow.csv,NONE IDENTIFIED,SUPPORT,research/data/lab/raw/microscopy/leica/2026-08-04/Leica_2026-08-04 gel 10% t75 p1.jpeg.metadata,Lab role `instrument_sidecar` supports the in-house iPSC-EC evidence: Leica capture metadata for the paired JPEG.
data/lab/raw/microscopy/leica/2026-08-04/Leica_2026-08-04 gel m+.jpeg,jpeg,547b64115d88be576cae076a24feeda960d677f0,547b64115d88be576cae076a24feeda960d677f0,LAB_AND_PUBLISHED_DATA,Historical wet-lab context,HISTORICAL,NONE,historical lab context (assay_dev),NONE — no active claim consumer; preserved at archive/exploratory/data/lab/raw/microscopy/leica/2026-08-04/Leica_2026-08-04 gel m+.jpeg,EXCLUDED BY LAB ROLE MANIFEST,ARCHIVE-VALID,archive/exploratory/data/lab/raw/microscopy/leica/2026-08-04/Leica_2026-08-04 gel m+.jpeg,"Lab role `assay_dev` is outside the paper's in-house evidence path: Morphology of stem/gel/1% FBS/control dishes, not the FN/VTN ug/mL titration."
data/lab/raw/microscopy/leica/2026-08-04/Leica_2026-08-04 gel m+.jpeg.metadata,metadata,547b64115d88be576cae076a24feeda960d677f0,547b64115d88be576cae076a24feeda960d677f0,LAB_AND_PUBLISHED_DATA,Can SPADE make defensible claims on real iPSC-EC data?,SUPPORT,S2;S3,real-cell input (instrument_sidecar),Claims S2/S3; source or provenance for candidate_campaign_coating_flow.csv,NONE IDENTIFIED,SUPPORT,research/data/lab/raw/microscopy/leica/2026-08-04/Leica_2026-08-04 gel m+.jpeg.metadata,Lab role `instrument_sidecar` supports the in-house iPSC-EC evidence: Leica capture metadata for the paired JPEG.
data/lab/raw/microscopy/leica/2026-08-04/Leica_2026-08-04 gel stem t75 p1.jpeg,jpeg,547b64115d88be576cae076a24feeda960d677f0,547b64115d88be576cae076a24feeda960d677f0,LAB_AND_PUBLISHED_DATA,Historical wet-lab context,HISTORICAL,NONE,historical lab context (assay_dev),NONE — no active claim consumer; preserved at archive/exploratory/data/lab/raw/microscopy/leica/2026-08-04/Leica_2026-08-04 gel stem t75 p1.jpeg,EXCLUDED BY LAB ROLE MANIFEST,ARCHIVE-VALID,archive/exploratory/data/lab/raw/microscopy/leica/2026-08-04/Leica_2026-08-04 gel stem t75 p1.jpeg,"Lab role `assay_dev` is outside the paper's in-house evidence path: Morphology of stem/gel/1% FBS/control dishes, not the FN/VTN ug/mL titration."
data/lab/raw/microscopy/leica/2026-08-04/Leica_2026-08-04 gel stem t75 p1.jpeg.metadata,metadata,547b64115d88be576cae076a24feeda960d677f0,547b64115d88be576cae076a24feeda960d677f0,LAB_AND_PUBLISHED_DATA,Can SPADE make defensible claims on real iPSC-EC data?,SUPPORT,S2;S3,real-cell input (instrument_sidecar),Claims S2/S3; source or provenance for candidate_campaign_coating_flow.csv,NONE IDENTIFIED,SUPPORT,research/data/lab/raw/microscopy/leica/2026-08-04/Leica_2026-08-04 gel stem t75 p1.jpeg.metadata,Lab role `instrument_sidecar` supports the in-house iPSC-EC evidence: Leica capture metadata for the paired JPEG.
data/lab/raw/microscopy/leica/2026-08-04/Leica_2026-08-04 mia dish.jpeg,jpeg,547b64115d88be576cae076a24feeda960d677f0,547b64115d88be576cae076a24feeda960d677f0,LAB_AND_PUBLISHED_DATA,Historical wet-lab context,HISTORICAL,NONE,historical lab context (assay_dev),NONE — no active claim consumer; preserved at archive/exploratory/data/lab/raw/microscopy/leica/2026-08-04/Leica_2026-08-04 mia dish.jpeg,EXCLUDED BY LAB ROLE MANIFEST,ARCHIVE-VALID,archive/exploratory/data/lab/raw/microscopy/leica/2026-08-04/Leica_2026-08-04 mia dish.jpeg,"Lab role `assay_dev` is outside the paper's in-house evidence path: Morphology of stem/gel/1% FBS/control dishes, not the FN/VTN ug/mL titration."
data/lab/raw/microscopy/leica/2026-08-04/Leica_2026-08-04 mia dish.jpeg.metadata,metadata,547b64115d88be576cae076a24feeda960d677f0,547b64115d88be576cae076a24feeda960d677f0,LAB_AND_PUBLISHED_DATA,Can SPADE make defensible claims on real iPSC-EC data?,SUPPORT,S2;S3,real-cell input (instrument_sidecar),Claims S2/S3; source or provenance for candidate_campaign_coating_flow.csv,NONE IDENTIFIED,SUPPORT,research/data/lab/raw/microscopy/leica/2026-08-04/Leica_2026-08-04 mia dish.jpeg.metadata,Lab role `instrument_sidecar` supports the in-house iPSC-EC evidence: Leica capture metadata for the paired JPEG.
data/lab/raw/microscopy/leica/2026-08-04/Leica_2026-08-04 stem vtn 10.jpeg,jpeg,547b64115d88be576cae076a24feeda960d677f0,547b64115d88be576cae076a24feeda960d677f0,LAB_AND_PUBLISHED_DATA,Historical wet-lab context,HISTORICAL,NONE,historical lab context (assay_dev),NONE — no active claim consumer; preserved at archive/exploratory/data/lab/raw/microscopy/leica/2026-08-04/Leica_2026-08-04 stem vtn 10.jpeg,EXCLUDED BY LAB ROLE MANIFEST,ARCHIVE-VALID,archive/exploratory/data/lab/raw/microscopy/leica/2026-08-04/Leica_2026-08-04 stem vtn 10.jpeg,"Lab role `assay_dev` is outside the paper's in-house evidence path: Morphology of stem/gel/1% FBS/control dishes, not the FN/VTN ug/mL titration."
data/lab/raw/microscopy/leica/2026-08-04/Leica_2026-08-04 stem vtn 10.jpeg.metadata,metadata,547b64115d88be576cae076a24feeda960d677f0,547b64115d88be576cae076a24feeda960d677f0,LAB_AND_PUBLISHED_DATA,Can SPADE make defensible claims on real iPSC-EC data?,SUPPORT,S2;S3,real-cell input (instrument_sidecar),Claims S2/S3; source or provenance for candidate_campaign_coating_flow.csv,NONE IDENTIFIED,SUPPORT,research/data/lab/raw/microscopy/leica/2026-08-04/Leica_2026-08-04 stem vtn 10.jpeg.metadata,Lab role `instrument_sidecar` supports the in-house iPSC-EC evidence: Leica capture metadata for the paired JPEG.
data/lab/raw/microscopy/leica/2026-08-04/Leica_2026-08-04 stem vtn 2-5.jpeg,jpeg,547b64115d88be576cae076a24feeda960d677f0,547b64115d88be576cae076a24feeda960d677f0,LAB_AND_PUBLISHED_DATA,Historical wet-lab context,HISTORICAL,NONE,historical lab context (assay_dev),NONE — no active claim consumer; preserved at archive/exploratory/data/lab/raw/microscopy/leica/2026-08-04/Leica_2026-08-04 stem vtn 2-5.jpeg,EXCLUDED BY LAB ROLE MANIFEST,ARCHIVE-VALID,archive/exploratory/data/lab/raw/microscopy/leica/2026-08-04/Leica_2026-08-04 stem vtn 2-5.jpeg,"Lab role `assay_dev` is outside the paper's in-house evidence path: Morphology of stem/gel/1% FBS/control dishes, not the FN/VTN ug/mL titration."
data/lab/raw/microscopy/leica/2026-08-04/Leica_2026-08-04 stem vtn 2-5.jpeg.metadata,metadata,547b64115d88be576cae076a24feeda960d677f0,547b64115d88be576cae076a24feeda960d677f0,LAB_AND_PUBLISHED_DATA,Can SPADE make defensible claims on real iPSC-EC data?,SUPPORT,S2;S3,real-cell input (instrument_sidecar),Claims S2/S3; source or provenance for candidate_campaign_coating_flow.csv,NONE IDENTIFIED,SUPPORT,research/data/lab/raw/microscopy/leica/2026-08-04/Leica_2026-08-04 stem vtn 2-5.jpeg.metadata,Lab role `instrument_sidecar` supports the in-house iPSC-EC evidence: Leica capture metadata for the paired JPEG.
data/lab/raw/microscopy/leica/2026-08-04/Leica_2026-08-04 stem vtn 5.jpeg,jpeg,547b64115d88be576cae076a24feeda960d677f0,547b64115d88be576cae076a24feeda960d677f0,LAB_AND_PUBLISHED_DATA,Historical wet-lab context,HISTORICAL,NONE,historical lab context (assay_dev),NONE — no active claim consumer; preserved at archive/exploratory/data/lab/raw/microscopy/leica/2026-08-04/Leica_2026-08-04 stem vtn 5.jpeg,EXCLUDED BY LAB ROLE MANIFEST,ARCHIVE-VALID,archive/exploratory/data/lab/raw/microscopy/leica/2026-08-04/Leica_2026-08-04 stem vtn 5.jpeg,"Lab role `assay_dev` is outside the paper's in-house evidence path: Morphology of stem/gel/1% FBS/control dishes, not the FN/VTN ug/mL titration."
data/lab/raw/microscopy/leica/2026-08-04/Leica_2026-08-04 stem vtn 5.jpeg.metadata,metadata,547b64115d88be576cae076a24feeda960d677f0,547b64115d88be576cae076a24feeda960d677f0,LAB_AND_PUBLISHED_DATA,Can SPADE make defensible claims on real iPSC-EC data?,SUPPORT,S2;S3,real-cell input (instrument_sidecar),Claims S2/S3; source or provenance for candidate_campaign_coating_flow.csv,NONE IDENTIFIED,SUPPORT,research/data/lab/raw/microscopy/leica/2026-08-04/Leica_2026-08-04 stem vtn 5.jpeg.metadata,Lab role `instrument_sidecar` supports the in-house iPSC-EC evidence: Leica capture metadata for the paired JPEG.
data/lab/raw/microscopy/leica/2026-08-04/Leica_2026-08-04 vtn 0-5.jpeg,jpeg,547b64115d88be576cae076a24feeda960d677f0,547b64115d88be576cae076a24feeda960d677f0,LAB_AND_PUBLISHED_DATA,Can SPADE make defensible claims on real iPSC-EC data?,SUPPORT,S2;S3,real-cell input (bo_morphology_matched),Claims S2/S3; source or provenance for candidate_campaign_coating_flow.csv,NONE IDENTIFIED,SUPPORT,research/data/lab/raw/microscopy/leica/2026-08-04/Leica_2026-08-04 vtn 0-5.jpeg,Lab role `bo_morphology_matched` supports the in-house iPSC-EC evidence: Leica morphology of the vitronectin titration. QC only — not a CD31 y unless scored.
data/lab/raw/microscopy/leica/2026-08-04/Leica_2026-08-04 vtn 0-5.jpeg.metadata,metadata,547b64115d88be576cae076a24feeda960d677f0,547b64115d88be576cae076a24feeda960d677f0,LAB_AND_PUBLISHED_DATA,Can SPADE make defensible claims on real iPSC-EC data?,SUPPORT,S2;S3,real-cell input (instrument_sidecar),Claims S2/S3; source or provenance for candidate_campaign_coating_flow.csv,NONE IDENTIFIED,SUPPORT,research/data/lab/raw/microscopy/leica/2026-08-04/Leica_2026-08-04 vtn 0-5.jpeg.metadata,Lab role `instrument_sidecar` supports the in-house iPSC-EC evidence: Leica capture metadata for the paired JPEG.
data/lab/raw/microscopy/leica/2026-08-04/Leica_2026-08-04 vtn 1.jpeg,jpeg,547b64115d88be576cae076a24feeda960d677f0,547b64115d88be576cae076a24feeda960d677f0,LAB_AND_PUBLISHED_DATA,Can SPADE make defensible claims on real iPSC-EC data?,SUPPORT,S2;S3,real-cell input (bo_morphology_matched),Claims S2/S3; source or provenance for candidate_campaign_coating_flow.csv,NONE IDENTIFIED,SUPPORT,research/data/lab/raw/microscopy/leica/2026-08-04/Leica_2026-08-04 vtn 1.jpeg,Lab role `bo_morphology_matched` supports the in-house iPSC-EC evidence: Leica morphology of the vitronectin titration. QC only — not a CD31 y unless scored.
data/lab/raw/microscopy/leica/2026-08-04/Leica_2026-08-04 vtn 1.jpeg.metadata,metadata,547b64115d88be576cae076a24feeda960d677f0,547b64115d88be576cae076a24feeda960d677f0,LAB_AND_PUBLISHED_DATA,Can SPADE make defensible claims on real iPSC-EC data?,SUPPORT,S2;S3,real-cell input (instrument_sidecar),Claims S2/S3; source or provenance for candidate_campaign_coating_flow.csv,NONE IDENTIFIED,SUPPORT,research/data/lab/raw/microscopy/leica/2026-08-04/Leica_2026-08-04 vtn 1.jpeg.metadata,Lab role `instrument_sidecar` supports the in-house iPSC-EC evidence: Leica capture metadata for the paired JPEG.
data/lab/raw/microscopy/leica/2026-08-04/Leica_2026-08-04 vtn 10.jpeg,jpeg,547b64115d88be576cae076a24feeda960d677f0,547b64115d88be576cae076a24feeda960d677f0,LAB_AND_PUBLISHED_DATA,Can SPADE make defensible claims on real iPSC-EC data?,SUPPORT,S2;S3,real-cell input (bo_morphology_matched),Claims S2/S3; source or provenance for candidate_campaign_coating_flow.csv,NONE IDENTIFIED,SUPPORT,research/data/lab/raw/microscopy/leica/2026-08-04/Leica_2026-08-04 vtn 10.jpeg,Lab role `bo_morphology_matched` supports the in-house iPSC-EC evidence: Leica morphology of the vitronectin titration. QC only — not a CD31 y unless scored.
data/lab/raw/microscopy/leica/2026-08-04/Leica_2026-08-04 vtn 10.jpeg.metadata,metadata,547b64115d88be576cae076a24feeda960d677f0,547b64115d88be576cae076a24feeda960d677f0,LAB_AND_PUBLISHED_DATA,Can SPADE make defensible claims on real iPSC-EC data?,SUPPORT,S2;S3,real-cell input (instrument_sidecar),Claims S2/S3; source or provenance for candidate_campaign_coating_flow.csv,NONE IDENTIFIED,SUPPORT,research/data/lab/raw/microscopy/leica/2026-08-04/Leica_2026-08-04 vtn 10.jpeg.metadata,Lab role `instrument_sidecar` supports the in-house iPSC-EC evidence: Leica capture metadata for the paired JPEG.
data/lab/raw/microscopy/leica/2026-08-04/Leica_2026-08-04 vtn 2-5.jpeg,jpeg,547b64115d88be576cae076a24feeda960d677f0,547b64115d88be576cae076a24feeda960d677f0,LAB_AND_PUBLISHED_DATA,Can SPADE make defensible claims on real iPSC-EC data?,SUPPORT,S2;S3,real-cell input (bo_morphology_matched),Claims S2/S3; source or provenance for candidate_campaign_coating_flow.csv,NONE IDENTIFIED,SUPPORT,research/data/lab/raw/microscopy/leica/2026-08-04/Leica_2026-08-04 vtn 2-5.jpeg,Lab role `bo_morphology_matched` supports the in-house iPSC-EC evidence: Leica morphology of the vitronectin titration. QC only — not a CD31 y unless scored.
data/lab/raw/microscopy/leica/2026-08-04/Leica_2026-08-04 vtn 2-5.jpeg.metadata,metadata,547b64115d88be576cae076a24feeda960d677f0,547b64115d88be576cae076a24feeda960d677f0,LAB_AND_PUBLISHED_DATA,Can SPADE make defensible claims on real iPSC-EC data?,SUPPORT,S2;S3,real-cell input (instrument_sidecar),Claims S2/S3; source or provenance for candidate_campaign_coating_flow.csv,NONE IDENTIFIED,SUPPORT,research/data/lab/raw/microscopy/leica/2026-08-04/Leica_2026-08-04 vtn 2-5.jpeg.metadata,Lab role `instrument_sidecar` supports the in-house iPSC-EC evidence: Leica capture metadata for the paired JPEG.
data/lab/raw/microscopy/leica/2026-08-04/Leica_2026-08-04 vtn 20.jpeg,jpeg,547b64115d88be576cae076a24feeda960d677f0,547b64115d88be576cae076a24feeda960d677f0,LAB_AND_PUBLISHED_DATA,Can SPADE make defensible claims on real iPSC-EC data?,SUPPORT,S2;S3,real-cell input (bo_morphology_matched),Claims S2/S3; source or provenance for candidate_campaign_coating_flow.csv,NONE IDENTIFIED,SUPPORT,research/data/lab/raw/microscopy/leica/2026-08-04/Leica_2026-08-04 vtn 20.jpeg,Lab role `bo_morphology_matched` supports the in-house iPSC-EC evidence: Leica morphology of the vitronectin titration. QC only — not a CD31 y unless scored.
data/lab/raw/microscopy/leica/2026-08-04/Leica_2026-08-04 vtn 20.jpeg.metadata,metadata,547b64115d88be576cae076a24feeda960d677f0,547b64115d88be576cae076a24feeda960d677f0,LAB_AND_PUBLISHED_DATA,Can SPADE make defensible claims on real iPSC-EC data?,SUPPORT,S2;S3,real-cell input (instrument_sidecar),Claims S2/S3; source or provenance for candidate_campaign_coating_flow.csv,NONE IDENTIFIED,SUPPORT,research/data/lab/raw/microscopy/leica/2026-08-04/Leica_2026-08-04 vtn 20.jpeg.metadata,Lab role `instrument_sidecar` supports the in-house iPSC-EC evidence: Leica capture metadata for the paired JPEG.
data/lab/raw/microscopy/leica/2026-08-04/Leica_2026-08-04 vtn5.jpeg,jpeg,547b64115d88be576cae076a24feeda960d677f0,547b64115d88be576cae076a24feeda960d677f0,LAB_AND_PUBLISHED_DATA,Can SPADE make defensible claims on real iPSC-EC data?,SUPPORT,S2;S3,real-cell input (bo_morphology_matched),Claims S2/S3; source or provenance for candidate_campaign_coating_flow.csv,NONE IDENTIFIED,SUPPORT,research/data/lab/raw/microscopy/leica/2026-08-04/Leica_2026-08-04 vtn5.jpeg,Lab role `bo_morphology_matched` supports the in-house iPSC-EC evidence: Leica morphology of the vitronectin titration. QC only — not a CD31 y unless scored.
data/lab/raw/microscopy/leica/2026-08-04/Leica_2026-08-04 vtn5.jpeg.metadata,metadata,547b64115d88be576cae076a24feeda960d677f0,547b64115d88be576cae076a24feeda960d677f0,LAB_AND_PUBLISHED_DATA,Can SPADE make defensible claims on real iPSC-EC data?,SUPPORT,S2;S3,real-cell input (instrument_sidecar),Claims S2/S3; source or provenance for candidate_campaign_coating_flow.csv,NONE IDENTIFIED,SUPPORT,research/data/lab/raw/microscopy/leica/2026-08-04/Leica_2026-08-04 vtn5.jpeg.metadata,Lab role `instrument_sidecar` supports the in-house iPSC-EC evidence: Leica capture metadata for the paired JPEG.
data/lab/raw/microscopy/leica/2026-08-06/Leica_2026-08-06 iec P6 mia.jpeg,jpeg,547b64115d88be576cae076a24feeda960d677f0,547b64115d88be576cae076a24feeda960d677f0,LAB_AND_PUBLISHED_DATA,Historical wet-lab context,HISTORICAL,NONE,historical lab context (blocked_needs_keymap),NONE — no active claim consumer; preserved at archive/exploratory/data/lab/raw/microscopy/leica/2026-08-06/Leica_2026-08-06 iec P6 mia.jpeg,EXCLUDED BY LAB ROLE MANIFEST,ARCHIVE-VALID,archive/exploratory/data/lab/raw/microscopy/leica/2026-08-06/Leica_2026-08-06 iec P6 mia.jpeg,Lab role `blocked_needs_keymap` is outside the paper's in-house evidence path: Morphology of wells 1/3/5 and IEC P6. Companion to Exp_1; no coating level in the filename.
data/lab/raw/microscopy/leica/2026-08-06/Leica_2026-08-06 iec P6 mia.jpeg.metadata,metadata,547b64115d88be576cae076a24feeda960d677f0,547b64115d88be576cae076a24feeda960d677f0,LAB_AND_PUBLISHED_DATA,Historical wet-lab context,HISTORICAL,NONE,historical lab context (instrument_sidecar),NONE — no active claim consumer; preserved at archive/exploratory/data/lab/raw/microscopy/leica/2026-08-06/Leica_2026-08-06 iec P6 mia.jpeg.metadata,EXCLUDED BY LAB ROLE MANIFEST,ARCHIVE-VALID,archive/exploratory/data/lab/raw/microscopy/leica/2026-08-06/Leica_2026-08-06 iec P6 mia.jpeg.metadata,Lab role `instrument_sidecar` is outside the paper's in-house evidence path: Leica capture metadata for the paired JPEG.
data/lab/raw/microscopy/leica/2026-08-06/Leica_2026-08-06 well 1-1.jpeg,jpeg,547b64115d88be576cae076a24feeda960d677f0,547b64115d88be576cae076a24feeda960d677f0,LAB_AND_PUBLISHED_DATA,Historical wet-lab context,HISTORICAL,NONE,historical lab context (blocked_needs_keymap),NONE — no active claim consumer; preserved at archive/exploratory/data/lab/raw/microscopy/leica/2026-08-06/Leica_2026-08-06 well 1-1.jpeg,EXCLUDED BY LAB ROLE MANIFEST,ARCHIVE-VALID,archive/exploratory/data/lab/raw/microscopy/leica/2026-08-06/Leica_2026-08-06 well 1-1.jpeg,Lab role `blocked_needs_keymap` is outside the paper's in-house evidence path: Morphology of wells 1/3/5 and IEC P6. Companion to Exp_1; no coating level in the filename.
data/lab/raw/microscopy/leica/2026-08-06/Leica_2026-08-06 well 1-1.jpeg.metadata,metadata,547b64115d88be576cae076a24feeda960d677f0,547b64115d88be576cae076a24feeda960d677f0,LAB_AND_PUBLISHED_DATA,Historical wet-lab context,HISTORICAL,NONE,historical lab context (instrument_sidecar),NONE — no active claim consumer; preserved at archive/exploratory/data/lab/raw/microscopy/leica/2026-08-06/Leica_2026-08-06 well 1-1.jpeg.metadata,EXCLUDED BY LAB ROLE MANIFEST,ARCHIVE-VALID,archive/exploratory/data/lab/raw/microscopy/leica/2026-08-06/Leica_2026-08-06 well 1-1.jpeg.metadata,Lab role `instrument_sidecar` is outside the paper's in-house evidence path: Leica capture metadata for the paired JPEG.
data/lab/raw/microscopy/leica/2026-08-06/Leica_2026-08-06 well 1-2.jpeg,jpeg,547b64115d88be576cae076a24feeda960d677f0,547b64115d88be576cae076a24feeda960d677f0,LAB_AND_PUBLISHED_DATA,Historical wet-lab context,HISTORICAL,NONE,historical lab context (blocked_needs_keymap),NONE — no active claim consumer; preserved at archive/exploratory/data/lab/raw/microscopy/leica/2026-08-06/Leica_2026-08-06 well 1-2.jpeg,EXCLUDED BY LAB ROLE MANIFEST,ARCHIVE-VALID,archive/exploratory/data/lab/raw/microscopy/leica/2026-08-06/Leica_2026-08-06 well 1-2.jpeg,Lab role `blocked_needs_keymap` is outside the paper's in-house evidence path: Morphology of wells 1/3/5 and IEC P6. Companion to Exp_1; no coating level in the filename.
data/lab/raw/microscopy/leica/2026-08-06/Leica_2026-08-06 well 1-2.jpeg.metadata,metadata,547b64115d88be576cae076a24feeda960d677f0,547b64115d88be576cae076a24feeda960d677f0,LAB_AND_PUBLISHED_DATA,Historical wet-lab context,HISTORICAL,NONE,historical lab context (instrument_sidecar),NONE — no active claim consumer; preserved at archive/exploratory/data/lab/raw/microscopy/leica/2026-08-06/Leica_2026-08-06 well 1-2.jpeg.metadata,EXCLUDED BY LAB ROLE MANIFEST,ARCHIVE-VALID,archive/exploratory/data/lab/raw/microscopy/leica/2026-08-06/Leica_2026-08-06 well 1-2.jpeg.metadata,Lab role `instrument_sidecar` is outside the paper's in-house evidence path: Leica capture metadata for the paired JPEG.
data/lab/raw/microscopy/leica/2026-08-06/Leica_2026-08-06 well 5.jpeg,jpeg,547b64115d88be576cae076a24feeda960d677f0,547b64115d88be576cae076a24feeda960d677f0,LAB_AND_PUBLISHED_DATA,Historical wet-lab context,HISTORICAL,NONE,historical lab context (blocked_needs_keymap),NONE — no active claim consumer; preserved at archive/exploratory/data/lab/raw/microscopy/leica/2026-08-06/Leica_2026-08-06 well 5.jpeg,EXCLUDED BY LAB ROLE MANIFEST,ARCHIVE-VALID,archive/exploratory/data/lab/raw/microscopy/leica/2026-08-06/Leica_2026-08-06 well 5.jpeg,Lab role `blocked_needs_keymap` is outside the paper's in-house evidence path: Morphology of wells 1/3/5 and IEC P6. Companion to Exp_1; no coating level in the filename.
data/lab/raw/microscopy/leica/2026-08-06/Leica_2026-08-06 well 5.jpeg.metadata,metadata,547b64115d88be576cae076a24feeda960d677f0,547b64115d88be576cae076a24feeda960d677f0,LAB_AND_PUBLISHED_DATA,Historical wet-lab context,HISTORICAL,NONE,historical lab context (instrument_sidecar),NONE — no active claim consumer; preserved at archive/exploratory/data/lab/raw/microscopy/leica/2026-08-06/Leica_2026-08-06 well 5.jpeg.metadata,EXCLUDED BY LAB ROLE MANIFEST,ARCHIVE-VALID,archive/exploratory/data/lab/raw/microscopy/leica/2026-08-06/Leica_2026-08-06 well 5.jpeg.metadata,Lab role `instrument_sidecar` is outside the paper's in-house evidence path: Leica capture metadata for the paired JPEG.
data/lab/raw/microscopy/leica/2026-08-06/Leica_2026-08-06 well3-1-copy.jpeg,jpeg,547b64115d88be576cae076a24feeda960d677f0,547b64115d88be576cae076a24feeda960d677f0,LAB_AND_PUBLISHED_DATA,Historical wet-lab context,HISTORICAL,NONE,historical lab context (blocked_needs_keymap),NONE — no active claim consumer; preserved at archive/exploratory/data/lab/raw/microscopy/leica/2026-08-06/Leica_2026-08-06 well3-1-copy.jpeg,EXCLUDED BY LAB ROLE MANIFEST,ARCHIVE-VALID,archive/exploratory/data/lab/raw/microscopy/leica/2026-08-06/Leica_2026-08-06 well3-1-copy.jpeg,Lab role `blocked_needs_keymap` is outside the paper's in-house evidence path: Morphology of wells 1/3/5 and IEC P6. Companion to Exp_1; no coating level in the filename.
data/lab/raw/microscopy/leica/2026-08-06/Leica_2026-08-06 well3-1-copy.jpeg.metadata,metadata,547b64115d88be576cae076a24feeda960d677f0,547b64115d88be576cae076a24feeda960d677f0,LAB_AND_PUBLISHED_DATA,Historical wet-lab context,HISTORICAL,NONE,historical lab context (instrument_sidecar),NONE — no active claim consumer; preserved at archive/exploratory/data/lab/raw/microscopy/leica/2026-08-06/Leica_2026-08-06 well3-1-copy.jpeg.metadata,EXCLUDED BY LAB ROLE MANIFEST,ARCHIVE-VALID,archive/exploratory/data/lab/raw/microscopy/leica/2026-08-06/Leica_2026-08-06 well3-1-copy.jpeg.metadata,Lab role `instrument_sidecar` is outside the paper's in-house evidence path: Leica capture metadata for the paired JPEG.
data/lab/raw/microscopy/leica/2026-08-06/Leica_2026-08-06 well3-1.jpeg,jpeg,547b64115d88be576cae076a24feeda960d677f0,547b64115d88be576cae076a24feeda960d677f0,LAB_AND_PUBLISHED_DATA,Historical wet-lab context,HISTORICAL,NONE,historical lab context (blocked_needs_keymap),NONE — no active claim consumer; preserved at archive/exploratory/data/lab/raw/microscopy/leica/2026-08-06/Leica_2026-08-06 well3-1.jpeg,EXCLUDED BY LAB ROLE MANIFEST,ARCHIVE-VALID,archive/exploratory/data/lab/raw/microscopy/leica/2026-08-06/Leica_2026-08-06 well3-1.jpeg,Lab role `blocked_needs_keymap` is outside the paper's in-house evidence path: Morphology of wells 1/3/5 and IEC P6. Companion to Exp_1; no coating level in the filename.
data/lab/raw/microscopy/leica/2026-08-06/Leica_2026-08-06 well3-1.jpeg.metadata,metadata,547b64115d88be576cae076a24feeda960d677f0,547b64115d88be576cae076a24feeda960d677f0,LAB_AND_PUBLISHED_DATA,Historical wet-lab context,HISTORICAL,NONE,historical lab context (instrument_sidecar),NONE — no active claim consumer; preserved at archive/exploratory/data/lab/raw/microscopy/leica/2026-08-06/Leica_2026-08-06 well3-1.jpeg.metadata,EXCLUDED BY LAB ROLE MANIFEST,ARCHIVE-VALID,archive/exploratory/data/lab/raw/microscopy/leica/2026-08-06/Leica_2026-08-06 well3-1.jpeg.metadata,Lab role `instrument_sidecar` is outside the paper's in-house evidence path: Leica capture metadata for the paired JPEG.
data/lab/raw/microscopy/leica/2026-08-06/Leica_2026-08-06well3-2.jpeg,jpeg,547b64115d88be576cae076a24feeda960d677f0,547b64115d88be576cae076a24feeda960d677f0,LAB_AND_PUBLISHED_DATA,Historical wet-lab context,HISTORICAL,NONE,historical lab context (blocked_needs_keymap),NONE — no active claim consumer; preserved at archive/exploratory/data/lab/raw/microscopy/leica/2026-08-06/Leica_2026-08-06well3-2.jpeg,EXCLUDED BY LAB ROLE MANIFEST,ARCHIVE-VALID,archive/exploratory/data/lab/raw/microscopy/leica/2026-08-06/Leica_2026-08-06well3-2.jpeg,Lab role `blocked_needs_keymap` is outside the paper's in-house evidence path: Morphology of wells 1/3/5 and IEC P6. Companion to Exp_1; no coating level in the filename.
data/lab/raw/microscopy/leica/2026-08-06/Leica_2026-08-06well3-2.jpeg.metadata,metadata,547b64115d88be576cae076a24feeda960d677f0,547b64115d88be576cae076a24feeda960d677f0,LAB_AND_PUBLISHED_DATA,Historical wet-lab context,HISTORICAL,NONE,historical lab context (instrument_sidecar),NONE — no active claim consumer; preserved at archive/exploratory/data/lab/raw/microscopy/leica/2026-08-06/Leica_2026-08-06well3-2.jpeg.metadata,EXCLUDED BY LAB ROLE MANIFEST,ARCHIVE-VALID,archive/exploratory/data/lab/raw/microscopy/leica/2026-08-06/Leica_2026-08-06well3-2.jpeg.metadata,Lab role `instrument_sidecar` is outside the paper's in-house evidence path: Leica capture metadata for the paired JPEG.
data/lab/raw/microscopy/leica/2026-08-10/Leica_2026-08-10 1-1.jpeg,jpeg,547b64115d88be576cae076a24feeda960d677f0,547b64115d88be576cae076a24feeda960d677f0,LAB_AND_PUBLISHED_DATA,Historical wet-lab context,HISTORICAL,NONE,historical lab context (blocked_needs_keymap),NONE — no active claim consumer; preserved at archive/exploratory/data/lab/raw/microscopy/leica/2026-08-10/Leica_2026-08-10 1-1.jpeg,EXCLUDED BY LAB ROLE MANIFEST,ARCHIVE-VALID,archive/exploratory/data/lab/raw/microscopy/leica/2026-08-10/Leica_2026-08-10 1-1.jpeg,Lab role `blocked_needs_keymap` is outside the paper's in-house evidence path: Unlabeled or well-only morphology. Cannot enter the optimizer.
data/lab/raw/microscopy/leica/2026-08-10/Leica_2026-08-10 1-1.jpeg.metadata,metadata,547b64115d88be576cae076a24feeda960d677f0,547b64115d88be576cae076a24feeda960d677f0,LAB_AND_PUBLISHED_DATA,Historical wet-lab context,HISTORICAL,NONE,historical lab context (instrument_sidecar),NONE — no active claim consumer; preserved at archive/exploratory/data/lab/raw/microscopy/leica/2026-08-10/Leica_2026-08-10 1-1.jpeg.metadata,EXCLUDED BY LAB ROLE MANIFEST,ARCHIVE-VALID,archive/exploratory/data/lab/raw/microscopy/leica/2026-08-10/Leica_2026-08-10 1-1.jpeg.metadata,Lab role `instrument_sidecar` is outside the paper's in-house evidence path: Leica capture metadata for the paired JPEG.
data/lab/raw/microscopy/leica/2026-08-10/Leica_2026-08-10 1-2.jpeg,jpeg,547b64115d88be576cae076a24feeda960d677f0,547b64115d88be576cae076a24feeda960d677f0,LAB_AND_PUBLISHED_DATA,Historical wet-lab context,HISTORICAL,NONE,historical lab context (blocked_needs_keymap),NONE — no active claim consumer; preserved at archive/exploratory/data/lab/raw/microscopy/leica/2026-08-10/Leica_2026-08-10 1-2.jpeg,EXCLUDED BY LAB ROLE MANIFEST,ARCHIVE-VALID,archive/exploratory/data/lab/raw/microscopy/leica/2026-08-10/Leica_2026-08-10 1-2.jpeg,Lab role `blocked_needs_keymap` is outside the paper's in-house evidence path: Unlabeled or well-only morphology. Cannot enter the optimizer.
data/lab/raw/microscopy/leica/2026-08-10/Leica_2026-08-10 1-2.jpeg.metadata,metadata,547b64115d88be576cae076a24feeda960d677f0,547b64115d88be576cae076a24feeda960d677f0,LAB_AND_PUBLISHED_DATA,Historical wet-lab context,HISTORICAL,NONE,historical lab context (instrument_sidecar),NONE — no active claim consumer; preserved at archive/exploratory/data/lab/raw/microscopy/leica/2026-08-10/Leica_2026-08-10 1-2.jpeg.metadata,EXCLUDED BY LAB ROLE MANIFEST,ARCHIVE-VALID,archive/exploratory/data/lab/raw/microscopy/leica/2026-08-10/Leica_2026-08-10 1-2.jpeg.metadata,Lab role `instrument_sidecar` is outside the paper's in-house evidence path: Leica capture metadata for the paired JPEG.
data/lab/raw/microscopy/leica/2026-08-10/Leica_2026-08-10 1iec p6.jpeg,jpeg,547b64115d88be576cae076a24feeda960d677f0,547b64115d88be576cae076a24feeda960d677f0,LAB_AND_PUBLISHED_DATA,Historical wet-lab context,HISTORICAL,NONE,historical lab context (not_for_bo),NONE — no active claim consumer; preserved at archive/exploratory/data/lab/raw/microscopy/leica/2026-08-10/Leica_2026-08-10 1iec p6.jpeg,EXCLUDED BY LAB ROLE MANIFEST,ARCHIVE-VALID,archive/exploratory/data/lab/raw/microscopy/leica/2026-08-10/Leica_2026-08-10 1iec p6.jpeg,Lab role `not_for_bo` is outside the paper's in-house evidence path: Sort leftover / IEC line / operator dish. Not an experimental arm.
data/lab/raw/microscopy/leica/2026-08-10/Leica_2026-08-10 1iec p6.jpeg.metadata,metadata,547b64115d88be576cae076a24feeda960d677f0,547b64115d88be576cae076a24feeda960d677f0,LAB_AND_PUBLISHED_DATA,Historical wet-lab context,HISTORICAL,NONE,historical lab context (instrument_sidecar),NONE — no active claim consumer; preserved at archive/exploratory/data/lab/raw/microscopy/leica/2026-08-10/Leica_2026-08-10 1iec p6.jpeg.metadata,EXCLUDED BY LAB ROLE MANIFEST,ARCHIVE-VALID,archive/exploratory/data/lab/raw/microscopy/leica/2026-08-10/Leica_2026-08-10 1iec p6.jpeg.metadata,Lab role `instrument_sidecar` is outside the paper's in-house evidence path: Leica capture metadata for the paired JPEG.
data/lab/raw/microscopy/leica/2026-08-10/Leica_2026-08-10 3-1.jpeg,jpeg,547b64115d88be576cae076a24feeda960d677f0,547b64115d88be576cae076a24feeda960d677f0,LAB_AND_PUBLISHED_DATA,Historical wet-lab context,HISTORICAL,NONE,historical lab context (blocked_needs_keymap),NONE — no active claim consumer; preserved at archive/exploratory/data/lab/raw/microscopy/leica/2026-08-10/Leica_2026-08-10 3-1.jpeg,EXCLUDED BY LAB ROLE MANIFEST,ARCHIVE-VALID,archive/exploratory/data/lab/raw/microscopy/leica/2026-08-10/Leica_2026-08-10 3-1.jpeg,Lab role `blocked_needs_keymap` is outside the paper's in-house evidence path: Unlabeled or well-only morphology. Cannot enter the optimizer.
data/lab/raw/microscopy/leica/2026-08-10/Leica_2026-08-10 3-1.jpeg.metadata,metadata,547b64115d88be576cae076a24feeda960d677f0,547b64115d88be576cae076a24feeda960d677f0,LAB_AND_PUBLISHED_DATA,Historical wet-lab context,HISTORICAL,NONE,historical lab context (instrument_sidecar),NONE — no active claim consumer; preserved at archive/exploratory/data/lab/raw/microscopy/leica/2026-08-10/Leica_2026-08-10 3-1.jpeg.metadata,EXCLUDED BY LAB ROLE MANIFEST,ARCHIVE-VALID,archive/exploratory/data/lab/raw/microscopy/leica/2026-08-10/Leica_2026-08-10 3-1.jpeg.metadata,Lab role `instrument_sidecar` is outside the paper's in-house evidence path: Leica capture metadata for the paired JPEG.
data/lab/raw/microscopy/leica/2026-08-10/Leica_2026-08-10 3-2.jpeg,jpeg,547b64115d88be576cae076a24feeda960d677f0,547b64115d88be576cae076a24feeda960d677f0,LAB_AND_PUBLISHED_DATA,Historical wet-lab context,HISTORICAL,NONE,historical lab context (blocked_needs_keymap),NONE — no active claim consumer; preserved at archive/exploratory/data/lab/raw/microscopy/leica/2026-08-10/Leica_2026-08-10 3-2.jpeg,EXCLUDED BY LAB ROLE MANIFEST,ARCHIVE-VALID,archive/exploratory/data/lab/raw/microscopy/leica/2026-08-10/Leica_2026-08-10 3-2.jpeg,Lab role `blocked_needs_keymap` is outside the paper's in-house evidence path: Unlabeled or well-only morphology. Cannot enter the optimizer.
data/lab/raw/microscopy/leica/2026-08-10/Leica_2026-08-10 3-2.jpeg.metadata,metadata,547b64115d88be576cae076a24feeda960d677f0,547b64115d88be576cae076a24feeda960d677f0,LAB_AND_PUBLISHED_DATA,Historical wet-lab context,HISTORICAL,NONE,historical lab context (instrument_sidecar),NONE — no active claim consumer; preserved at archive/exploratory/data/lab/raw/microscopy/leica/2026-08-10/Leica_2026-08-10 3-2.jpeg.metadata,EXCLUDED BY LAB ROLE MANIFEST,ARCHIVE-VALID,archive/exploratory/data/lab/raw/microscopy/leica/2026-08-10/Leica_2026-08-10 3-2.jpeg.metadata,Lab role `instrument_sidecar` is outside the paper's in-house evidence path: Leica capture metadata for the paired JPEG.
data/lab/raw/microscopy/leica/2026-08-10/Leica_2026-08-10 fenxuan later-copy.jpeg,jpeg,547b64115d88be576cae076a24feeda960d677f0,547b64115d88be576cae076a24feeda960d677f0,LAB_AND_PUBLISHED_DATA,Historical wet-lab context,HISTORICAL,NONE,historical lab context (not_for_bo),NONE — no active claim consumer; preserved at archive/exploratory/data/lab/raw/microscopy/leica/2026-08-10/Leica_2026-08-10 fenxuan later-copy.jpeg,EXCLUDED BY LAB ROLE MANIFEST,ARCHIVE-VALID,archive/exploratory/data/lab/raw/microscopy/leica/2026-08-10/Leica_2026-08-10 fenxuan later-copy.jpeg,Lab role `not_for_bo` is outside the paper's in-house evidence path: Sort leftover / IEC line / operator dish. Not an experimental arm.
data/lab/raw/microscopy/leica/2026-08-10/Leica_2026-08-10 fenxuan later-copy.jpeg.metadata,metadata,547b64115d88be576cae076a24feeda960d677f0,547b64115d88be576cae076a24feeda960d677f0,LAB_AND_PUBLISHED_DATA,Historical wet-lab context,HISTORICAL,NONE,historical lab context (instrument_sidecar),NONE — no active claim consumer; preserved at archive/exploratory/data/lab/raw/microscopy/leica/2026-08-10/Leica_2026-08-10 fenxuan later-copy.jpeg.metadata,EXCLUDED BY LAB ROLE MANIFEST,ARCHIVE-VALID,archive/exploratory/data/lab/raw/microscopy/leica/2026-08-10/Leica_2026-08-10 fenxuan later-copy.jpeg.metadata,Lab role `instrument_sidecar` is outside the paper's in-house evidence path: Leica capture metadata for the paired JPEG.
data/lab/raw/microscopy/leica/2026-08-10/Leica_2026-08-10 fenxuan later.jpeg,jpeg,547b64115d88be576cae076a24feeda960d677f0,547b64115d88be576cae076a24feeda960d677f0,LAB_AND_PUBLISHED_DATA,Historical wet-lab context,HISTORICAL,NONE,historical lab context (not_for_bo),NONE — no active claim consumer; preserved at archive/exploratory/data/lab/raw/microscopy/leica/2026-08-10/Leica_2026-08-10 fenxuan later.jpeg,EXCLUDED BY LAB ROLE MANIFEST,ARCHIVE-VALID,archive/exploratory/data/lab/raw/microscopy/leica/2026-08-10/Leica_2026-08-10 fenxuan later.jpeg,Lab role `not_for_bo` is outside the paper's in-house evidence path: Sort leftover / IEC line / operator dish. Not an experimental arm.
data/lab/raw/microscopy/leica/2026-08-10/Leica_2026-08-10 fenxuan later.jpeg.metadata,metadata,547b64115d88be576cae076a24feeda960d677f0,547b64115d88be576cae076a24feeda960d677f0,LAB_AND_PUBLISHED_DATA,Historical wet-lab context,HISTORICAL,NONE,historical lab context (instrument_sidecar),NONE — no active claim consumer; preserved at archive/exploratory/data/lab/raw/microscopy/leica/2026-08-10/Leica_2026-08-10 fenxuan later.jpeg.metadata,EXCLUDED BY LAB ROLE MANIFEST,ARCHIVE-VALID,archive/exploratory/data/lab/raw/microscopy/leica/2026-08-10/Leica_2026-08-10 fenxuan later.jpeg.metadata,Lab role `instrument_sidecar` is outside the paper's in-house evidence path: Leica capture metadata for the paired JPEG.
data/lab/raw/microscopy/leica/2026-08-10/Leica_2026-08-10 fenxuan.jpeg,jpeg,547b64115d88be576cae076a24feeda960d677f0,547b64115d88be576cae076a24feeda960d677f0,LAB_AND_PUBLISHED_DATA,Historical wet-lab context,HISTORICAL,NONE,historical lab context (not_for_bo),NONE — no active claim consumer; preserved at archive/exploratory/data/lab/raw/microscopy/leica/2026-08-10/Leica_2026-08-10 fenxuan.jpeg,EXCLUDED BY LAB ROLE MANIFEST,ARCHIVE-VALID,archive/exploratory/data/lab/raw/microscopy/leica/2026-08-10/Leica_2026-08-10 fenxuan.jpeg,Lab role `not_for_bo` is outside the paper's in-house evidence path: Sort leftover / IEC line / operator dish. Not an experimental arm.
data/lab/raw/microscopy/leica/2026-08-10/Leica_2026-08-10 fenxuan.jpeg.metadata,metadata,547b64115d88be576cae076a24feeda960d677f0,547b64115d88be576cae076a24feeda960d677f0,LAB_AND_PUBLISHED_DATA,Historical wet-lab context,HISTORICAL,NONE,historical lab context (instrument_sidecar),NONE — no active claim consumer; preserved at archive/exploratory/data/lab/raw/microscopy/leica/2026-08-10/Leica_2026-08-10 fenxuan.jpeg.metadata,EXCLUDED BY LAB ROLE MANIFEST,ARCHIVE-VALID,archive/exploratory/data/lab/raw/microscopy/leica/2026-08-10/Leica_2026-08-10 fenxuan.jpeg.metadata,Lab role `instrument_sidecar` is outside the paper's in-house evidence path: Leica capture metadata for the paired JPEG.
data/lab/raw/microscopy/leica/2026-08-10/Leica_2026-08-10 iec p6.jpeg,jpeg,547b64115d88be576cae076a24feeda960d677f0,547b64115d88be576cae076a24feeda960d677f0,LAB_AND_PUBLISHED_DATA,Historical wet-lab context,HISTORICAL,NONE,historical lab context (not_for_bo),NONE — no active claim consumer; preserved at archive/exploratory/data/lab/raw/microscopy/leica/2026-08-10/Leica_2026-08-10 iec p6.jpeg,EXCLUDED BY LAB ROLE MANIFEST,ARCHIVE-VALID,archive/exploratory/data/lab/raw/microscopy/leica/2026-08-10/Leica_2026-08-10 iec p6.jpeg,Lab role `not_for_bo` is outside the paper's in-house evidence path: Sort leftover / IEC line / operator dish. Not an experimental arm.
data/lab/raw/microscopy/leica/2026-08-10/Leica_2026-08-10 iec p6.jpeg.metadata,metadata,547b64115d88be576cae076a24feeda960d677f0,547b64115d88be576cae076a24feeda960d677f0,LAB_AND_PUBLISHED_DATA,Historical wet-lab context,HISTORICAL,NONE,historical lab context (instrument_sidecar),NONE — no active claim consumer; preserved at archive/exploratory/data/lab/raw/microscopy/leica/2026-08-10/Leica_2026-08-10 iec p6.jpeg.metadata,EXCLUDED BY LAB ROLE MANIFEST,ARCHIVE-VALID,archive/exploratory/data/lab/raw/microscopy/leica/2026-08-10/Leica_2026-08-10 iec p6.jpeg.metadata,Lab role `instrument_sidecar` is outside the paper's in-house evidence path: Leica capture metadata for the paired JPEG.
data/lab/raw/microscopy/leica/2026-08-11/Leica_2026-08-11 1-1.jpeg,jpeg,547b64115d88be576cae076a24feeda960d677f0,547b64115d88be576cae076a24feeda960d677f0,LAB_AND_PUBLISHED_DATA,Historical wet-lab context,HISTORICAL,NONE,historical lab context (blocked_needs_keymap),NONE — no active claim consumer; preserved at archive/exploratory/data/lab/raw/microscopy/leica/2026-08-11/Leica_2026-08-11 1-1.jpeg,EXCLUDED BY LAB ROLE MANIFEST,ARCHIVE-VALID,archive/exploratory/data/lab/raw/microscopy/leica/2026-08-11/Leica_2026-08-11 1-1.jpeg,Lab role `blocked_needs_keymap` is outside the paper's in-house evidence path: Unlabeled or well-only morphology. Cannot enter the optimizer.
data/lab/raw/microscopy/leica/2026-08-11/Leica_2026-08-11 1-1.jpeg.metadata,metadata,547b64115d88be576cae076a24feeda960d677f0,547b64115d88be576cae076a24feeda960d677f0,LAB_AND_PUBLISHED_DATA,Historical wet-lab context,HISTORICAL,NONE,historical lab context (instrument_sidecar),NONE — no active claim consumer; preserved at archive/exploratory/data/lab/raw/microscopy/leica/2026-08-11/Leica_2026-08-11 1-1.jpeg.metadata,EXCLUDED BY LAB ROLE MANIFEST,ARCHIVE-VALID,archive/exploratory/data/lab/raw/microscopy/leica/2026-08-11/Leica_2026-08-11 1-1.jpeg.metadata,Lab role `instrument_sidecar` is outside the paper's in-house evidence path: Leica capture metadata for the paired JPEG.
data/lab/raw/microscopy/leica/2026-08-11/Leica_2026-08-11 1-2.jpeg,jpeg,547b64115d88be576cae076a24feeda960d677f0,547b64115d88be576cae076a24feeda960d677f0,LAB_AND_PUBLISHED_DATA,Historical wet-lab context,HISTORICAL,NONE,historical lab context (blocked_needs_keymap),NONE — no active claim consumer; preserved at archive/exploratory/data/lab/raw/microscopy/leica/2026-08-11/Leica_2026-08-11 1-2.jpeg,EXCLUDED BY LAB ROLE MANIFEST,ARCHIVE-VALID,archive/exploratory/data/lab/raw/microscopy/leica/2026-08-11/Leica_2026-08-11 1-2.jpeg,Lab role `blocked_needs_keymap` is outside the paper's in-house evidence path: Unlabeled or well-only morphology. Cannot enter the optimizer.
data/lab/raw/microscopy/leica/2026-08-11/Leica_2026-08-11 1-2.jpeg.metadata,metadata,547b64115d88be576cae076a24feeda960d677f0,547b64115d88be576cae076a24feeda960d677f0,LAB_AND_PUBLISHED_DATA,Historical wet-lab context,HISTORICAL,NONE,historical lab context (instrument_sidecar),NONE — no active claim consumer; preserved at archive/exploratory/data/lab/raw/microscopy/leica/2026-08-11/Leica_2026-08-11 1-2.jpeg.metadata,EXCLUDED BY LAB ROLE MANIFEST,ARCHIVE-VALID,archive/exploratory/data/lab/raw/microscopy/leica/2026-08-11/Leica_2026-08-11 1-2.jpeg.metadata,Lab role `instrument_sidecar` is outside the paper's in-house evidence path: Leica capture metadata for the paired JPEG.
data/lab/raw/microscopy/leica/2026-08-11/Leica_2026-08-11 3-1.jpeg,jpeg,547b64115d88be576cae076a24feeda960d677f0,547b64115d88be576cae076a24feeda960d677f0,LAB_AND_PUBLISHED_DATA,Historical wet-lab context,HISTORICAL,NONE,historical lab context (blocked_needs_keymap),NONE — no active claim consumer; preserved at archive/exploratory/data/lab/raw/microscopy/leica/2026-08-11/Leica_2026-08-11 3-1.jpeg,EXCLUDED BY LAB ROLE MANIFEST,ARCHIVE-VALID,archive/exploratory/data/lab/raw/microscopy/leica/2026-08-11/Leica_2026-08-11 3-1.jpeg,Lab role `blocked_needs_keymap` is outside the paper's in-house evidence path: Unlabeled or well-only morphology. Cannot enter the optimizer.
data/lab/raw/microscopy/leica/2026-08-11/Leica_2026-08-11 3-1.jpeg.metadata,metadata,547b64115d88be576cae076a24feeda960d677f0,547b64115d88be576cae076a24feeda960d677f0,LAB_AND_PUBLISHED_DATA,Historical wet-lab context,HISTORICAL,NONE,historical lab context (instrument_sidecar),NONE — no active claim consumer; preserved at archive/exploratory/data/lab/raw/microscopy/leica/2026-08-11/Leica_2026-08-11 3-1.jpeg.metadata,EXCLUDED BY LAB ROLE MANIFEST,ARCHIVE-VALID,archive/exploratory/data/lab/raw/microscopy/leica/2026-08-11/Leica_2026-08-11 3-1.jpeg.metadata,Lab role `instrument_sidecar` is outside the paper's in-house evidence path: Leica capture metadata for the paired JPEG.
data/lab/raw/microscopy/leica/2026-08-11/Leica_2026-08-11 3-2.jpeg,jpeg,547b64115d88be576cae076a24feeda960d677f0,547b64115d88be576cae076a24feeda960d677f0,LAB_AND_PUBLISHED_DATA,Historical wet-lab context,HISTORICAL,NONE,historical lab context (blocked_needs_keymap),NONE — no active claim consumer; preserved at archive/exploratory/data/lab/raw/microscopy/leica/2026-08-11/Leica_2026-08-11 3-2.jpeg,EXCLUDED BY LAB ROLE MANIFEST,ARCHIVE-VALID,archive/exploratory/data/lab/raw/microscopy/leica/2026-08-11/Leica_2026-08-11 3-2.jpeg,Lab role `blocked_needs_keymap` is outside the paper's in-house evidence path: Unlabeled or well-only morphology. Cannot enter the optimizer.
data/lab/raw/microscopy/leica/2026-08-11/Leica_2026-08-11 3-2.jpeg.metadata,metadata,547b64115d88be576cae076a24feeda960d677f0,547b64115d88be576cae076a24feeda960d677f0,LAB_AND_PUBLISHED_DATA,Historical wet-lab context,HISTORICAL,NONE,historical lab context (instrument_sidecar),NONE — no active claim consumer; preserved at archive/exploratory/data/lab/raw/microscopy/leica/2026-08-11/Leica_2026-08-11 3-2.jpeg.metadata,EXCLUDED BY LAB ROLE MANIFEST,ARCHIVE-VALID,archive/exploratory/data/lab/raw/microscopy/leica/2026-08-11/Leica_2026-08-11 3-2.jpeg.metadata,Lab role `instrument_sidecar` is outside the paper's in-house evidence path: Leica capture metadata for the paired JPEG.
data/lab/raw/microscopy/leica/2026-08-11/Leica_2026-08-11 fenxuan later.jpeg,jpeg,547b64115d88be576cae076a24feeda960d677f0,547b64115d88be576cae076a24feeda960d677f0,LAB_AND_PUBLISHED_DATA,Historical wet-lab context,HISTORICAL,NONE,historical lab context (not_for_bo),NONE — no active claim consumer; preserved at archive/exploratory/data/lab/raw/microscopy/leica/2026-08-11/Leica_2026-08-11 fenxuan later.jpeg,EXCLUDED BY LAB ROLE MANIFEST,ARCHIVE-VALID,archive/exploratory/data/lab/raw/microscopy/leica/2026-08-11/Leica_2026-08-11 fenxuan later.jpeg,Lab role `not_for_bo` is outside the paper's in-house evidence path: Sort leftover / IEC line / operator dish. Not an experimental arm.
data/lab/raw/microscopy/leica/2026-08-11/Leica_2026-08-11 fenxuan later.jpeg.metadata,metadata,547b64115d88be576cae076a24feeda960d677f0,547b64115d88be576cae076a24feeda960d677f0,LAB_AND_PUBLISHED_DATA,Historical wet-lab context,HISTORICAL,NONE,historical lab context (instrument_sidecar),NONE — no active claim consumer; preserved at archive/exploratory/data/lab/raw/microscopy/leica/2026-08-11/Leica_2026-08-11 fenxuan later.jpeg.metadata,EXCLUDED BY LAB ROLE MANIFEST,ARCHIVE-VALID,archive/exploratory/data/lab/raw/microscopy/leica/2026-08-11/Leica_2026-08-11 fenxuan later.jpeg.metadata,Lab role `instrument_sidecar` is outside the paper's in-house evidence path: Leica capture metadata for the paired JPEG.
data/lab/raw/microscopy/leica/2026-08-11/Leica_2026-08-11 iec-copy.jpeg,jpeg,547b64115d88be576cae076a24feeda960d677f0,547b64115d88be576cae076a24feeda960d677f0,LAB_AND_PUBLISHED_DATA,Historical wet-lab context,HISTORICAL,NONE,historical lab context (not_for_bo),NONE — no active claim consumer; preserved at archive/exploratory/data/lab/raw/microscopy/leica/2026-08-11/Leica_2026-08-11 iec-copy.jpeg,EXCLUDED BY LAB ROLE MANIFEST,ARCHIVE-VALID,archive/exploratory/data/lab/raw/microscopy/leica/2026-08-11/Leica_2026-08-11 iec-copy.jpeg,Lab role `not_for_bo` is outside the paper's in-house evidence path: Sort leftover / IEC line / operator dish. Not an experimental arm.
data/lab/raw/microscopy/leica/2026-08-11/Leica_2026-08-11 iec-copy.jpeg.metadata,metadata,547b64115d88be576cae076a24feeda960d677f0,547b64115d88be576cae076a24feeda960d677f0,LAB_AND_PUBLISHED_DATA,Historical wet-lab context,HISTORICAL,NONE,historical lab context (instrument_sidecar),NONE — no active claim consumer; preserved at archive/exploratory/data/lab/raw/microscopy/leica/2026-08-11/Leica_2026-08-11 iec-copy.jpeg.metadata,EXCLUDED BY LAB ROLE MANIFEST,ARCHIVE-VALID,archive/exploratory/data/lab/raw/microscopy/leica/2026-08-11/Leica_2026-08-11 iec-copy.jpeg.metadata,Lab role `instrument_sidecar` is outside the paper's in-house evidence path: Leica capture metadata for the paired JPEG.
data/lab/raw/microscopy/leica/2026-08-11/Leica_2026-08-11 iec.jpeg,jpeg,547b64115d88be576cae076a24feeda960d677f0,547b64115d88be576cae076a24feeda960d677f0,LAB_AND_PUBLISHED_DATA,Historical wet-lab context,HISTORICAL,NONE,historical lab context (not_for_bo),NONE — no active claim consumer; preserved at archive/exploratory/data/lab/raw/microscopy/leica/2026-08-11/Leica_2026-08-11 iec.jpeg,EXCLUDED BY LAB ROLE MANIFEST,ARCHIVE-VALID,archive/exploratory/data/lab/raw/microscopy/leica/2026-08-11/Leica_2026-08-11 iec.jpeg,Lab role `not_for_bo` is outside the paper's in-house evidence path: Sort leftover / IEC line / operator dish. Not an experimental arm.
data/lab/raw/microscopy/leica/2026-08-11/Leica_2026-08-11 iec.jpeg.metadata,metadata,547b64115d88be576cae076a24feeda960d677f0,547b64115d88be576cae076a24feeda960d677f0,LAB_AND_PUBLISHED_DATA,Historical wet-lab context,HISTORICAL,NONE,historical lab context (instrument_sidecar),NONE — no active claim consumer; preserved at archive/exploratory/data/lab/raw/microscopy/leica/2026-08-11/Leica_2026-08-11 iec.jpeg.metadata,EXCLUDED BY LAB ROLE MANIFEST,ARCHIVE-VALID,archive/exploratory/data/lab/raw/microscopy/leica/2026-08-11/Leica_2026-08-11 iec.jpeg.metadata,Lab role `instrument_sidecar` is outside the paper's in-house evidence path: Leica capture metadata for the paired JPEG.
data/lab/raw/plate-reader/2026-06-22_endpoint-abs-562.xlsx,xlsx,547b64115d88be576cae076a24feeda960d677f0,547b64115d88be576cae076a24feeda960d677f0,LAB_AND_PUBLISHED_DATA,Historical wet-lab context,HISTORICAL,NONE,historical lab context (not_for_bo),NONE — no active claim consumer; preserved at archive/exploratory/data/lab/raw/plate-reader/2026-06-22_endpoint-abs-562.xlsx,EXCLUDED BY LAB ROLE MANIFEST,ARCHIVE-VALID,archive/exploratory/data/lab/raw/plate-reader/2026-06-22_endpoint-abs-562.xlsx,Lab role `not_for_bo` is outside the paper's in-house evidence path: Abs@562 on 2026-06-22. Different metric and date from the CD31 campaign.
data/lab/raw/protocols/IPSC分化EC-2.docx,docx,547b64115d88be576cae076a24feeda960d677f0,547b64115d88be576cae076a24feeda960d677f0,LAB_AND_PUBLISHED_DATA,Can SPADE make defensible claims on real iPSC-EC data?,SUPPORT,S2;S3,real-cell input (bo_protocol),Claims S2/S3; source or provenance for candidate_campaign_coating_flow.csv,NONE IDENTIFIED,SUPPORT,research/data/lab/raw/protocols/IPSC分化EC-2.docx,Lab role `bo_protocol` supports the in-house iPSC-EC evidence: Induction calendar (CHIR/BMP4/media by well).
data/lab/raw/protocols/IPSC分化EC-3.docx,docx,547b64115d88be576cae076a24feeda960d677f0,547b64115d88be576cae076a24feeda960d677f0,LAB_AND_PUBLISHED_DATA,Can SPADE make defensible claims on real iPSC-EC data?,SUPPORT,S2;S3,real-cell input (bo_protocol),Claims S2/S3; source or provenance for candidate_campaign_coating_flow.csv,NONE IDENTIFIED,SUPPORT,research/data/lab/raw/protocols/IPSC分化EC-3.docx,Lab role `bo_protocol` supports the in-house iPSC-EC evidence: Induction calendar (CHIR/BMP4/media by well).
data/oracles/biphasic-hill-v8+82f6db7c8f77/audit_d6.json,json,2cdc8ca9ad30f3320e0a0e164e983b6e071fd406,c027e00343fd1f8a3ad448b5326fa69449be49a6,BO_VS_DOE_TERMINAL_RULE,Does SPADE generalize across benchmark families?,CORE,C1;C2;C3;C4;C5;C6,benchmark input,Claims C1;C2;C3;C4;C5;C6; loaded through boec.replay by DC/LC/LA/TAU/TT runners,NONE IDENTIFIED,INFRASTRUCTURE,research/data/oracles/biphasic-hill-v8+82f6db7c8f77/audit_d6.json,Authoritative benchmark input used by cross-family evidence.
data/oracles/biphasic-hill-v8+82f6db7c8f77/audit_d8.json,json,2cdc8ca9ad30f3320e0a0e164e983b6e071fd406,2cdc8ca9ad30f3320e0a0e164e983b6e071fd406,E1-E4_FOUNDATION,Does SPADE generalize across benchmark families?,CORE,C1;C2;C3;C4;C5;C6,benchmark input,Claims C1;C2;C3;C4;C5;C6; loaded through boec.replay by DC/LC/LA/TAU/TT runners,NONE IDENTIFIED,INFRASTRUCTURE,research/data/oracles/biphasic-hill-v8+82f6db7c8f77/audit_d8.json,Authoritative benchmark input used by cross-family evidence.
data/oracles/biphasic-hill-v8+82f6db7c8f77/instances_d6.parquet,parquet,2cdc8ca9ad30f3320e0a0e164e983b6e071fd406,c027e00343fd1f8a3ad448b5326fa69449be49a6,BO_VS_DOE_TERMINAL_RULE,Does SPADE generalize across benchmark families?,CORE,C1;C2;C3;C4;C5;C6,benchmark input,Claims C1;C2;C3;C4;C5;C6; loaded through boec.replay by DC/LC/LA/TAU/TT runners,NONE IDENTIFIED,INFRASTRUCTURE,research/data/oracles/biphasic-hill-v8+82f6db7c8f77/instances_d6.parquet,Authoritative benchmark input used by cross-family evidence.
data/oracles/biphasic-hill-v8+82f6db7c8f77/instances_d8.parquet,parquet,2cdc8ca9ad30f3320e0a0e164e983b6e071fd406,2cdc8ca9ad30f3320e0a0e164e983b6e071fd406,E1-E4_FOUNDATION,Does SPADE generalize across benchmark families?,CORE,C1;C2;C3;C4;C5;C6,benchmark input,Claims C1;C2;C3;C4;C5;C6; loaded through boec.replay by DC/LC/LA/TAU/TT runners,NONE IDENTIFIED,INFRASTRUCTURE,research/data/oracles/biphasic-hill-v8+82f6db7c8f77/instances_d8.parquet,Authoritative benchmark input used by cross-family evidence.
data/oracles/biphasic-hill-v8+82f6db7c8f77/sidecars/02c7368c30c8c231.json,json,2cdc8ca9ad30f3320e0a0e164e983b6e071fd406,2cdc8ca9ad30f3320e0a0e164e983b6e071fd406,E1-E4_FOUNDATION,Does SPADE generalize across benchmark families?,CORE,C1;C2;C3;C4;C5;C6,benchmark input,Claims C1;C2;C3;C4;C5;C6; loaded through boec.replay by DC/LC/LA/TAU/TT runners,NONE IDENTIFIED,INFRASTRUCTURE,research/data/oracles/biphasic-hill-v8+82f6db7c8f77/sidecars/02c7368c30c8c231.json,Authoritative benchmark input used by cross-family evidence.
data/oracles/biphasic-hill-v8+82f6db7c8f77/sidecars/033466197eba3ddb.json,json,2cdc8ca9ad30f3320e0a0e164e983b6e071fd406,2cdc8ca9ad30f3320e0a0e164e983b6e071fd406,E1-E4_FOUNDATION,Does SPADE generalize across benchmark families?,CORE,C1;C2;C3;C4;C5;C6,benchmark input,Claims C1;C2;C3;C4;C5;C6; loaded through boec.replay by DC/LC/LA/TAU/TT runners,NONE IDENTIFIED,INFRASTRUCTURE,research/data/oracles/biphasic-hill-v8+82f6db7c8f77/sidecars/033466197eba3ddb.json,Authoritative benchmark input used by cross-family evidence.
data/oracles/biphasic-hill-v8+82f6db7c8f77/sidecars/0a6e0788538a7c52.json,json,2cdc8ca9ad30f3320e0a0e164e983b6e071fd406,2cdc8ca9ad30f3320e0a0e164e983b6e071fd406,E1-E4_FOUNDATION,Does SPADE generalize across benchmark families?,CORE,C1;C2;C3;C4;C5;C6,benchmark input,Claims C1;C2;C3;C4;C5;C6; loaded through boec.replay by DC/LC/LA/TAU/TT runners,NONE IDENTIFIED,INFRASTRUCTURE,research/data/oracles/biphasic-hill-v8+82f6db7c8f77/sidecars/0a6e0788538a7c52.json,Authoritative benchmark input used by cross-family evidence.
data/oracles/biphasic-hill-v8+82f6db7c8f77/sidecars/0d2683227658c59e.json,json,c027e00343fd1f8a3ad448b5326fa69449be49a6,c027e00343fd1f8a3ad448b5326fa69449be49a6,BO_VS_DOE_TERMINAL_RULE,Does SPADE generalize across benchmark families?,CORE,C1;C2;C3;C4;C5;C6,benchmark input,Claims C1;C2;C3;C4;C5;C6; loaded through boec.replay by DC/LC/LA/TAU/TT runners,NONE IDENTIFIED,INFRASTRUCTURE,research/data/oracles/biphasic-hill-v8+82f6db7c8f77/sidecars/0d2683227658c59e.json,Authoritative benchmark input used by cross-family evidence.
data/oracles/biphasic-hill-v8+82f6db7c8f77/sidecars/0ed87c75239d73f8.json,json,2cdc8ca9ad30f3320e0a0e164e983b6e071fd406,2cdc8ca9ad30f3320e0a0e164e983b6e071fd406,E1-E4_FOUNDATION,Does SPADE generalize across benchmark families?,CORE,C1;C2;C3;C4;C5;C6,benchmark input,Claims C1;C2;C3;C4;C5;C6; loaded through boec.replay by DC/LC/LA/TAU/TT runners,NONE IDENTIFIED,INFRASTRUCTURE,research/data/oracles/biphasic-hill-v8+82f6db7c8f77/sidecars/0ed87c75239d73f8.json,Authoritative benchmark input used by cross-family evidence.
data/oracles/biphasic-hill-v8+82f6db7c8f77/sidecars/18904ec166d328c2.json,json,c027e00343fd1f8a3ad448b5326fa69449be49a6,c027e00343fd1f8a3ad448b5326fa69449be49a6,BO_VS_DOE_TERMINAL_RULE,Does SPADE generalize across benchmark families?,CORE,C1;C2;C3;C4;C5;C6,benchmark input,Claims C1;C2;C3;C4;C5;C6; loaded through boec.replay by DC/LC/LA/TAU/TT runners,NONE IDENTIFIED,INFRASTRUCTURE,research/data/oracles/biphasic-hill-v8+82f6db7c8f77/sidecars/18904ec166d328c2.json,Authoritative benchmark input used by cross-family evidence.
data/oracles/biphasic-hill-v8+82f6db7c8f77/sidecars/1dd60a03ebae80e9.json,json,2cdc8ca9ad30f3320e0a0e164e983b6e071fd406,2cdc8ca9ad30f3320e0a0e164e983b6e071fd406,E1-E4_FOUNDATION,Does SPADE generalize across benchmark families?,CORE,C1;C2;C3;C4;C5;C6,benchmark input,Claims C1;C2;C3;C4;C5;C6; loaded through boec.replay by DC/LC/LA/TAU/TT runners,NONE IDENTIFIED,INFRASTRUCTURE,research/data/oracles/biphasic-hill-v8+82f6db7c8f77/sidecars/1dd60a03ebae80e9.json,Authoritative benchmark input used by cross-family evidence.
data/oracles/biphasic-hill-v8+82f6db7c8f77/sidecars/2063e6d735c9c52a.json,json,2cdc8ca9ad30f3320e0a0e164e983b6e071fd406,2cdc8ca9ad30f3320e0a0e164e983b6e071fd406,E1-E4_FOUNDATION,Does SPADE generalize across benchmark families?,CORE,C1;C2;C3;C4;C5;C6,benchmark input,Claims C1;C2;C3;C4;C5;C6; loaded through boec.replay by DC/LC/LA/TAU/TT runners,NONE IDENTIFIED,INFRASTRUCTURE,research/data/oracles/biphasic-hill-v8+82f6db7c8f77/sidecars/2063e6d735c9c52a.json,Authoritative benchmark input used by cross-family evidence.
data/oracles/biphasic-hill-v8+82f6db7c8f77/sidecars/20bbc17a31bd4698.json,json,2cdc8ca9ad30f3320e0a0e164e983b6e071fd406,2cdc8ca9ad30f3320e0a0e164e983b6e071fd406,E1-E4_FOUNDATION,Does SPADE generalize across benchmark families?,CORE,C1;C2;C3;C4;C5;C6,benchmark input,Claims C1;C2;C3;C4;C5;C6; loaded through boec.replay by DC/LC/LA/TAU/TT runners,NONE IDENTIFIED,INFRASTRUCTURE,research/data/oracles/biphasic-hill-v8+82f6db7c8f77/sidecars/20bbc17a31bd4698.json,Authoritative benchmark input used by cross-family evidence.
data/oracles/biphasic-hill-v8+82f6db7c8f77/sidecars/225de8592fdce407.json,json,2cdc8ca9ad30f3320e0a0e164e983b6e071fd406,2cdc8ca9ad30f3320e0a0e164e983b6e071fd406,E1-E4_FOUNDATION,Does SPADE generalize across benchmark families?,CORE,C1;C2;C3;C4;C5;C6,benchmark input,Claims C1;C2;C3;C4;C5;C6; loaded through boec.replay by DC/LC/LA/TAU/TT runners,NONE IDENTIFIED,INFRASTRUCTURE,research/data/oracles/biphasic-hill-v8+82f6db7c8f77/sidecars/225de8592fdce407.json,Authoritative benchmark input used by cross-family evidence.
data/oracles/biphasic-hill-v8+82f6db7c8f77/sidecars/28c9006f272c481d.json,json,2cdc8ca9ad30f3320e0a0e164e983b6e071fd406,2cdc8ca9ad30f3320e0a0e164e983b6e071fd406,E1-E4_FOUNDATION,Does SPADE generalize across benchmark families?,CORE,C1;C2;C3;C4;C5;C6,benchmark input,Claims C1;C2;C3;C4;C5;C6; loaded through boec.replay by DC/LC/LA/TAU/TT runners,NONE IDENTIFIED,INFRASTRUCTURE,research/data/oracles/biphasic-hill-v8+82f6db7c8f77/sidecars/28c9006f272c481d.json,Authoritative benchmark input used by cross-family evidence.
data/oracles/biphasic-hill-v8+82f6db7c8f77/sidecars/29394cb63a616fba.json,json,2cdc8ca9ad30f3320e0a0e164e983b6e071fd406,2cdc8ca9ad30f3320e0a0e164e983b6e071fd406,E1-E4_FOUNDATION,Does SPADE generalize across benchmark families?,CORE,C1;C2;C3;C4;C5;C6,benchmark input,Claims C1;C2;C3;C4;C5;C6; loaded through boec.replay by DC/LC/LA/TAU/TT runners,NONE IDENTIFIED,INFRASTRUCTURE,research/data/oracles/biphasic-hill-v8+82f6db7c8f77/sidecars/29394cb63a616fba.json,Authoritative benchmark input used by cross-family evidence.
data/oracles/biphasic-hill-v8+82f6db7c8f77/sidecars/2f658a98c1503613.json,json,c027e00343fd1f8a3ad448b5326fa69449be49a6,c027e00343fd1f8a3ad448b5326fa69449be49a6,BO_VS_DOE_TERMINAL_RULE,Does SPADE generalize across benchmark families?,CORE,C1;C2;C3;C4;C5;C6,benchmark input,Claims C1;C2;C3;C4;C5;C6; loaded through boec.replay by DC/LC/LA/TAU/TT runners,NONE IDENTIFIED,INFRASTRUCTURE,research/data/oracles/biphasic-hill-v8+82f6db7c8f77/sidecars/2f658a98c1503613.json,Authoritative benchmark input used by cross-family evidence.
data/oracles/biphasic-hill-v8+82f6db7c8f77/sidecars/32bb966a18f1d863.json,json,2cdc8ca9ad30f3320e0a0e164e983b6e071fd406,2cdc8ca9ad30f3320e0a0e164e983b6e071fd406,E1-E4_FOUNDATION,Does SPADE generalize across benchmark families?,CORE,C1;C2;C3;C4;C5;C6,benchmark input,Claims C1;C2;C3;C4;C5;C6; loaded through boec.replay by DC/LC/LA/TAU/TT runners,NONE IDENTIFIED,INFRASTRUCTURE,research/data/oracles/biphasic-hill-v8+82f6db7c8f77/sidecars/32bb966a18f1d863.json,Authoritative benchmark input used by cross-family evidence.
data/oracles/biphasic-hill-v8+82f6db7c8f77/sidecars/42f2be9762f08185.json,json,2cdc8ca9ad30f3320e0a0e164e983b6e071fd406,2cdc8ca9ad30f3320e0a0e164e983b6e071fd406,E1-E4_FOUNDATION,Does SPADE generalize across benchmark families?,CORE,C1;C2;C3;C4;C5;C6,benchmark input,Claims C1;C2;C3;C4;C5;C6; loaded through boec.replay by DC/LC/LA/TAU/TT runners,NONE IDENTIFIED,INFRASTRUCTURE,research/data/oracles/biphasic-hill-v8+82f6db7c8f77/sidecars/42f2be9762f08185.json,Authoritative benchmark input used by cross-family evidence.
data/oracles/biphasic-hill-v8+82f6db7c8f77/sidecars/443c180247c17191.json,json,2cdc8ca9ad30f3320e0a0e164e983b6e071fd406,2cdc8ca9ad30f3320e0a0e164e983b6e071fd406,E1-E4_FOUNDATION,Does SPADE generalize across benchmark families?,CORE,C1;C2;C3;C4;C5;C6,benchmark input,Claims C1;C2;C3;C4;C5;C6; loaded through boec.replay by DC/LC/LA/TAU/TT runners,NONE IDENTIFIED,INFRASTRUCTURE,research/data/oracles/biphasic-hill-v8+82f6db7c8f77/sidecars/443c180247c17191.json,Authoritative benchmark input used by cross-family evidence.
data/oracles/biphasic-hill-v8+82f6db7c8f77/sidecars/4576319d899b3eed.json,json,c027e00343fd1f8a3ad448b5326fa69449be49a6,c027e00343fd1f8a3ad448b5326fa69449be49a6,BO_VS_DOE_TERMINAL_RULE,Does SPADE generalize across benchmark families?,CORE,C1;C2;C3;C4;C5;C6,benchmark input,Claims C1;C2;C3;C4;C5;C6; loaded through boec.replay by DC/LC/LA/TAU/TT runners,NONE IDENTIFIED,INFRASTRUCTURE,research/data/oracles/biphasic-hill-v8+82f6db7c8f77/sidecars/4576319d899b3eed.json,Authoritative benchmark input used by cross-family evidence.
data/oracles/biphasic-hill-v8+82f6db7c8f77/sidecars/4683170b8f0ae677.json,json,2cdc8ca9ad30f3320e0a0e164e983b6e071fd406,2cdc8ca9ad30f3320e0a0e164e983b6e071fd406,E1-E4_FOUNDATION,Does SPADE generalize across benchmark families?,CORE,C1;C2;C3;C4;C5;C6,benchmark input,Claims C1;C2;C3;C4;C5;C6; loaded through boec.replay by DC/LC/LA/TAU/TT runners,NONE IDENTIFIED,INFRASTRUCTURE,research/data/oracles/biphasic-hill-v8+82f6db7c8f77/sidecars/4683170b8f0ae677.json,Authoritative benchmark input used by cross-family evidence.
data/oracles/biphasic-hill-v8+82f6db7c8f77/sidecars/4755ee0a73236ad7.json,json,2cdc8ca9ad30f3320e0a0e164e983b6e071fd406,2cdc8ca9ad30f3320e0a0e164e983b6e071fd406,E1-E4_FOUNDATION,Does SPADE generalize across benchmark families?,CORE,C1;C2;C3;C4;C5;C6,benchmark input,Claims C1;C2;C3;C4;C5;C6; loaded through boec.replay by DC/LC/LA/TAU/TT runners,NONE IDENTIFIED,INFRASTRUCTURE,research/data/oracles/biphasic-hill-v8+82f6db7c8f77/sidecars/4755ee0a73236ad7.json,Authoritative benchmark input used by cross-family evidence.
data/oracles/biphasic-hill-v8+82f6db7c8f77/sidecars/48b1324dd0461cd9.json,json,2cdc8ca9ad30f3320e0a0e164e983b6e071fd406,2cdc8ca9ad30f3320e0a0e164e983b6e071fd406,E1-E4_FOUNDATION,Does SPADE generalize across benchmark families?,CORE,C1;C2;C3;C4;C5;C6,benchmark input,Claims C1;C2;C3;C4;C5;C6; loaded through boec.replay by DC/LC/LA/TAU/TT runners,NONE IDENTIFIED,INFRASTRUCTURE,research/data/oracles/biphasic-hill-v8+82f6db7c8f77/sidecars/48b1324dd0461cd9.json,Authoritative benchmark input used by cross-family evidence.
data/oracles/biphasic-hill-v8+82f6db7c8f77/sidecars/4d4f7158b65b52ba.json,json,2cdc8ca9ad30f3320e0a0e164e983b6e071fd406,2cdc8ca9ad30f3320e0a0e164e983b6e071fd406,E1-E4_FOUNDATION,Does SPADE generalize across benchmark families?,CORE,C1;C2;C3;C4;C5;C6,benchmark input,Claims C1;C2;C3;C4;C5;C6; loaded through boec.replay by DC/LC/LA/TAU/TT runners,NONE IDENTIFIED,INFRASTRUCTURE,research/data/oracles/biphasic-hill-v8+82f6db7c8f77/sidecars/4d4f7158b65b52ba.json,Authoritative benchmark input used by cross-family evidence.
data/oracles/biphasic-hill-v8+82f6db7c8f77/sidecars/51cf489c521a6911.json,json,2cdc8ca9ad30f3320e0a0e164e983b6e071fd406,2cdc8ca9ad30f3320e0a0e164e983b6e071fd406,E1-E4_FOUNDATION,Does SPADE generalize across benchmark families?,CORE,C1;C2;C3;C4;C5;C6,benchmark input,Claims C1;C2;C3;C4;C5;C6; loaded through boec.replay by DC/LC/LA/TAU/TT runners,NONE IDENTIFIED,INFRASTRUCTURE,research/data/oracles/biphasic-hill-v8+82f6db7c8f77/sidecars/51cf489c521a6911.json,Authoritative benchmark input used by cross-family evidence.
data/oracles/biphasic-hill-v8+82f6db7c8f77/sidecars/53040559627f7c2e.json,json,2cdc8ca9ad30f3320e0a0e164e983b6e071fd406,2cdc8ca9ad30f3320e0a0e164e983b6e071fd406,E1-E4_FOUNDATION,Does SPADE generalize across benchmark families?,CORE,C1;C2;C3;C4;C5;C6,benchmark input,Claims C1;C2;C3;C4;C5;C6; loaded through boec.replay by DC/LC/LA/TAU/TT runners,NONE IDENTIFIED,INFRASTRUCTURE,research/data/oracles/biphasic-hill-v8+82f6db7c8f77/sidecars/53040559627f7c2e.json,Authoritative benchmark input used by cross-family evidence.
data/oracles/biphasic-hill-v8+82f6db7c8f77/sidecars/578e5d8768359f0f.json,json,2cdc8ca9ad30f3320e0a0e164e983b6e071fd406,2cdc8ca9ad30f3320e0a0e164e983b6e071fd406,E1-E4_FOUNDATION,Does SPADE generalize across benchmark families?,CORE,C1;C2;C3;C4;C5;C6,benchmark input,Claims C1;C2;C3;C4;C5;C6; loaded through boec.replay by DC/LC/LA/TAU/TT runners,NONE IDENTIFIED,INFRASTRUCTURE,research/data/oracles/biphasic-hill-v8+82f6db7c8f77/sidecars/578e5d8768359f0f.json,Authoritative benchmark input used by cross-family evidence.
data/oracles/biphasic-hill-v8+82f6db7c8f77/sidecars/58b46c1e6d1edca6.json,json,c027e00343fd1f8a3ad448b5326fa69449be49a6,c027e00343fd1f8a3ad448b5326fa69449be49a6,BO_VS_DOE_TERMINAL_RULE,Does SPADE generalize across benchmark families?,CORE,C1;C2;C3;C4;C5;C6,benchmark input,Claims C1;C2;C3;C4;C5;C6; loaded through boec.replay by DC/LC/LA/TAU/TT runners,NONE IDENTIFIED,INFRASTRUCTURE,research/data/oracles/biphasic-hill-v8+82f6db7c8f77/sidecars/58b46c1e6d1edca6.json,Authoritative benchmark input used by cross-family evidence.
data/oracles/biphasic-hill-v8+82f6db7c8f77/sidecars/59e420274f4385d9.json,json,2cdc8ca9ad30f3320e0a0e164e983b6e071fd406,2cdc8ca9ad30f3320e0a0e164e983b6e071fd406,E1-E4_FOUNDATION,Does SPADE generalize across benchmark families?,CORE,C1;C2;C3;C4;C5;C6,benchmark input,Claims C1;C2;C3;C4;C5;C6; loaded through boec.replay by DC/LC/LA/TAU/TT runners,NONE IDENTIFIED,INFRASTRUCTURE,research/data/oracles/biphasic-hill-v8+82f6db7c8f77/sidecars/59e420274f4385d9.json,Authoritative benchmark input used by cross-family evidence.
data/oracles/biphasic-hill-v8+82f6db7c8f77/sidecars/5b3926ef2c5fe4b6.json,json,2cdc8ca9ad30f3320e0a0e164e983b6e071fd406,2cdc8ca9ad30f3320e0a0e164e983b6e071fd406,E1-E4_FOUNDATION,Does SPADE generalize across benchmark families?,CORE,C1;C2;C3;C4;C5;C6,benchmark input,Claims C1;C2;C3;C4;C5;C6; loaded through boec.replay by DC/LC/LA/TAU/TT runners,NONE IDENTIFIED,INFRASTRUCTURE,research/data/oracles/biphasic-hill-v8+82f6db7c8f77/sidecars/5b3926ef2c5fe4b6.json,Authoritative benchmark input used by cross-family evidence.
data/oracles/biphasic-hill-v8+82f6db7c8f77/sidecars/6a6de511cd189c4a.json,json,2cdc8ca9ad30f3320e0a0e164e983b6e071fd406,2cdc8ca9ad30f3320e0a0e164e983b6e071fd406,E1-E4_FOUNDATION,Does SPADE generalize across benchmark families?,CORE,C1;C2;C3;C4;C5;C6,benchmark input,Claims C1;C2;C3;C4;C5;C6; loaded through boec.replay by DC/LC/LA/TAU/TT runners,NONE IDENTIFIED,INFRASTRUCTURE,research/data/oracles/biphasic-hill-v8+82f6db7c8f77/sidecars/6a6de511cd189c4a.json,Authoritative benchmark input used by cross-family evidence.
data/oracles/biphasic-hill-v8+82f6db7c8f77/sidecars/7197fc614477a6f7.json,json,2cdc8ca9ad30f3320e0a0e164e983b6e071fd406,2cdc8ca9ad30f3320e0a0e164e983b6e071fd406,E1-E4_FOUNDATION,Does SPADE generalize across benchmark families?,CORE,C1;C2;C3;C4;C5;C6,benchmark input,Claims C1;C2;C3;C4;C5;C6; loaded through boec.replay by DC/LC/LA/TAU/TT runners,NONE IDENTIFIED,INFRASTRUCTURE,research/data/oracles/biphasic-hill-v8+82f6db7c8f77/sidecars/7197fc614477a6f7.json,Authoritative benchmark input used by cross-family evidence.
data/oracles/biphasic-hill-v8+82f6db7c8f77/sidecars/763e0f58925816ca.json,json,2cdc8ca9ad30f3320e0a0e164e983b6e071fd406,2cdc8ca9ad30f3320e0a0e164e983b6e071fd406,E1-E4_FOUNDATION,Does SPADE generalize across benchmark families?,CORE,C1;C2;C3;C4;C5;C6,benchmark input,Claims C1;C2;C3;C4;C5;C6; loaded through boec.replay by DC/LC/LA/TAU/TT runners,NONE IDENTIFIED,INFRASTRUCTURE,research/data/oracles/biphasic-hill-v8+82f6db7c8f77/sidecars/763e0f58925816ca.json,Authoritative benchmark input used by cross-family evidence.
data/oracles/biphasic-hill-v8+82f6db7c8f77/sidecars/79ed051589231279.json,json,c027e00343fd1f8a3ad448b5326fa69449be49a6,c027e00343fd1f8a3ad448b5326fa69449be49a6,BO_VS_DOE_TERMINAL_RULE,Does SPADE generalize across benchmark families?,CORE,C1;C2;C3;C4;C5;C6,benchmark input,Claims C1;C2;C3;C4;C5;C6; loaded through boec.replay by DC/LC/LA/TAU/TT runners,NONE IDENTIFIED,INFRASTRUCTURE,research/data/oracles/biphasic-hill-v8+82f6db7c8f77/sidecars/79ed051589231279.json,Authoritative benchmark input used by cross-family evidence.
data/oracles/biphasic-hill-v8+82f6db7c8f77/sidecars/7b6071e568a98779.json,json,2cdc8ca9ad30f3320e0a0e164e983b6e071fd406,2cdc8ca9ad30f3320e0a0e164e983b6e071fd406,E1-E4_FOUNDATION,Does SPADE generalize across benchmark families?,CORE,C1;C2;C3;C4;C5;C6,benchmark input,Claims C1;C2;C3;C4;C5;C6; loaded through boec.replay by DC/LC/LA/TAU/TT runners,NONE IDENTIFIED,INFRASTRUCTURE,research/data/oracles/biphasic-hill-v8+82f6db7c8f77/sidecars/7b6071e568a98779.json,Authoritative benchmark input used by cross-family evidence.
data/oracles/biphasic-hill-v8+82f6db7c8f77/sidecars/7ef3fc89acece49c.json,json,2cdc8ca9ad30f3320e0a0e164e983b6e071fd406,2cdc8ca9ad30f3320e0a0e164e983b6e071fd406,E1-E4_FOUNDATION,Does SPADE generalize across benchmark families?,CORE,C1;C2;C3;C4;C5;C6,benchmark input,Claims C1;C2;C3;C4;C5;C6; loaded through boec.replay by DC/LC/LA/TAU/TT runners,NONE IDENTIFIED,INFRASTRUCTURE,research/data/oracles/biphasic-hill-v8+82f6db7c8f77/sidecars/7ef3fc89acece49c.json,Authoritative benchmark input used by cross-family evidence.
data/oracles/biphasic-hill-v8+82f6db7c8f77/sidecars/7f5c7431c0530e74.json,json,2cdc8ca9ad30f3320e0a0e164e983b6e071fd406,2cdc8ca9ad30f3320e0a0e164e983b6e071fd406,E1-E4_FOUNDATION,Does SPADE generalize across benchmark families?,CORE,C1;C2;C3;C4;C5;C6,benchmark input,Claims C1;C2;C3;C4;C5;C6; loaded through boec.replay by DC/LC/LA/TAU/TT runners,NONE IDENTIFIED,INFRASTRUCTURE,research/data/oracles/biphasic-hill-v8+82f6db7c8f77/sidecars/7f5c7431c0530e74.json,Authoritative benchmark input used by cross-family evidence.
data/oracles/biphasic-hill-v8+82f6db7c8f77/sidecars/8332e4bec50c841d.json,json,c027e00343fd1f8a3ad448b5326fa69449be49a6,c027e00343fd1f8a3ad448b5326fa69449be49a6,BO_VS_DOE_TERMINAL_RULE,Does SPADE generalize across benchmark families?,CORE,C1;C2;C3;C4;C5;C6,benchmark input,Claims C1;C2;C3;C4;C5;C6; loaded through boec.replay by DC/LC/LA/TAU/TT runners,NONE IDENTIFIED,INFRASTRUCTURE,research/data/oracles/biphasic-hill-v8+82f6db7c8f77/sidecars/8332e4bec50c841d.json,Authoritative benchmark input used by cross-family evidence.
data/oracles/biphasic-hill-v8+82f6db7c8f77/sidecars/85c5c9fbfcca2e1a.json,json,c027e00343fd1f8a3ad448b5326fa69449be49a6,c027e00343fd1f8a3ad448b5326fa69449be49a6,BO_VS_DOE_TERMINAL_RULE,Does SPADE generalize across benchmark families?,CORE,C1;C2;C3;C4;C5;C6,benchmark input,Claims C1;C2;C3;C4;C5;C6; loaded through boec.replay by DC/LC/LA/TAU/TT runners,NONE IDENTIFIED,INFRASTRUCTURE,research/data/oracles/biphasic-hill-v8+82f6db7c8f77/sidecars/85c5c9fbfcca2e1a.json,Authoritative benchmark input used by cross-family evidence.
data/oracles/biphasic-hill-v8+82f6db7c8f77/sidecars/875a5cd6f92d45cb.json,json,c027e00343fd1f8a3ad448b5326fa69449be49a6,c027e00343fd1f8a3ad448b5326fa69449be49a6,BO_VS_DOE_TERMINAL_RULE,Does SPADE generalize across benchmark families?,CORE,C1;C2;C3;C4;C5;C6,benchmark input,Claims C1;C2;C3;C4;C5;C6; loaded through boec.replay by DC/LC/LA/TAU/TT runners,NONE IDENTIFIED,INFRASTRUCTURE,research/data/oracles/biphasic-hill-v8+82f6db7c8f77/sidecars/875a5cd6f92d45cb.json,Authoritative benchmark input used by cross-family evidence.
data/oracles/biphasic-hill-v8+82f6db7c8f77/sidecars/8abe35e93ddfcad1.json,json,2cdc8ca9ad30f3320e0a0e164e983b6e071fd406,2cdc8ca9ad30f3320e0a0e164e983b6e071fd406,E1-E4_FOUNDATION,Does SPADE generalize across benchmark families?,CORE,C1;C2;C3;C4;C5;C6,benchmark input,Claims C1;C2;C3;C4;C5;C6; loaded through boec.replay by DC/LC/LA/TAU/TT runners,NONE IDENTIFIED,INFRASTRUCTURE,research/data/oracles/biphasic-hill-v8+82f6db7c8f77/sidecars/8abe35e93ddfcad1.json,Authoritative benchmark input used by cross-family evidence.
data/oracles/biphasic-hill-v8+82f6db7c8f77/sidecars/9414bc879284eef0.json,json,2cdc8ca9ad30f3320e0a0e164e983b6e071fd406,2cdc8ca9ad30f3320e0a0e164e983b6e071fd406,E1-E4_FOUNDATION,Does SPADE generalize across benchmark families?,CORE,C1;C2;C3;C4;C5;C6,benchmark input,Claims C1;C2;C3;C4;C5;C6; loaded through boec.replay by DC/LC/LA/TAU/TT runners,NONE IDENTIFIED,INFRASTRUCTURE,research/data/oracles/biphasic-hill-v8+82f6db7c8f77/sidecars/9414bc879284eef0.json,Authoritative benchmark input used by cross-family evidence.
data/oracles/biphasic-hill-v8+82f6db7c8f77/sidecars/9b01d5dba8a4b27b.json,json,2cdc8ca9ad30f3320e0a0e164e983b6e071fd406,2cdc8ca9ad30f3320e0a0e164e983b6e071fd406,E1-E4_FOUNDATION,Does SPADE generalize across benchmark families?,CORE,C1;C2;C3;C4;C5;C6,benchmark input,Claims C1;C2;C3;C4;C5;C6; loaded through boec.replay by DC/LC/LA/TAU/TT runners,NONE IDENTIFIED,INFRASTRUCTURE,research/data/oracles/biphasic-hill-v8+82f6db7c8f77/sidecars/9b01d5dba8a4b27b.json,Authoritative benchmark input used by cross-family evidence.
data/oracles/biphasic-hill-v8+82f6db7c8f77/sidecars/9f3cdb4d835c6909.json,json,2cdc8ca9ad30f3320e0a0e164e983b6e071fd406,2cdc8ca9ad30f3320e0a0e164e983b6e071fd406,E1-E4_FOUNDATION,Does SPADE generalize across benchmark families?,CORE,C1;C2;C3;C4;C5;C6,benchmark input,Claims C1;C2;C3;C4;C5;C6; loaded through boec.replay by DC/LC/LA/TAU/TT runners,NONE IDENTIFIED,INFRASTRUCTURE,research/data/oracles/biphasic-hill-v8+82f6db7c8f77/sidecars/9f3cdb4d835c6909.json,Authoritative benchmark input used by cross-family evidence.
data/oracles/biphasic-hill-v8+82f6db7c8f77/sidecars/a3369b96aa7c2e1e.json,json,2cdc8ca9ad30f3320e0a0e164e983b6e071fd406,2cdc8ca9ad30f3320e0a0e164e983b6e071fd406,E1-E4_FOUNDATION,Does SPADE generalize across benchmark families?,CORE,C1;C2;C3;C4;C5;C6,benchmark input,Claims C1;C2;C3;C4;C5;C6; loaded through boec.replay by DC/LC/LA/TAU/TT runners,NONE IDENTIFIED,INFRASTRUCTURE,research/data/oracles/biphasic-hill-v8+82f6db7c8f77/sidecars/a3369b96aa7c2e1e.json,Authoritative benchmark input used by cross-family evidence.
data/oracles/biphasic-hill-v8+82f6db7c8f77/sidecars/ada45f164af77386.json,json,c027e00343fd1f8a3ad448b5326fa69449be49a6,c027e00343fd1f8a3ad448b5326fa69449be49a6,BO_VS_DOE_TERMINAL_RULE,Does SPADE generalize across benchmark families?,CORE,C1;C2;C3;C4;C5;C6,benchmark input,Claims C1;C2;C3;C4;C5;C6; loaded through boec.replay by DC/LC/LA/TAU/TT runners,NONE IDENTIFIED,INFRASTRUCTURE,research/data/oracles/biphasic-hill-v8+82f6db7c8f77/sidecars/ada45f164af77386.json,Authoritative benchmark input used by cross-family evidence.
data/oracles/biphasic-hill-v8+82f6db7c8f77/sidecars/af34bd4beff5e73c.json,json,c027e00343fd1f8a3ad448b5326fa69449be49a6,c027e00343fd1f8a3ad448b5326fa69449be49a6,BO_VS_DOE_TERMINAL_RULE,Does SPADE generalize across benchmark families?,CORE,C1;C2;C3;C4;C5;C6,benchmark input,Claims C1;C2;C3;C4;C5;C6; loaded through boec.replay by DC/LC/LA/TAU/TT runners,NONE IDENTIFIED,INFRASTRUCTURE,research/data/oracles/biphasic-hill-v8+82f6db7c8f77/sidecars/af34bd4beff5e73c.json,Authoritative benchmark input used by cross-family evidence.
data/oracles/biphasic-hill-v8+82f6db7c8f77/sidecars/b235a12be89aba2e.json,json,2cdc8ca9ad30f3320e0a0e164e983b6e071fd406,2cdc8ca9ad30f3320e0a0e164e983b6e071fd406,E1-E4_FOUNDATION,Does SPADE generalize across benchmark families?,CORE,C1;C2;C3;C4;C5;C6,benchmark input,Claims C1;C2;C3;C4;C5;C6; loaded through boec.replay by DC/LC/LA/TAU/TT runners,NONE IDENTIFIED,INFRASTRUCTURE,research/data/oracles/biphasic-hill-v8+82f6db7c8f77/sidecars/b235a12be89aba2e.json,Authoritative benchmark input used by cross-family evidence.
data/oracles/biphasic-hill-v8+82f6db7c8f77/sidecars/b655eaf8a7a4b88e.json,json,2cdc8ca9ad30f3320e0a0e164e983b6e071fd406,2cdc8ca9ad30f3320e0a0e164e983b6e071fd406,E1-E4_FOUNDATION,Does SPADE generalize across benchmark families?,CORE,C1;C2;C3;C4;C5;C6,benchmark input,Claims C1;C2;C3;C4;C5;C6; loaded through boec.replay by DC/LC/LA/TAU/TT runners,NONE IDENTIFIED,INFRASTRUCTURE,research/data/oracles/biphasic-hill-v8+82f6db7c8f77/sidecars/b655eaf8a7a4b88e.json,Authoritative benchmark input used by cross-family evidence.
data/oracles/biphasic-hill-v8+82f6db7c8f77/sidecars/b7b159d2fb1b4527.json,json,2cdc8ca9ad30f3320e0a0e164e983b6e071fd406,2cdc8ca9ad30f3320e0a0e164e983b6e071fd406,E1-E4_FOUNDATION,Does SPADE generalize across benchmark families?,CORE,C1;C2;C3;C4;C5;C6,benchmark input,Claims C1;C2;C3;C4;C5;C6; loaded through boec.replay by DC/LC/LA/TAU/TT runners,NONE IDENTIFIED,INFRASTRUCTURE,research/data/oracles/biphasic-hill-v8+82f6db7c8f77/sidecars/b7b159d2fb1b4527.json,Authoritative benchmark input used by cross-family evidence.
data/oracles/biphasic-hill-v8+82f6db7c8f77/sidecars/b8892a5c7c15b307.json,json,2cdc8ca9ad30f3320e0a0e164e983b6e071fd406,2cdc8ca9ad30f3320e0a0e164e983b6e071fd406,E1-E4_FOUNDATION,Does SPADE generalize across benchmark families?,CORE,C1;C2;C3;C4;C5;C6,benchmark input,Claims C1;C2;C3;C4;C5;C6; loaded through boec.replay by DC/LC/LA/TAU/TT runners,NONE IDENTIFIED,INFRASTRUCTURE,research/data/oracles/biphasic-hill-v8+82f6db7c8f77/sidecars/b8892a5c7c15b307.json,Authoritative benchmark input used by cross-family evidence.
data/oracles/biphasic-hill-v8+82f6db7c8f77/sidecars/c118af1ed5aa2615.json,json,2cdc8ca9ad30f3320e0a0e164e983b6e071fd406,2cdc8ca9ad30f3320e0a0e164e983b6e071fd406,E1-E4_FOUNDATION,Does SPADE generalize across benchmark families?,CORE,C1;C2;C3;C4;C5;C6,benchmark input,Claims C1;C2;C3;C4;C5;C6; loaded through boec.replay by DC/LC/LA/TAU/TT runners,NONE IDENTIFIED,INFRASTRUCTURE,research/data/oracles/biphasic-hill-v8+82f6db7c8f77/sidecars/c118af1ed5aa2615.json,Authoritative benchmark input used by cross-family evidence.
data/oracles/biphasic-hill-v8+82f6db7c8f77/sidecars/c35b8c4f473f03c9.json,json,c027e00343fd1f8a3ad448b5326fa69449be49a6,c027e00343fd1f8a3ad448b5326fa69449be49a6,BO_VS_DOE_TERMINAL_RULE,Does SPADE generalize across benchmark families?,CORE,C1;C2;C3;C4;C5;C6,benchmark input,Claims C1;C2;C3;C4;C5;C6; loaded through boec.replay by DC/LC/LA/TAU/TT runners,NONE IDENTIFIED,INFRASTRUCTURE,research/data/oracles/biphasic-hill-v8+82f6db7c8f77/sidecars/c35b8c4f473f03c9.json,Authoritative benchmark input used by cross-family evidence.
data/oracles/biphasic-hill-v8+82f6db7c8f77/sidecars/c75f6d6f50fe2434.json,json,2cdc8ca9ad30f3320e0a0e164e983b6e071fd406,2cdc8ca9ad30f3320e0a0e164e983b6e071fd406,E1-E4_FOUNDATION,Does SPADE generalize across benchmark families?,CORE,C1;C2;C3;C4;C5;C6,benchmark input,Claims C1;C2;C3;C4;C5;C6; loaded through boec.replay by DC/LC/LA/TAU/TT runners,NONE IDENTIFIED,INFRASTRUCTURE,research/data/oracles/biphasic-hill-v8+82f6db7c8f77/sidecars/c75f6d6f50fe2434.json,Authoritative benchmark input used by cross-family evidence.
data/oracles/biphasic-hill-v8+82f6db7c8f77/sidecars/ce7334da318bc5e5.json,json,2cdc8ca9ad30f3320e0a0e164e983b6e071fd406,2cdc8ca9ad30f3320e0a0e164e983b6e071fd406,E1-E4_FOUNDATION,Does SPADE generalize across benchmark families?,CORE,C1;C2;C3;C4;C5;C6,benchmark input,Claims C1;C2;C3;C4;C5;C6; loaded through boec.replay by DC/LC/LA/TAU/TT runners,NONE IDENTIFIED,INFRASTRUCTURE,research/data/oracles/biphasic-hill-v8+82f6db7c8f77/sidecars/ce7334da318bc5e5.json,Authoritative benchmark input used by cross-family evidence.
data/oracles/biphasic-hill-v8+82f6db7c8f77/sidecars/d025f32509eaf31e.json,json,c027e00343fd1f8a3ad448b5326fa69449be49a6,c027e00343fd1f8a3ad448b5326fa69449be49a6,BO_VS_DOE_TERMINAL_RULE,Does SPADE generalize across benchmark families?,CORE,C1;C2;C3;C4;C5;C6,benchmark input,Claims C1;C2;C3;C4;C5;C6; loaded through boec.replay by DC/LC/LA/TAU/TT runners,NONE IDENTIFIED,INFRASTRUCTURE,research/data/oracles/biphasic-hill-v8+82f6db7c8f77/sidecars/d025f32509eaf31e.json,Authoritative benchmark input used by cross-family evidence.
data/oracles/biphasic-hill-v8+82f6db7c8f77/sidecars/d1eeaa292d301456.json,json,2cdc8ca9ad30f3320e0a0e164e983b6e071fd406,2cdc8ca9ad30f3320e0a0e164e983b6e071fd406,E1-E4_FOUNDATION,Does SPADE generalize across benchmark families?,CORE,C1;C2;C3;C4;C5;C6,benchmark input,Claims C1;C2;C3;C4;C5;C6; loaded through boec.replay by DC/LC/LA/TAU/TT runners,NONE IDENTIFIED,INFRASTRUCTURE,research/data/oracles/biphasic-hill-v8+82f6db7c8f77/sidecars/d1eeaa292d301456.json,Authoritative benchmark input used by cross-family evidence.
data/oracles/biphasic-hill-v8+82f6db7c8f77/sidecars/d4c5250631f705f7.json,json,2cdc8ca9ad30f3320e0a0e164e983b6e071fd406,2cdc8ca9ad30f3320e0a0e164e983b6e071fd406,E1-E4_FOUNDATION,Does SPADE generalize across benchmark families?,CORE,C1;C2;C3;C4;C5;C6,benchmark input,Claims C1;C2;C3;C4;C5;C6; loaded through boec.replay by DC/LC/LA/TAU/TT runners,NONE IDENTIFIED,INFRASTRUCTURE,research/data/oracles/biphasic-hill-v8+82f6db7c8f77/sidecars/d4c5250631f705f7.json,Authoritative benchmark input used by cross-family evidence.
data/oracles/biphasic-hill-v8+82f6db7c8f77/sidecars/d855287df8ca2b0a.json,json,2cdc8ca9ad30f3320e0a0e164e983b6e071fd406,2cdc8ca9ad30f3320e0a0e164e983b6e071fd406,E1-E4_FOUNDATION,Does SPADE generalize across benchmark families?,CORE,C1;C2;C3;C4;C5;C6,benchmark input,Claims C1;C2;C3;C4;C5;C6; loaded through boec.replay by DC/LC/LA/TAU/TT runners,NONE IDENTIFIED,INFRASTRUCTURE,research/data/oracles/biphasic-hill-v8+82f6db7c8f77/sidecars/d855287df8ca2b0a.json,Authoritative benchmark input used by cross-family evidence.
data/oracles/biphasic-hill-v8+82f6db7c8f77/sidecars/da357fcef72f182d.json,json,c027e00343fd1f8a3ad448b5326fa69449be49a6,c027e00343fd1f8a3ad448b5326fa69449be49a6,BO_VS_DOE_TERMINAL_RULE,Does SPADE generalize across benchmark families?,CORE,C1;C2;C3;C4;C5;C6,benchmark input,Claims C1;C2;C3;C4;C5;C6; loaded through boec.replay by DC/LC/LA/TAU/TT runners,NONE IDENTIFIED,INFRASTRUCTURE,research/data/oracles/biphasic-hill-v8+82f6db7c8f77/sidecars/da357fcef72f182d.json,Authoritative benchmark input used by cross-family evidence.
data/oracles/biphasic-hill-v8+82f6db7c8f77/sidecars/da5ec2fbb20c9f9b.json,json,2cdc8ca9ad30f3320e0a0e164e983b6e071fd406,2cdc8ca9ad30f3320e0a0e164e983b6e071fd406,E1-E4_FOUNDATION,Does SPADE generalize across benchmark families?,CORE,C1;C2;C3;C4;C5;C6,benchmark input,Claims C1;C2;C3;C4;C5;C6; loaded through boec.replay by DC/LC/LA/TAU/TT runners,NONE IDENTIFIED,INFRASTRUCTURE,research/data/oracles/biphasic-hill-v8+82f6db7c8f77/sidecars/da5ec2fbb20c9f9b.json,Authoritative benchmark input used by cross-family evidence.
data/oracles/biphasic-hill-v8+82f6db7c8f77/sidecars/dd8f9c8690ad4e97.json,json,c027e00343fd1f8a3ad448b5326fa69449be49a6,c027e00343fd1f8a3ad448b5326fa69449be49a6,BO_VS_DOE_TERMINAL_RULE,Does SPADE generalize across benchmark families?,CORE,C1;C2;C3;C4;C5;C6,benchmark input,Claims C1;C2;C3;C4;C5;C6; loaded through boec.replay by DC/LC/LA/TAU/TT runners,NONE IDENTIFIED,INFRASTRUCTURE,research/data/oracles/biphasic-hill-v8+82f6db7c8f77/sidecars/dd8f9c8690ad4e97.json,Authoritative benchmark input used by cross-family evidence.
data/oracles/biphasic-hill-v8+82f6db7c8f77/sidecars/e402c32907f27534.json,json,2cdc8ca9ad30f3320e0a0e164e983b6e071fd406,2cdc8ca9ad30f3320e0a0e164e983b6e071fd406,E1-E4_FOUNDATION,Does SPADE generalize across benchmark families?,CORE,C1;C2;C3;C4;C5;C6,benchmark input,Claims C1;C2;C3;C4;C5;C6; loaded through boec.replay by DC/LC/LA/TAU/TT runners,NONE IDENTIFIED,INFRASTRUCTURE,research/data/oracles/biphasic-hill-v8+82f6db7c8f77/sidecars/e402c32907f27534.json,Authoritative benchmark input used by cross-family evidence.
data/oracles/biphasic-hill-v8+82f6db7c8f77/sidecars/e66189b95d063b09.json,json,2cdc8ca9ad30f3320e0a0e164e983b6e071fd406,2cdc8ca9ad30f3320e0a0e164e983b6e071fd406,E1-E4_FOUNDATION,Does SPADE generalize across benchmark families?,CORE,C1;C2;C3;C4;C5;C6,benchmark input,Claims C1;C2;C3;C4;C5;C6; loaded through boec.replay by DC/LC/LA/TAU/TT runners,NONE IDENTIFIED,INFRASTRUCTURE,research/data/oracles/biphasic-hill-v8+82f6db7c8f77/sidecars/e66189b95d063b09.json,Authoritative benchmark input used by cross-family evidence.
data/oracles/biphasic-hill-v8+82f6db7c8f77/sidecars/e946207e9dfe1876.json,json,2cdc8ca9ad30f3320e0a0e164e983b6e071fd406,2cdc8ca9ad30f3320e0a0e164e983b6e071fd406,E1-E4_FOUNDATION,Does SPADE generalize across benchmark families?,CORE,C1;C2;C3;C4;C5;C6,benchmark input,Claims C1;C2;C3;C4;C5;C6; loaded through boec.replay by DC/LC/LA/TAU/TT runners,NONE IDENTIFIED,INFRASTRUCTURE,research/data/oracles/biphasic-hill-v8+82f6db7c8f77/sidecars/e946207e9dfe1876.json,Authoritative benchmark input used by cross-family evidence.
data/oracles/biphasic-hill-v8+82f6db7c8f77/sidecars/ef2815cdafff288c.json,json,2cdc8ca9ad30f3320e0a0e164e983b6e071fd406,2cdc8ca9ad30f3320e0a0e164e983b6e071fd406,E1-E4_FOUNDATION,Does SPADE generalize across benchmark families?,CORE,C1;C2;C3;C4;C5;C6,benchmark input,Claims C1;C2;C3;C4;C5;C6; loaded through boec.replay by DC/LC/LA/TAU/TT runners,NONE IDENTIFIED,INFRASTRUCTURE,research/data/oracles/biphasic-hill-v8+82f6db7c8f77/sidecars/ef2815cdafff288c.json,Authoritative benchmark input used by cross-family evidence.
data/oracles/biphasic-hill-v8+82f6db7c8f77/sidecars/ef894d5db8737b54.json,json,2cdc8ca9ad30f3320e0a0e164e983b6e071fd406,2cdc8ca9ad30f3320e0a0e164e983b6e071fd406,E1-E4_FOUNDATION,Does SPADE generalize across benchmark families?,CORE,C1;C2;C3;C4;C5;C6,benchmark input,Claims C1;C2;C3;C4;C5;C6; loaded through boec.replay by DC/LC/LA/TAU/TT runners,NONE IDENTIFIED,INFRASTRUCTURE,research/data/oracles/biphasic-hill-v8+82f6db7c8f77/sidecars/ef894d5db8737b54.json,Authoritative benchmark input used by cross-family evidence.
data/oracles/biphasic-hill-v8+82f6db7c8f77/sidecars/f79c5cf175034acd.json,json,2cdc8ca9ad30f3320e0a0e164e983b6e071fd406,2cdc8ca9ad30f3320e0a0e164e983b6e071fd406,E1-E4_FOUNDATION,Does SPADE generalize across benchmark families?,CORE,C1;C2;C3;C4;C5;C6,benchmark input,Claims C1;C2;C3;C4;C5;C6; loaded through boec.replay by DC/LC/LA/TAU/TT runners,NONE IDENTIFIED,INFRASTRUCTURE,research/data/oracles/biphasic-hill-v8+82f6db7c8f77/sidecars/f79c5cf175034acd.json,Authoritative benchmark input used by cross-family evidence.
data/published/EXTRACTION_METHOD.md,md,e28c84c95de028595772236b3d94b2d9f19389bb,f3602e7d622b95b7ec54648953e783e065ed6645,LAB_AND_PUBLISHED_DATA,Does the real-assay behavior replicate on published data?,SUPPORT,S2;S3,published real-cell input,Claims S2/S3; consumed by scripts/certify_hall_ogle.py,NONE IDENTIFIED,SUPPORT,research/data/published/EXTRACTION_METHOD.md,Canonical published-data extraction supporting independent real-data checks.
data/published/VALIDATION_REPORT.md,md,e28c84c95de028595772236b3d94b2d9f19389bb,2347a54784a3afbc6d511cc08b05830017ed7742,LAB_AND_PUBLISHED_DATA,Does the real-assay behavior replicate on published data?,SUPPORT,S2;S3,published real-cell input,Claims S2/S3; consumed by scripts/certify_hall_ogle.py,NONE IDENTIFIED,SUPPORT,research/data/published/VALIDATION_REPORT.md,Canonical published-data extraction supporting independent real-data checks.
data/published/hall_ogle_2025_stage1.csv,csv,2347a54784a3afbc6d511cc08b05830017ed7742,f3602e7d622b95b7ec54648953e783e065ed6645,LAB_AND_PUBLISHED_DATA,Does the real-assay behavior replicate on published data?,SUPPORT,S2;S3,published real-cell input,Claims S2/S3; consumed by scripts/certify_hall_ogle.py,NONE IDENTIFIED,SUPPORT,research/data/published/hall_ogle_2025_stage1.csv,Canonical published-data extraction supporting independent real-data checks.
data/published/hall_ogle_2025_stage2.csv,csv,2347a54784a3afbc6d511cc08b05830017ed7742,f3602e7d622b95b7ec54648953e783e065ed6645,LAB_AND_PUBLISHED_DATA,Does the real-assay behavior replicate on published data?,SUPPORT,S2;S3,published real-cell input,Claims S2/S3; consumed by scripts/certify_hall_ogle.py,NONE IDENTIFIED,SUPPORT,research/data/published/hall_ogle_2025_stage2.csv,Canonical published-data extraction supporting independent real-data checks.
docs/CLAIMS.md,md,574235663bd5ca45f638c408cd41a1dd7fd0d0da,f0164bd62ee7103e5f289ddd0ba93be93cc3f5c4,SPADE_CONFIRMATION_AND_PAPER,Historical or non-paper work,HISTORICAL,NONE,historical record,NONE — no active claim consumer; preserved at archive/bo-vs-doe/docs/CLAIMS.md,CONSOLIDATED INTO PAPER LEDGER,ARCHIVE-VALID,archive/bo-vs-doe/docs/CLAIMS.md,Historical narrative is preserved but excluded from the final paper reading path.
docs/COVERAGE-MATRIX.md,md,63783aa3cfbb8001cdc6c22128205a7d3b84e131,63783aa3cfbb8001cdc6c22128205a7d3b84e131,DESIGN_SPACE_PRE_SPADE,Historical or non-paper work,HISTORICAL,NONE,historical record,NONE — no active claim consumer; preserved at archive/exploratory/docs/COVERAGE-MATRIX.md,CONSOLIDATED INTO PAPER LEDGER,ARCHIVE-VALID,archive/exploratory/docs/COVERAGE-MATRIX.md,Historical narrative is preserved but excluded from the final paper reading path.
docs/ESTIMAND-EVALUATION.md,md,c31437f1143e08650488829d4d6bedb53e97b782,c31437f1143e08650488829d4d6bedb53e97b782,BO_VS_DOE_TERMINAL_RULE,Historical or non-paper work,HISTORICAL,NONE,historical record,NONE — no active claim consumer; preserved at archive/exploratory/docs/ESTIMAND-EVALUATION.md,CONSOLIDATED INTO PAPER LEDGER,ARCHIVE-VALID,archive/exploratory/docs/ESTIMAND-EVALUATION.md,Historical narrative is preserved but excluded from the final paper reading path.
docs/FINDINGS-SPADE-FINAL.md,md,2b353777a87b97253bcbec3154ecc2b41599c376,d5f0a58b2302bb8780f3ad53d9c5e63782e3ad8f,SPADE_DEVELOPMENT_AND_LOCKBOX,Historical or non-paper work,HISTORICAL,NONE,historical record,NONE — no active claim consumer; preserved at archive/exploratory/docs/FINDINGS-SPADE-FINAL.md,CONSOLIDATED INTO PAPER LEDGER,ARCHIVE-VALID,archive/exploratory/docs/FINDINGS-SPADE-FINAL.md,Historical narrative is preserved but excluded from the final paper reading path.
docs/FINDINGS-SPADE.md,md,3c5ca889fc8bf8a02fb956f98a388678a8db5098,d5f0a58b2302bb8780f3ad53d9c5e63782e3ad8f,SPADE_DEVELOPMENT_AND_LOCKBOX,Historical or non-paper work,HISTORICAL,NONE,historical record,NONE — no active claim consumer; preserved at archive/exploratory/docs/FINDINGS-SPADE.md,CONSOLIDATED INTO PAPER LEDGER,ARCHIVE-VALID,archive/exploratory/docs/FINDINGS-SPADE.md,Historical narrative is preserved but excluded from the final paper reading path.
docs/HANDOFF-2026-08-29.md,md,07ae40eb8723cfc76f6f85d4342c8b573e291bfb,ae9ecc062f7e76539940bad75da76a02707dfd7a,SPADE_CONFIRMATION_AND_PAPER,Historical or non-paper work,HISTORICAL,NONE,historical record,NONE — no active claim consumer; preserved at archive/exploratory/docs/HANDOFF-2026-08-29.md,CONSOLIDATED INTO PAPER LEDGER,ARCHIVE-VALID,archive/exploratory/docs/HANDOFF-2026-08-29.md,Historical narrative is preserved but excluded from the final paper reading path.
docs/HANDOFF-2026-08-30.md,md,ae9ecc062f7e76539940bad75da76a02707dfd7a,549a4515e7f9544a5083c0432f2bbbb180033f94,SPADE_CONFIRMATION_AND_PAPER,Historical or non-paper work,HISTORICAL,NONE,historical record,NONE — no active claim consumer; preserved at archive/exploratory/docs/HANDOFF-2026-08-30.md,CONSOLIDATED INTO PAPER LEDGER,ARCHIVE-VALID,archive/exploratory/docs/HANDOFF-2026-08-30.md,Historical narrative is preserved but excluded from the final paper reading path.
docs/HANDOFF.md,md,2e66f88bcf72baef5a037e3bbe68f51ac32e6df5,d5f0a58b2302bb8780f3ad53d9c5e63782e3ad8f,SPADE_DEVELOPMENT_AND_LOCKBOX,Historical or non-paper work,HISTORICAL,NONE,historical record,NONE — no active claim consumer; preserved at archive/exploratory/docs/HANDOFF.md,CONSOLIDATED INTO PAPER LEDGER,ARCHIVE-VALID,archive/exploratory/docs/HANDOFF.md,Historical narrative is preserved but excluded from the final paper reading path.
docs/INFORMATION-MATRIX.md,md,b0a2dc3d5c42a000aa23865af7de97dc514fbf77,fe04ec34b6ce80793fe431cf6a467678fce49765,BO_VS_DOE_TERMINAL_RULE,Historical or non-paper work,HISTORICAL,NONE,historical record,NONE — no active claim consumer; preserved at archive/exploratory/docs/INFORMATION-MATRIX.md,CONSOLIDATED INTO PAPER LEDGER,ARCHIVE-VALID,archive/exploratory/docs/INFORMATION-MATRIX.md,Historical narrative is preserved but excluded from the final paper reading path.
docs/K6-TECHNICAL-REPORT.md,md,b3de1d27e8698f67f8caa97247fad709cbf9e75a,2d2d76725c681786d92c432619a35b6b6e692c02,DESIGN_SPACE_PRE_SPADE,Historical or non-paper work,HISTORICAL,NONE,historical record,NONE — no active claim consumer; preserved at archive/exploratory/docs/K6-TECHNICAL-REPORT.md,CONSOLIDATED INTO PAPER LEDGER,ARCHIVE-VALID,archive/exploratory/docs/K6-TECHNICAL-REPORT.md,Historical narrative is preserved but excluded from the final paper reading path.
docs/LAB-DATA-FOR-BO.md,md,9a2161ba162ccdc947eb7a96f58fb0405e2cacd6,b7240ade5cb60d181a65400bbc210c2e119c8e37,BO_VS_DOE_TERMINAL_RULE,Historical or non-paper work,HISTORICAL,NONE,historical record,NONE — no active claim consumer; preserved at archive/exploratory/docs/LAB-DATA-FOR-BO.md,CONSOLIDATED INTO PAPER LEDGER,ARCHIVE-VALID,archive/exploratory/docs/LAB-DATA-FOR-BO.md,Historical narrative is preserved but excluded from the final paper reading path.
docs/MAIN-LINE.md,md,8696644d9d94251f29931ee6debda84c604fc4b7,f0164bd62ee7103e5f289ddd0ba93be93cc3f5c4,SPADE_CONFIRMATION_AND_PAPER,Historical or non-paper work,HISTORICAL,NONE,historical record,NONE — no active claim consumer; preserved at archive/bo-vs-doe/docs/MAIN-LINE.md,CONSOLIDATED INTO PAPER LEDGER,ARCHIVE-VALID,archive/bo-vs-doe/docs/MAIN-LINE.md,Historical narrative is preserved but excluded from the final paper reading path.
docs/METHODS.md,md,eef38a7adc3df8d3c0798f7ce1cf5e3cb2085dd3,01ba954a4157cac428028e035b0b6d8e180b86e8,BO_VS_DOE_TERMINAL_RULE,Historical or non-paper work,HISTORICAL,NONE,historical record,NONE — no active claim consumer; preserved at archive/exploratory/docs/METHODS.md,CONSOLIDATED INTO PAPER LEDGER,ARCHIVE-VALID,archive/exploratory/docs/METHODS.md,Historical narrative is preserved but excluded from the final paper reading path.
docs/ODIN-SPEC.md,md,1ff42a2a90d4a19b427eb856acc69cdc718f4000,1ff42a2a90d4a19b427eb856acc69cdc718f4000,DESIGN_SPACE_PRE_SPADE,Historical or non-paper work,HISTORICAL,NONE,historical record,NONE — no active claim consumer; preserved at archive/exploratory/docs/ODIN-SPEC.md,CONSOLIDATED INTO PAPER LEDGER,ARCHIVE-VALID,archive/exploratory/docs/ODIN-SPEC.md,Historical narrative is preserved but excluded from the final paper reading path.
docs/ODIN-VERDICT.md,md,1ff42a2a90d4a19b427eb856acc69cdc718f4000,d5f0a58b2302bb8780f3ad53d9c5e63782e3ad8f,SPADE_DEVELOPMENT_AND_LOCKBOX,Historical or non-paper work,HISTORICAL,NONE,historical record,NONE — no active claim consumer; preserved at archive/exploratory/docs/ODIN-VERDICT.md,CONSOLIDATED INTO PAPER LEDGER,ARCHIVE-VALID,archive/exploratory/docs/ODIN-VERDICT.md,Historical narrative is preserved but excluded from the final paper reading path.
docs/OPEN-QUESTIONS.md,md,89e4babce0bb1cbce717d49eaaf733459162a861,2ce9652b25d3f031f61ca22a0f5dc8773624b868,DESIGN_SPACE_PRE_SPADE,Historical or non-paper work,HISTORICAL,NONE,historical record,NONE — no active claim consumer; preserved at archive/exploratory/docs/OPEN-QUESTIONS.md,CONSOLIDATED INTO PAPER LEDGER,ARCHIVE-VALID,archive/exploratory/docs/OPEN-QUESTIONS.md,Historical narrative is preserved but excluded from the final paper reading path.
docs/OVERNIGHT-LOG.md,md,e5f17173f398c254bd8daacd99e70c7cec28a32b,4808075420b07c41a5be9184b9a062fb5c3b2299,DESIGN_SPACE_PRE_SPADE,Historical or non-paper work,HISTORICAL,NONE,historical record,NONE — no active claim consumer; preserved at archive/exploratory/docs/OVERNIGHT-LOG.md,CONSOLIDATED INTO PAPER LEDGER,ARCHIVE-VALID,archive/exploratory/docs/OVERNIGHT-LOG.md,Historical narrative is preserved but excluded from the final paper reading path.
docs/PERPLEXITY-SPADE-FINAL.md,md,a316121cc10bef80115a06539e38b44ea03e5515,4832403d5cdf839cf4825788845732fb2c61165a,DESIGN_SPACE_PRE_SPADE,Historical or non-paper work,HISTORICAL,NONE,historical record,NONE — no active claim consumer; preserved at archive/exploratory/docs/PERPLEXITY-SPADE-FINAL.md,CONSOLIDATED INTO PAPER LEDGER,ARCHIVE-VALID,archive/exploratory/docs/PERPLEXITY-SPADE-FINAL.md,Historical narrative is preserved but excluded from the final paper reading path.
docs/PROJECT-DOSSIER.md,md,0dd5a5d0eed7af961c23a5ec68b1d45ae049c5b1,d5f0a58b2302bb8780f3ad53d9c5e63782e3ad8f,SPADE_DEVELOPMENT_AND_LOCKBOX,Historical or non-paper work,HISTORICAL,NONE,historical record,NONE — no active claim consumer; preserved at archive/exploratory/docs/PROJECT-DOSSIER.md,CONSOLIDATED INTO PAPER LEDGER,ARCHIVE-VALID,archive/exploratory/docs/PROJECT-DOSSIER.md,Historical narrative is preserved but excluded from the final paper reading path.
docs/PROJECT-UNDERSTANDING-OUTLINE.md,md,23b3ce9131bda916ce1210a65a56ca1e575c969a,d5f0a58b2302bb8780f3ad53d9c5e63782e3ad8f,SPADE_DEVELOPMENT_AND_LOCKBOX,Historical or non-paper work,HISTORICAL,NONE,historical record,NONE — no active claim consumer; preserved at archive/exploratory/docs/PROJECT-UNDERSTANDING-OUTLINE.md,CONSOLIDATED INTO PAPER LEDGER,ARCHIVE-VALID,archive/exploratory/docs/PROJECT-UNDERSTANDING-OUTLINE.md,Historical narrative is preserved but excluded from the final paper reading path.
docs/PROMPTS-NEXT.md,md,756e4ea9c93a0e2abff10ef5eb1cf164221d04ff,756e4ea9c93a0e2abff10ef5eb1cf164221d04ff,BO_VS_DOE_TERMINAL_RULE,Historical or non-paper work,HISTORICAL,NONE,historical record,NONE — no active claim consumer; preserved at archive/exploratory/docs/PROMPTS-NEXT.md,CONSOLIDATED INTO PAPER LEDGER,ARCHIVE-VALID,archive/exploratory/docs/PROMPTS-NEXT.md,Historical narrative is preserved but excluded from the final paper reading path.
docs/RESEARCH-SUMMARY.md,md,ec5bfffea9be020a103db2cf3a55b5f572920f7b,6e4f22edd25ca080dab081f416bada10fccb7418,SPADE_CONFIRMATION_AND_PAPER,Historical or non-paper work,HISTORICAL,NONE,historical record,NONE — no active claim consumer; preserved at archive/bo-vs-doe/docs/RESEARCH-SUMMARY.md,CONSOLIDATED INTO PAPER LEDGER,ARCHIVE-VALID,archive/bo-vs-doe/docs/RESEARCH-SUMMARY.md,Historical narrative is preserved but excluded from the final paper reading path.
docs/RESULTS-PERSON-A.md,md,9b4c98d15eeb5105ee9d687cf8f318dcced4b95c,210742aac60161190215a507cccf1bfaf78955d4,BO_VS_DOE_TERMINAL_RULE,Historical or non-paper work,HISTORICAL,NONE,historical record,NONE — no active claim consumer; preserved at archive/bo-vs-doe/docs/RESULTS-PERSON-A.md,CONSOLIDATED INTO PAPER LEDGER,ARCHIVE-VALID,archive/bo-vs-doe/docs/RESULTS-PERSON-A.md,Historical narrative is preserved but excluded from the final paper reading path.
docs/RESULTS.md,md,1dc09d32e043d391acaa31ae36b02845faf21a35,98c043cd625b1f02b5fe9879fac21448733c9e38,BO_VS_DOE_TERMINAL_RULE,Historical or non-paper work,HISTORICAL,NONE,historical record,NONE — no active claim consumer; preserved at archive/bo-vs-doe/docs/RESULTS.md,CONSOLIDATED INTO PAPER LEDGER,ARCHIVE-VALID,archive/bo-vs-doe/docs/RESULTS.md,Historical narrative is preserved but excluded from the final paper reading path.
docs/SESSION-LOG-2026-08-26.md,md,91af117e7edc17b4dc920a57fa598c4d70ab3013,42ba7c2d4e16c6f5d91bf72fe4e4cca47a5206e8,SPADE_MANUFACTURING_RECOVERY,Historical or non-paper work,HISTORICAL,NONE,historical record,NONE — no active claim consumer; preserved at archive/exploratory/docs/SESSION-LOG-2026-08-26.md,CONSOLIDATED INTO PAPER LEDGER,ARCHIVE-VALID,archive/exploratory/docs/SESSION-LOG-2026-08-26.md,Historical narrative is preserved but excluded from the final paper reading path.
docs/SPADE-ACKLEY-THETA-SPEC.md,md,6947c810da2e293d5f425a2a67a3410b215f9b07,ae9ecc062f7e76539940bad75da76a02707dfd7a,SPADE_CONFIRMATION_AND_PAPER,Historical or non-paper work,HISTORICAL,NONE,superseded SPADE narrative,NONE — no active claim consumer; preserved at archive/superseded-spade/docs/SPADE-ACKLEY-THETA-SPEC.md,SUPERSEDED BY PAPER LEDGER,ARCHIVE-SUPERSEDED,archive/superseded-spade/docs/SPADE-ACKLEY-THETA-SPEC.md,Earlier SPADE narrative or protocol replaced by the final claim ledger and active protocols.
docs/SPADE-ASSURANCE-CALIBRATION-SPEC.md,md,6848e2f59e26aeaba41a36be6fd0dcd0a19fdd0d,f7f03beaf9f7edb38e35e438ace15e8c1bdf7e6c,SPADE_MANUFACTURING_RECOVERY,Historical or non-paper work,HISTORICAL,NONE,superseded SPADE narrative,NONE — no active claim consumer; preserved at archive/superseded-spade/docs/SPADE-ASSURANCE-CALIBRATION-SPEC.md,SUPERSEDED BY PAPER LEDGER,ARCHIVE-SUPERSEDED,archive/superseded-spade/docs/SPADE-ASSURANCE-CALIBRATION-SPEC.md,Earlier SPADE narrative or protocol replaced by the final claim ledger and active protocols.
docs/SPADE-CALIBRATED-BENCHMARK-SPEC.md,md,08b9650d630c488a78e655f9459b3c2ca1ed9278,fe24b284bb4c5a3f4dc4bacec8315ccf63932b5a,SPADE_MANUFACTURING_RECOVERY,Historical or non-paper work,HISTORICAL,NONE,superseded SPADE narrative,NONE — no active claim consumer; preserved at archive/superseded-spade/docs/SPADE-CALIBRATED-BENCHMARK-SPEC.md,SUPERSEDED BY PAPER LEDGER,ARCHIVE-SUPERSEDED,archive/superseded-spade/docs/SPADE-CALIBRATED-BENCHMARK-SPEC.md,Earlier SPADE narrative or protocol replaced by the final claim ledger and active protocols.
docs/SPADE-CALIBRATION-FIX-SPEC.md,md,8f9c7b5fb9558a224e09469aeb5844982b112866,6492701c9ddfb5ac408aaf1ce82550a531c91210,SPADE_DEVELOPMENT_AND_LOCKBOX,Historical or non-paper work,HISTORICAL,NONE,superseded SPADE narrative,NONE — no active claim consumer; preserved at archive/superseded-spade/docs/SPADE-CALIBRATION-FIX-SPEC.md,SUPERSEDED BY PAPER LEDGER,ARCHIVE-SUPERSEDED,archive/superseded-spade/docs/SPADE-CALIBRATION-FIX-SPEC.md,Earlier SPADE narrative or protocol replaced by the final claim ledger and active protocols.
docs/SPADE-CONCLUSIONS-2026-08-29.md,md,b5a5bfeb8aa7dbc101bb22162a1c2439dec8c19e,549a4515e7f9544a5083c0432f2bbbb180033f94,SPADE_CONFIRMATION_AND_PAPER,Historical or non-paper work,HISTORICAL,NONE,consolidated narrative source,NONE — no active claim consumer; preserved at archive/superseded-spade/docs/SPADE-CONCLUSIONS-2026-08-29.md,SUPERSEDED BY FINAL PAPER,ARCHIVE-SUPERSEDED,archive/superseded-spade/docs/SPADE-CONCLUSIONS-2026-08-29.md,Narrative source consolidated into paper/MANUSCRIPT.md and paper/SUPPLEMENT.md.
docs/SPADE-DOE-CERTIFICATE-SPEC.md,md,8568a449ccf261a3ea19fb9caacd67d761c3f2ac,843a44fbf0cd5a90237f9314e4266ada77394720,SPADE_CONFIRMATION_AND_PAPER,Historical or non-paper work,HISTORICAL,NONE,consolidated narrative source,NONE — no active claim consumer; preserved at archive/superseded-spade/docs/SPADE-DOE-CERTIFICATE-SPEC.md,SUPERSEDED BY FINAL PAPER,ARCHIVE-SUPERSEDED,archive/superseded-spade/docs/SPADE-DOE-CERTIFICATE-SPEC.md,Narrative source consolidated into paper/MANUSCRIPT.md and paper/SUPPLEMENT.md.
docs/SPADE-EFFECTIVE-RESOLUTION-SPEC.md,md,7ae6fc6347d03bd0a23dec49434ae551fdc075b6,1a3d9274fe06ea2ae52cb1e13923ce31be48a68d,SPADE_MANUFACTURING_RECOVERY,Historical or non-paper work,HISTORICAL,NONE,superseded SPADE narrative,NONE — no active claim consumer; preserved at archive/superseded-spade/docs/SPADE-EFFECTIVE-RESOLUTION-SPEC.md,SUPERSEDED BY PAPER LEDGER,ARCHIVE-SUPERSEDED,archive/superseded-spade/docs/SPADE-EFFECTIVE-RESOLUTION-SPEC.md,Earlier SPADE narrative or protocol replaced by the final claim ledger and active protocols.
docs/SPADE-FINAL-SPEC.md,md,c4f58d392861e5d21f7013c49e7d0988847a1cc8,4832403d5cdf839cf4825788845732fb2c61165a,DESIGN_SPACE_PRE_SPADE,Historical or non-paper work,HISTORICAL,NONE,superseded SPADE narrative,NONE — no active claim consumer; preserved at archive/superseded-spade/docs/SPADE-FINAL-SPEC.md,SUPERSEDED BY PAPER LEDGER,ARCHIVE-SUPERSEDED,archive/superseded-spade/docs/SPADE-FINAL-SPEC.md,Earlier SPADE narrative or protocol replaced by the final claim ledger and active protocols.
docs/SPADE-FOR-RESEARCHERS.md,md,173e8f0ec08b672f5ac7aa0aa7037a8c87e54d6c,d5f0a58b2302bb8780f3ad53d9c5e63782e3ad8f,SPADE_DEVELOPMENT_AND_LOCKBOX,Historical or non-paper work,HISTORICAL,NONE,superseded SPADE narrative,NONE — no active claim consumer; preserved at archive/superseded-spade/docs/SPADE-FOR-RESEARCHERS.md,SUPERSEDED BY PAPER LEDGER,ARCHIVE-SUPERSEDED,archive/superseded-spade/docs/SPADE-FOR-RESEARCHERS.md,Earlier SPADE narrative or protocol replaced by the final claim ledger and active protocols.
docs/SPADE-HYPERMIX-SPEC.md,md,94775ae8d67f254656fb3ade63a912dd6ab89154,11e041c493e2edbc5fb7b4d74b34e4a532639c95,SPADE_MANUFACTURING_RECOVERY,Historical or non-paper work,HISTORICAL,NONE,superseded SPADE narrative,NONE — no active claim consumer; preserved at archive/superseded-spade/docs/SPADE-HYPERMIX-SPEC.md,SUPERSEDED BY PAPER LEDGER,ARCHIVE-SUPERSEDED,archive/superseded-spade/docs/SPADE-HYPERMIX-SPEC.md,Earlier SPADE narrative or protocol replaced by the final claim ledger and active protocols.
docs/SPADE-KF3-FOLLOWUP-SPEC.md,md,6c5e86057eb9d21e6ad4c760435d8865df48b098,0a545824110bd064525571263fb7b1260663831c,DESIGN_SPACE_PRE_SPADE,Historical or non-paper work,HISTORICAL,NONE,superseded SPADE narrative,NONE — no active claim consumer; preserved at archive/superseded-spade/docs/SPADE-KF3-FOLLOWUP-SPEC.md,SUPERSEDED BY PAPER LEDGER,ARCHIVE-SUPERSEDED,archive/superseded-spade/docs/SPADE-KF3-FOLLOWUP-SPEC.md,Earlier SPADE narrative or protocol replaced by the final claim ledger and active protocols.
docs/SPADE-LC-CONFIRMATORY-SPEC.md,md,19f845a7f7757b0c985b365ceb1ecbe69b984b61,7d0e519607fdb4e60a26a44aab35c3581471caad,SPADE_CONFIRMATION_AND_PAPER,Historical or non-paper work,HISTORICAL,NONE,consolidated narrative source,NONE — no active claim consumer; preserved at archive/superseded-spade/docs/SPADE-LC-CONFIRMATORY-SPEC.md,SUPERSEDED BY FINAL PAPER,ARCHIVE-SUPERSEDED,archive/superseded-spade/docs/SPADE-LC-CONFIRMATORY-SPEC.md,Narrative source consolidated into paper/MANUSCRIPT.md and paper/SUPPLEMENT.md.
docs/SPADE-PAPER-ARGUMENT.md,md,f0164bd62ee7103e5f289ddd0ba93be93cc3f5c4,9d88dc454e85396db64d531a4b044a9ca1ddca18,SPADE_CONFIRMATION_AND_PAPER,Historical or non-paper work,HISTORICAL,NONE,consolidated narrative source,NONE — no active claim consumer; preserved at archive/superseded-spade/docs/SPADE-PAPER-ARGUMENT.md,SUPERSEDED BY FINAL PAPER,ARCHIVE-SUPERSEDED,archive/superseded-spade/docs/SPADE-PAPER-ARGUMENT.md,Narrative source consolidated into paper/MANUSCRIPT.md and paper/SUPPLEMENT.md.
docs/SPADE-PLATE2-CERTIFICATE-SPEC.md,md,1df991ad4b11897731600a4c00955c5c609ebbcb,de46417e2b58987f338ec429fc37f3be390d129c,SPADE_MANUFACTURING_RECOVERY,Historical or non-paper work,HISTORICAL,NONE,superseded SPADE narrative,NONE — no active claim consumer; preserved at archive/superseded-spade/docs/SPADE-PLATE2-CERTIFICATE-SPEC.md,SUPERSEDED BY PAPER LEDGER,ARCHIVE-SUPERSEDED,archive/superseded-spade/docs/SPADE-PLATE2-CERTIFICATE-SPEC.md,Earlier SPADE narrative or protocol replaced by the final claim ledger and active protocols.
docs/SPADE-PREVALENCE-MATCHED-SPEC.md,md,82c0c913b8cb10ca250b192503ad5572a8c04588,8ba4472b82c1179a568d4f4f6ad5777cedff6627,SPADE_MANUFACTURING_RECOVERY,Historical or non-paper work,HISTORICAL,NONE,superseded SPADE narrative,NONE — no active claim consumer; preserved at archive/superseded-spade/docs/SPADE-PREVALENCE-MATCHED-SPEC.md,SUPERSEDED BY PAPER LEDGER,ARCHIVE-SUPERSEDED,archive/superseded-spade/docs/SPADE-PREVALENCE-MATCHED-SPEC.md,Earlier SPADE narrative or protocol replaced by the final claim ledger and active protocols.
docs/SPADE-PUBLISHED-ECM-RESULT.md,md,d6652e01077c5ca18dfb802e8f09a75fd06cf196,d6652e01077c5ca18dfb802e8f09a75fd06cf196,SPADE_MANUFACTURING_RECOVERY,Historical or non-paper work,HISTORICAL,NONE,consolidated narrative source,NONE — no active claim consumer; preserved at archive/superseded-spade/docs/SPADE-PUBLISHED-ECM-RESULT.md,SUPERSEDED BY FINAL PAPER,ARCHIVE-SUPERSEDED,archive/superseded-spade/docs/SPADE-PUBLISHED-ECM-RESULT.md,Narrative source consolidated into paper/MANUSCRIPT.md and paper/SUPPLEMENT.md.
docs/SPADE-REAL-IPSC-RESULT.md,md,10e6f55ccaa3e708736955c13173ede75eece746,aa012032ed34e85681da8d253e4ebcb642d6af59,SPADE_MANUFACTURING_RECOVERY,Historical or non-paper work,HISTORICAL,NONE,consolidated narrative source,NONE — no active claim consumer; preserved at archive/superseded-spade/docs/SPADE-REAL-IPSC-RESULT.md,SUPERSEDED BY FINAL PAPER,ARCHIVE-SUPERSEDED,archive/superseded-spade/docs/SPADE-REAL-IPSC-RESULT.md,Narrative source consolidated into paper/MANUSCRIPT.md and paper/SUPPLEMENT.md.
docs/SPADE-REALISTIC-NOISE-SPEC.md,md,a3b8647c195ed856bccbae7c36faec648fe3a11e,f0917ac2b18402ad0b4cb7d2758f793dfc0d63bb,SPADE_MANUFACTURING_RECOVERY,Historical or non-paper work,HISTORICAL,NONE,superseded SPADE narrative,NONE — no active claim consumer; preserved at archive/superseded-spade/docs/SPADE-REALISTIC-NOISE-SPEC.md,SUPERSEDED BY PAPER LEDGER,ARCHIVE-SUPERSEDED,archive/superseded-spade/docs/SPADE-REALISTIC-NOISE-SPEC.md,Earlier SPADE narrative or protocol replaced by the final claim ledger and active protocols.
docs/SPADE-RESULTS-AND-ANALYSIS.md,md,6b2f631ac2929b72e32094f6f11c9cf17873bc6b,d5f0a58b2302bb8780f3ad53d9c5e63782e3ad8f,SPADE_DEVELOPMENT_AND_LOCKBOX,Historical or non-paper work,HISTORICAL,NONE,superseded SPADE narrative,NONE — no active claim consumer; preserved at archive/superseded-spade/docs/SPADE-RESULTS-AND-ANALYSIS.md,SUPERSEDED BY PAPER LEDGER,ARCHIVE-SUPERSEDED,archive/superseded-spade/docs/SPADE-RESULTS-AND-ANALYSIS.md,Earlier SPADE narrative or protocol replaced by the final claim ledger and active protocols.
docs/SPADE-ROUND-MATCHED-SPEC.md,md,4cbe17e0919e4baa66e9117b96c70420c4ac2bfc,29cbe48447948516fe05f82306ef27ccb628290c,SPADE_MANUFACTURING_RECOVERY,Historical or non-paper work,HISTORICAL,NONE,consolidated narrative source,NONE — no active claim consumer; preserved at archive/superseded-spade/docs/SPADE-ROUND-MATCHED-SPEC.md,SUPERSEDED BY FINAL PAPER,ARCHIVE-SUPERSEDED,archive/superseded-spade/docs/SPADE-ROUND-MATCHED-SPEC.md,Narrative source consolidated into paper/MANUSCRIPT.md and paper/SUPPLEMENT.md.
docs/SPADE-ROUND-SWEEP-SPEC.md,md,4411e5e8ed96c76190680dfb8c67f51b5ec20db2,cf80ac12a79c389540df517423bc31746fe96648,SPADE_CONFIRMATION_AND_PAPER,Historical or non-paper work,HISTORICAL,NONE,superseded SPADE narrative,NONE — no active claim consumer; preserved at archive/superseded-spade/docs/SPADE-ROUND-SWEEP-SPEC.md,SUPERSEDED BY PAPER LEDGER,ARCHIVE-SUPERSEDED,archive/superseded-spade/docs/SPADE-ROUND-SWEEP-SPEC.md,Earlier SPADE narrative or protocol replaced by the final claim ledger and active protocols.
docs/SPADE-SELECTION-BLIND-SPEC.md,md,09275d7f2c4ab78a7d323ef1c876ae8e8f0d6f8b,5ff42cba56f5296d8eb0d217d9883e0a88141b62,SPADE_MANUFACTURING_RECOVERY,Historical or non-paper work,HISTORICAL,NONE,superseded SPADE narrative,NONE — no active claim consumer; preserved at archive/superseded-spade/docs/SPADE-SELECTION-BLIND-SPEC.md,SUPERSEDED BY PAPER LEDGER,ARCHIVE-SUPERSEDED,archive/superseded-spade/docs/SPADE-SELECTION-BLIND-SPEC.md,Earlier SPADE narrative or protocol replaced by the final claim ledger and active protocols.
docs/SPADE-SELF-CALIBRATION-SPEC.md,md,1a3d9274fe06ea2ae52cb1e13923ce31be48a68d,1a3d9274fe06ea2ae52cb1e13923ce31be48a68d,SPADE_MANUFACTURING_RECOVERY,Historical or non-paper work,HISTORICAL,NONE,superseded SPADE narrative,NONE — no active claim consumer; preserved at archive/superseded-spade/docs/SPADE-SELF-CALIBRATION-SPEC.md,SUPERSEDED BY PAPER LEDGER,ARCHIVE-SUPERSEDED,archive/superseded-spade/docs/SPADE-SELF-CALIBRATION-SPEC.md,Earlier SPADE narrative or protocol replaced by the final claim ledger and active protocols.
docs/SPADE-SPEC.md,md,1ff42a2a90d4a19b427eb856acc69cdc718f4000,1ff42a2a90d4a19b427eb856acc69cdc718f4000,DESIGN_SPACE_PRE_SPADE,Historical or non-paper work,HISTORICAL,NONE,superseded SPADE narrative,NONE — no active claim consumer; preserved at archive/superseded-spade/docs/SPADE-SPEC.md,SUPERSEDED BY PAPER LEDGER,ARCHIVE-SUPERSEDED,archive/superseded-spade/docs/SPADE-SPEC.md,Earlier SPADE narrative or protocol replaced by the final claim ledger and active protocols.
docs/SPADE-STATE-OF-THE-METHOD.md,md,b40c48ac8b6bff85c8e9da0f8f81d67487557f31,ae9ecc062f7e76539940bad75da76a02707dfd7a,SPADE_CONFIRMATION_AND_PAPER,Historical or non-paper work,HISTORICAL,NONE,superseded SPADE narrative,NONE — no active claim consumer; preserved at archive/superseded-spade/docs/SPADE-STATE-OF-THE-METHOD.md,SUPERSEDED BY PAPER LEDGER,ARCHIVE-SUPERSEDED,archive/superseded-spade/docs/SPADE-STATE-OF-THE-METHOD.md,Earlier SPADE narrative or protocol replaced by the final claim ledger and active protocols.
docs/SPADE-TAU-DEGENERACY-SPEC.md,md,0c21304dfbb471ce7709e49933b6f7d8c8164ed4,ae9ecc062f7e76539940bad75da76a02707dfd7a,SPADE_CONFIRMATION_AND_PAPER,Historical or non-paper work,HISTORICAL,NONE,consolidated narrative source,NONE — no active claim consumer; preserved at archive/superseded-spade/docs/SPADE-TAU-DEGENERACY-SPEC.md,SUPERSEDED BY FINAL PAPER,ARCHIVE-SUPERSEDED,archive/superseded-spade/docs/SPADE-TAU-DEGENERACY-SPEC.md,Narrative source consolidated into paper/MANUSCRIPT.md and paper/SUPPLEMENT.md.
docs/SPADE-TAU-QUANTILE-SPEC.md,md,8aeba0b069087df2aa69a8a93a6c53a83db7a52d,14161db7b77583d9792c3949982efc0a7dec15fb,SPADE_DEVELOPMENT_AND_LOCKBOX,Historical or non-paper work,HISTORICAL,NONE,superseded SPADE narrative,NONE — no active claim consumer; preserved at archive/superseded-spade/docs/SPADE-TAU-QUANTILE-SPEC.md,SUPERSEDED BY PAPER LEDGER,ARCHIVE-SUPERSEDED,archive/superseded-spade/docs/SPADE-TAU-QUANTILE-SPEC.md,Earlier SPADE narrative or protocol replaced by the final claim ledger and active protocols.
docs/SPADE-THETA-TAU-SPEC.md,md,c6c034c1bf337c1c51f9d3660c0a6d40c12b7a33,bdd9f52438d11b32eaa35405608e64ca0b486de3,SPADE_CONFIRMATION_AND_PAPER,Historical or non-paper work,HISTORICAL,NONE,consolidated narrative source,NONE — no active claim consumer; preserved at archive/superseded-spade/docs/SPADE-THETA-TAU-SPEC.md,SUPERSEDED BY FINAL PAPER,ARCHIVE-SUPERSEDED,archive/superseded-spade/docs/SPADE-THETA-TAU-SPEC.md,Narrative source consolidated into paper/MANUSCRIPT.md and paper/SUPPLEMENT.md.
docs/SUPPLEMENT.md,md,756e4ea9c93a0e2abff10ef5eb1cf164221d04ff,756e4ea9c93a0e2abff10ef5eb1cf164221d04ff,BO_VS_DOE_TERMINAL_RULE,Historical or non-paper work,HISTORICAL,NONE,historical record,NONE — no active claim consumer; preserved at archive/exploratory/docs/SUPPLEMENT.md,CONSOLIDATED INTO PAPER LEDGER,ARCHIVE-VALID,archive/exploratory/docs/SUPPLEMENT.md,Historical narrative is preserved but excluded from the final paper reading path.
docs/TRIAGE.md,md,8696644d9d94251f29931ee6debda84c604fc4b7,d5f0a58b2302bb8780f3ad53d9c5e63782e3ad8f,SPADE_DEVELOPMENT_AND_LOCKBOX,Historical or non-paper work,HISTORICAL,NONE,historical record,NONE — no active claim consumer; preserved at archive/bo-vs-doe/docs/TRIAGE.md,CONSOLIDATED INTO PAPER LEDGER,ARCHIVE-VALID,archive/bo-vs-doe/docs/TRIAGE.md,Historical narrative is preserved but excluded from the final paper reading path.
docs/WEEK-RECAP-2026-08-13.md,md,c31437f1143e08650488829d4d6bedb53e97b782,c31437f1143e08650488829d4d6bedb53e97b782,BO_VS_DOE_TERMINAL_RULE,Historical or non-paper work,HISTORICAL,NONE,historical record,NONE — no active claim consumer; preserved at archive/exploratory/docs/WEEK-RECAP-2026-08-13.md,CONSOLIDATED INTO PAPER LEDGER,ARCHIVE-VALID,archive/exploratory/docs/WEEK-RECAP-2026-08-13.md,Historical narrative is preserved but excluded from the final paper reading path.
docs/WHAT-WE-FOUND.md,md,a189dddf881588908ab8f5f36e58531011a77308,d5f0a58b2302bb8780f3ad53d9c5e63782e3ad8f,SPADE_DEVELOPMENT_AND_LOCKBOX,Historical or non-paper work,HISTORICAL,NONE,historical record,NONE — no active claim consumer; preserved at archive/exploratory/docs/WHAT-WE-FOUND.md,CONSOLIDATED INTO PAPER LEDGER,ARCHIVE-VALID,archive/exploratory/docs/WHAT-WE-FOUND.md,Historical narrative is preserved but excluded from the final paper reading path.
docs/archive/README.md,md,8696644d9d94251f29931ee6debda84c604fc4b7,b7240ade5cb60d181a65400bbc210c2e119c8e37,BO_VS_DOE_TERMINAL_RULE,Historical or non-paper work,HISTORICAL,NONE,historical record,NONE — no active claim consumer; preserved at archive/exploratory/docs/archive/README.md,CONSOLIDATED INTO PAPER LEDGER,ARCHIVE-VALID,archive/exploratory/docs/archive/README.md,Historical narrative is preserved but excluded from the final paper reading path.
docs/archive/build-phase/TASKS.md,md,8696644d9d94251f29931ee6debda84c604fc4b7,8696644d9d94251f29931ee6debda84c604fc4b7,BO_VS_DOE_TERMINAL_RULE,Historical or non-paper work,HISTORICAL,NONE,historical record,NONE — no active claim consumer; preserved at archive/exploratory/docs/archive/build-phase/TASKS.md,CONSOLIDATED INTO PAPER LEDGER,ARCHIVE-VALID,archive/exploratory/docs/archive/build-phase/TASKS.md,Historical narrative is preserved but excluded from the final paper reading path.
docs/archive/build-phase/build-scope-person-b.md,md,8696644d9d94251f29931ee6debda84c604fc4b7,8696644d9d94251f29931ee6debda84c604fc4b7,BO_VS_DOE_TERMINAL_RULE,Historical or non-paper work,HISTORICAL,NONE,historical record,NONE — no active claim consumer; preserved at archive/exploratory/docs/archive/build-phase/build-scope-person-b.md,CONSOLIDATED INTO PAPER LEDGER,ARCHIVE-VALID,archive/exploratory/docs/archive/build-phase/build-scope-person-b.md,Historical narrative is preserved but excluded from the final paper reading path.
docs/archive/build-phase/person_a_spec.md,md,8696644d9d94251f29931ee6debda84c604fc4b7,8696644d9d94251f29931ee6debda84c604fc4b7,BO_VS_DOE_TERMINAL_RULE,Historical or non-paper work,HISTORICAL,NONE,historical record,NONE — no active claim consumer; preserved at archive/exploratory/docs/archive/build-phase/person_a_spec.md,CONSOLIDATED INTO PAPER LEDGER,ARCHIVE-VALID,archive/exploratory/docs/archive/build-phase/person_a_spec.md,Historical narrative is preserved but excluded from the final paper reading path.
docs/archive/build-phase/person_b_spec.md,md,8696644d9d94251f29931ee6debda84c604fc4b7,8696644d9d94251f29931ee6debda84c604fc4b7,BO_VS_DOE_TERMINAL_RULE,Historical or non-paper work,HISTORICAL,NONE,historical record,NONE — no active claim consumer; preserved at archive/exploratory/docs/archive/build-phase/person_b_spec.md,CONSOLIDATED INTO PAPER LEDGER,ARCHIVE-VALID,archive/exploratory/docs/archive/build-phase/person_b_spec.md,Historical narrative is preserved but excluded from the final paper reading path.
docs/archive/build-phase/phase1_build.md,md,8696644d9d94251f29931ee6debda84c604fc4b7,8696644d9d94251f29931ee6debda84c604fc4b7,BO_VS_DOE_TERMINAL_RULE,Historical or non-paper work,HISTORICAL,NONE,historical record,NONE — no active claim consumer; preserved at archive/exploratory/docs/archive/build-phase/phase1_build.md,CONSOLIDATED INTO PAPER LEDGER,ARCHIVE-VALID,archive/exploratory/docs/archive/build-phase/phase1_build.md,Historical narrative is preserved but excluded from the final paper reading path.
docs/archive/build-phase/preflight-findings.md,md,8696644d9d94251f29931ee6debda84c604fc4b7,8696644d9d94251f29931ee6debda84c604fc4b7,BO_VS_DOE_TERMINAL_RULE,Historical or non-paper work,HISTORICAL,NONE,historical record,NONE — no active claim consumer; preserved at archive/exploratory/docs/archive/build-phase/preflight-findings.md,CONSOLIDATED INTO PAPER LEDGER,ARCHIVE-VALID,archive/exploratory/docs/archive/build-phase/preflight-findings.md,Historical narrative is preserved but excluded from the final paper reading path.
docs/archive/build-phase/project_plan.md,md,8696644d9d94251f29931ee6debda84c604fc4b7,8696644d9d94251f29931ee6debda84c604fc4b7,BO_VS_DOE_TERMINAL_RULE,Historical or non-paper work,HISTORICAL,NONE,historical record,NONE — no active claim consumer; preserved at archive/exploratory/docs/archive/build-phase/project_plan.md,CONSOLIDATED INTO PAPER LEDGER,ARCHIVE-VALID,archive/exploratory/docs/archive/build-phase/project_plan.md,Historical narrative is preserved but excluded from the final paper reading path.
docs/archive/build-phase/team_build_plan.md,md,8696644d9d94251f29931ee6debda84c604fc4b7,8696644d9d94251f29931ee6debda84c604fc4b7,BO_VS_DOE_TERMINAL_RULE,Historical or non-paper work,HISTORICAL,NONE,historical record,NONE — no active claim consumer; preserved at archive/exploratory/docs/archive/build-phase/team_build_plan.md,CONSOLIDATED INTO PAPER LEDGER,ARCHIVE-VALID,archive/exploratory/docs/archive/build-phase/team_build_plan.md,Historical narrative is preserved but excluded from the final paper reading path.
docs/archive/build-phase/what-each-file-does.md,md,8696644d9d94251f29931ee6debda84c604fc4b7,8696644d9d94251f29931ee6debda84c604fc4b7,BO_VS_DOE_TERMINAL_RULE,Historical or non-paper work,HISTORICAL,NONE,historical record,NONE — no active claim consumer; preserved at archive/exploratory/docs/archive/build-phase/what-each-file-does.md,CONSOLIDATED INTO PAPER LEDGER,ARCHIVE-VALID,archive/exploratory/docs/archive/build-phase/what-each-file-does.md,Historical narrative is preserved but excluded from the final paper reading path.
docs/archive/exploratory/EXPLORATORY.md,md,8696644d9d94251f29931ee6debda84c604fc4b7,8696644d9d94251f29931ee6debda84c604fc4b7,BO_VS_DOE_TERMINAL_RULE,Historical or non-paper work,HISTORICAL,NONE,historical record,NONE — no active claim consumer; preserved at archive/exploratory/docs/archive/exploratory/EXPLORATORY.md,CONSOLIDATED INTO PAPER LEDGER,ARCHIVE-VALID,archive/exploratory/docs/archive/exploratory/EXPLORATORY.md,Historical narrative is preserved but excluded from the final paper reading path.
docs/archive/exploratory/exploratory.py,py,8696644d9d94251f29931ee6debda84c604fc4b7,8696644d9d94251f29931ee6debda84c604fc4b7,BO_VS_DOE_TERMINAL_RULE,Historical or non-paper work,HISTORICAL,NONE,historical record,NONE — no active claim consumer; preserved at archive/exploratory/docs/archive/exploratory/exploratory.py,CONSOLIDATED INTO PAPER LEDGER,ARCHIVE-VALID,archive/exploratory/docs/archive/exploratory/exploratory.py,Historical narrative is preserved but excluded from the final paper reading path.
docs/archive/exploratory/exploratory_kg.py,py,8696644d9d94251f29931ee6debda84c604fc4b7,8696644d9d94251f29931ee6debda84c604fc4b7,BO_VS_DOE_TERMINAL_RULE,Historical or non-paper work,HISTORICAL,NONE,historical record,NONE — no active claim consumer; preserved at archive/exploratory/docs/archive/exploratory/exploratory_kg.py,CONSOLIDATED INTO PAPER LEDGER,ARCHIVE-VALID,archive/exploratory/docs/archive/exploratory/exploratory_kg.py,Historical narrative is preserved but excluded from the final paper reading path.
docs/archive/exploratory/exploratory_recommendation.py,py,8696644d9d94251f29931ee6debda84c604fc4b7,8696644d9d94251f29931ee6debda84c604fc4b7,BO_VS_DOE_TERMINAL_RULE,Historical or non-paper work,HISTORICAL,NONE,historical record,NONE — no active claim consumer; preserved at archive/exploratory/docs/archive/exploratory/exploratory_recommendation.py,CONSOLIDATED INTO PAPER LEDGER,ARCHIVE-VALID,archive/exploratory/docs/archive/exploratory/exploratory_recommendation.py,Historical narrative is preserved but excluded from the final paper reading path.
docs/archive/exploratory/exploratory_recommendation_b.py,py,8696644d9d94251f29931ee6debda84c604fc4b7,8696644d9d94251f29931ee6debda84c604fc4b7,BO_VS_DOE_TERMINAL_RULE,Historical or non-paper work,HISTORICAL,NONE,historical record,NONE — no active claim consumer; preserved at archive/exploratory/docs/archive/exploratory/exploratory_recommendation_b.py,CONSOLIDATED INTO PAPER LEDGER,ARCHIVE-VALID,archive/exploratory/docs/archive/exploratory/exploratory_recommendation_b.py,Historical narrative is preserved but excluded from the final paper reading path.
docs/archive/exploratory/exploratory_three_factor.py,py,8696644d9d94251f29931ee6debda84c604fc4b7,8696644d9d94251f29931ee6debda84c604fc4b7,BO_VS_DOE_TERMINAL_RULE,Historical or non-paper work,HISTORICAL,NONE,historical record,NONE — no active claim consumer; preserved at archive/exploratory/docs/archive/exploratory/exploratory_three_factor.py,CONSOLIDATED INTO PAPER LEDGER,ARCHIVE-VALID,archive/exploratory/docs/archive/exploratory/exploratory_three_factor.py,Historical narrative is preserved but excluded from the final paper reading path.
docs/archive/exploratory/results/exploratory-kg.log,log,8696644d9d94251f29931ee6debda84c604fc4b7,8696644d9d94251f29931ee6debda84c604fc4b7,BO_VS_DOE_TERMINAL_RULE,Historical or non-paper work,HISTORICAL,NONE,historical record,NONE — no active claim consumer; preserved at archive/exploratory/docs/archive/exploratory/results/exploratory-kg.log,CONSOLIDATED INTO PAPER LEDGER,ARCHIVE-VALID,archive/exploratory/docs/archive/exploratory/results/exploratory-kg.log,Historical narrative is preserved but excluded from the final paper reading path.
docs/archive/exploratory/results/exploratory-recommendation-b.log,log,8696644d9d94251f29931ee6debda84c604fc4b7,8696644d9d94251f29931ee6debda84c604fc4b7,BO_VS_DOE_TERMINAL_RULE,Historical or non-paper work,HISTORICAL,NONE,historical record,NONE — no active claim consumer; preserved at archive/exploratory/docs/archive/exploratory/results/exploratory-recommendation-b.log,CONSOLIDATED INTO PAPER LEDGER,ARCHIVE-VALID,archive/exploratory/docs/archive/exploratory/results/exploratory-recommendation-b.log,Historical narrative is preserved but excluded from the final paper reading path.
docs/archive/exploratory/results/exploratory-recommendation.log,log,8696644d9d94251f29931ee6debda84c604fc4b7,8696644d9d94251f29931ee6debda84c604fc4b7,BO_VS_DOE_TERMINAL_RULE,Historical or non-paper work,HISTORICAL,NONE,historical record,NONE — no active claim consumer; preserved at archive/exploratory/docs/archive/exploratory/results/exploratory-recommendation.log,CONSOLIDATED INTO PAPER LEDGER,ARCHIVE-VALID,archive/exploratory/docs/archive/exploratory/results/exploratory-recommendation.log,Historical narrative is preserved but excluded from the final paper reading path.
docs/archive/exploratory/results/exploratory-three-factor.log,log,8696644d9d94251f29931ee6debda84c604fc4b7,8696644d9d94251f29931ee6debda84c604fc4b7,BO_VS_DOE_TERMINAL_RULE,Historical or non-paper work,HISTORICAL,NONE,historical record,NONE — no active claim consumer; preserved at archive/exploratory/docs/archive/exploratory/results/exploratory-three-factor.log,CONSOLIDATED INTO PAPER LEDGER,ARCHIVE-VALID,archive/exploratory/docs/archive/exploratory/results/exploratory-three-factor.log,Historical narrative is preserved but excluded from the final paper reading path.
docs/archive/exploratory/test_exploratory.py,py,8696644d9d94251f29931ee6debda84c604fc4b7,8696644d9d94251f29931ee6debda84c604fc4b7,BO_VS_DOE_TERMINAL_RULE,Historical or non-paper work,HISTORICAL,NONE,historical record,NONE — no active claim consumer; preserved at archive/exploratory/docs/archive/exploratory/test_exploratory.py,CONSOLIDATED INTO PAPER LEDGER,ARCHIVE-VALID,archive/exploratory/docs/archive/exploratory/test_exploratory.py,Historical narrative is preserved but excluded from the final paper reading path.
docs/archive/plain-english/00-metrics.md,md,8696644d9d94251f29931ee6debda84c604fc4b7,8696644d9d94251f29931ee6debda84c604fc4b7,BO_VS_DOE_TERMINAL_RULE,Historical or non-paper work,HISTORICAL,NONE,historical record,NONE — no active claim consumer; preserved at archive/exploratory/docs/archive/plain-english/00-metrics.md,CONSOLIDATED INTO PAPER LEDGER,ARCHIVE-VALID,archive/exploratory/docs/archive/plain-english/00-metrics.md,Historical narrative is preserved but excluded from the final paper reading path.
docs/archive/plain-english/01-rsm.md,md,8696644d9d94251f29931ee6debda84c604fc4b7,8696644d9d94251f29931ee6debda84c604fc4b7,BO_VS_DOE_TERMINAL_RULE,Historical or non-paper work,HISTORICAL,NONE,historical record,NONE — no active claim consumer; preserved at archive/exploratory/docs/archive/plain-english/01-rsm.md,CONSOLIDATED INTO PAPER LEDGER,ARCHIVE-VALID,archive/exploratory/docs/archive/plain-english/01-rsm.md,Historical narrative is preserved but excluded from the final paper reading path.
docs/archive/plain-english/02-designs.md,md,8696644d9d94251f29931ee6debda84c604fc4b7,8696644d9d94251f29931ee6debda84c604fc4b7,BO_VS_DOE_TERMINAL_RULE,Historical or non-paper work,HISTORICAL,NONE,historical record,NONE — no active claim consumer; preserved at archive/exploratory/docs/archive/plain-english/02-designs.md,CONSOLIDATED INTO PAPER LEDGER,ARCHIVE-VALID,archive/exploratory/docs/archive/plain-english/02-designs.md,Historical narrative is preserved but excluded from the final paper reading path.
docs/archive/plain-english/03-surrogate.md,md,8696644d9d94251f29931ee6debda84c604fc4b7,8696644d9d94251f29931ee6debda84c604fc4b7,BO_VS_DOE_TERMINAL_RULE,Historical or non-paper work,HISTORICAL,NONE,historical record,NONE — no active claim consumer; preserved at archive/exploratory/docs/archive/plain-english/03-surrogate.md,CONSOLIDATED INTO PAPER LEDGER,ARCHIVE-VALID,archive/exploratory/docs/archive/plain-english/03-surrogate.md,Historical narrative is preserved but excluded from the final paper reading path.
docs/archive/plain-english/04-optimizers.md,md,8696644d9d94251f29931ee6debda84c604fc4b7,8696644d9d94251f29931ee6debda84c604fc4b7,BO_VS_DOE_TERMINAL_RULE,Historical or non-paper work,HISTORICAL,NONE,historical record,NONE — no active claim consumer; preserved at archive/exploratory/docs/archive/plain-english/04-optimizers.md,CONSOLIDATED INTO PAPER LEDGER,ARCHIVE-VALID,archive/exploratory/docs/archive/plain-english/04-optimizers.md,Historical narrative is preserved but excluded from the final paper reading path.
docs/archive/plain-english/05-campaign.md,md,8696644d9d94251f29931ee6debda84c604fc4b7,8696644d9d94251f29931ee6debda84c604fc4b7,BO_VS_DOE_TERMINAL_RULE,Historical or non-paper work,HISTORICAL,NONE,historical record,NONE — no active claim consumer; preserved at archive/exploratory/docs/archive/plain-english/05-campaign.md,CONSOLIDATED INTO PAPER LEDGER,ARCHIVE-VALID,archive/exploratory/docs/archive/plain-english/05-campaign.md,Historical narrative is preserved but excluded from the final paper reading path.
docs/archive/plain-english/06-parametric.md,md,8696644d9d94251f29931ee6debda84c604fc4b7,8696644d9d94251f29931ee6debda84c604fc4b7,BO_VS_DOE_TERMINAL_RULE,Historical or non-paper work,HISTORICAL,NONE,historical record,NONE — no active claim consumer; preserved at archive/exploratory/docs/archive/plain-english/06-parametric.md,CONSOLIDATED INTO PAPER LEDGER,ARCHIVE-VALID,archive/exploratory/docs/archive/plain-english/06-parametric.md,Historical narrative is preserved but excluded from the final paper reading path.
docs/archive/plain-english/07-e4-comparison.md,md,8696644d9d94251f29931ee6debda84c604fc4b7,8696644d9d94251f29931ee6debda84c604fc4b7,BO_VS_DOE_TERMINAL_RULE,Historical or non-paper work,HISTORICAL,NONE,historical record,NONE — no active claim consumer; preserved at archive/exploratory/docs/archive/plain-english/07-e4-comparison.md,CONSOLIDATED INTO PAPER LEDGER,ARCHIVE-VALID,archive/exploratory/docs/archive/plain-english/07-e4-comparison.md,Historical narrative is preserved but excluded from the final paper reading path.
docs/archive/plain-english/08-runner.md,md,8696644d9d94251f29931ee6debda84c604fc4b7,8696644d9d94251f29931ee6debda84c604fc4b7,BO_VS_DOE_TERMINAL_RULE,Historical or non-paper work,HISTORICAL,NONE,historical record,NONE — no active claim consumer; preserved at archive/exploratory/docs/archive/plain-english/08-runner.md,CONSOLIDATED INTO PAPER LEDGER,ARCHIVE-VALID,archive/exploratory/docs/archive/plain-english/08-runner.md,Historical narrative is preserved but excluded from the final paper reading path.
docs/archive/plain-english/README.md,md,8696644d9d94251f29931ee6debda84c604fc4b7,8696644d9d94251f29931ee6debda84c604fc4b7,BO_VS_DOE_TERMINAL_RULE,Historical or non-paper work,HISTORICAL,NONE,historical record,NONE — no active claim consumer; preserved at archive/exploratory/docs/archive/plain-english/README.md,CONSOLIDATED INTO PAPER LEDGER,ARCHIVE-VALID,archive/exploratory/docs/archive/plain-english/README.md,Historical narrative is preserved but excluded from the final paper reading path.
docs/oracle_defensibility.md,md,e28c84c95de028595772236b3d94b2d9f19389bb,f3602e7d622b95b7ec54648953e783e065ed6645,LAB_AND_PUBLISHED_DATA,Historical or non-paper work,HISTORICAL,NONE,historical record,NONE — no active claim consumer; preserved at archive/exploratory/docs/oracle_defensibility.md,CONSOLIDATED INTO PAPER LEDGER,ARCHIVE-VALID,archive/exploratory/docs/oracle_defensibility.md,Historical narrative is preserved but excluded from the final paper reading path.
docs/pdf_crosscheck.md,md,2b0c25514d568fdd24a5ded0f710aa748784ad13,2b0c25514d568fdd24a5ded0f710aa748784ad13,BO_VS_DOE_TERMINAL_RULE,Historical or non-paper work,HISTORICAL,NONE,historical record,NONE — no active claim consumer; preserved at archive/exploratory/docs/pdf_crosscheck.md,CONSOLIDATED INTO PAPER LEDGER,ARCHIVE-VALID,archive/exploratory/docs/pdf_crosscheck.md,Historical narrative is preserved but excluded from the final paper reading path.
docs/pdf_crosscheck_raw/crosscheck_1_blockers.md,md,2b0c25514d568fdd24a5ded0f710aa748784ad13,2b0c25514d568fdd24a5ded0f710aa748784ad13,BO_VS_DOE_TERMINAL_RULE,Historical or non-paper work,HISTORICAL,NONE,historical record,NONE — no active claim consumer; preserved at archive/exploratory/docs/pdf_crosscheck_raw/crosscheck_1_blockers.md,CONSOLIDATED INTO PAPER LEDGER,ARCHIVE-VALID,archive/exploratory/docs/pdf_crosscheck_raw/crosscheck_1_blockers.md,Historical narrative is preserved but excluded from the final paper reading path.
docs/pdf_crosscheck_raw/crosscheck_2_collagen.md,md,2b0c25514d568fdd24a5ded0f710aa748784ad13,2b0c25514d568fdd24a5ded0f710aa748784ad13,BO_VS_DOE_TERMINAL_RULE,Historical or non-paper work,HISTORICAL,NONE,historical record,NONE — no active claim consumer; preserved at archive/exploratory/docs/pdf_crosscheck_raw/crosscheck_2_collagen.md,CONSOLIDATED INTO PAPER LEDGER,ARCHIVE-VALID,archive/exploratory/docs/pdf_crosscheck_raw/crosscheck_2_collagen.md,Historical narrative is preserved but excluded from the final paper reading path.
docs/pdf_crosscheck_raw/crosscheck_3_record.md,md,2b0c25514d568fdd24a5ded0f710aa748784ad13,2b0c25514d568fdd24a5ded0f710aa748784ad13,BO_VS_DOE_TERMINAL_RULE,Historical or non-paper work,HISTORICAL,NONE,historical record,NONE — no active claim consumer; preserved at archive/exploratory/docs/pdf_crosscheck_raw/crosscheck_3_record.md,CONSOLIDATED INTO PAPER LEDGER,ARCHIVE-VALID,archive/exploratory/docs/pdf_crosscheck_raw/crosscheck_3_record.md,Historical narrative is preserved but excluded from the final paper reading path.
docs/pdf_crosscheck_raw/crosscheck_4_impact.md,md,2b0c25514d568fdd24a5ded0f710aa748784ad13,2b0c25514d568fdd24a5ded0f710aa748784ad13,BO_VS_DOE_TERMINAL_RULE,Historical or non-paper work,HISTORICAL,NONE,historical record,NONE — no active claim consumer; preserved at archive/exploratory/docs/pdf_crosscheck_raw/crosscheck_4_impact.md,CONSOLIDATED INTO PAPER LEDGER,ARCHIVE-VALID,archive/exploratory/docs/pdf_crosscheck_raw/crosscheck_4_impact.md,Historical narrative is preserved but excluded from the final paper reading path.
docs/source_verification.md,md,89e4babce0bb1cbce717d49eaaf733459162a861,8696644d9d94251f29931ee6debda84c604fc4b7,BO_VS_DOE_TERMINAL_RULE,Historical or non-paper work,HISTORICAL,NONE,historical record,NONE — no active claim consumer; preserved at archive/exploratory/docs/source_verification.md,CONSOLIDATED INTO PAPER LEDGER,ARCHIVE-VALID,archive/exploratory/docs/source_verification.md,Historical narrative is preserved but excluded from the final paper reading path.
docs/superpowers/plans/2026-08-13-lab-data-bo-lookup.md,md,d110da826529081b1533782840d35eed7248e825,d110da826529081b1533782840d35eed7248e825,LAB_AND_PUBLISHED_DATA,Historical or non-paper work,HISTORICAL,NONE,historical record,NONE — no active claim consumer; preserved at archive/superseded-spade/docs/superpowers/plans/2026-08-13-lab-data-bo-lookup.md,SUPERSEDED BY FINAL CONSOLIDATION DESIGN,ARCHIVE-SUPERSEDED,archive/superseded-spade/docs/superpowers/plans/2026-08-13-lab-data-bo-lookup.md,Implementation design history is preserved but removed from the paper path.
docs/superpowers/plans/2026-08-20-spade-go-no-go.md,md,1ff42a2a90d4a19b427eb856acc69cdc718f4000,0e3ea3ab0778c87cee41a1ec198f4d31ef033305,DESIGN_SPACE_PRE_SPADE,Historical or non-paper work,HISTORICAL,NONE,historical record,NONE — no active claim consumer; preserved at archive/superseded-spade/docs/superpowers/plans/2026-08-20-spade-go-no-go.md,SUPERSEDED BY FINAL CONSOLIDATION DESIGN,ARCHIVE-SUPERSEDED,archive/superseded-spade/docs/superpowers/plans/2026-08-20-spade-go-no-go.md,Implementation design history is preserved but removed from the paper path.
docs/superpowers/plans/2026-08-20-turbo-and-ocba.md,md,1ff42a2a90d4a19b427eb856acc69cdc718f4000,1ff42a2a90d4a19b427eb856acc69cdc718f4000,DESIGN_SPACE_PRE_SPADE,Historical or non-paper work,HISTORICAL,NONE,historical record,NONE — no active claim consumer; preserved at archive/superseded-spade/docs/superpowers/plans/2026-08-20-turbo-and-ocba.md,SUPERSEDED BY FINAL CONSOLIDATION DESIGN,ARCHIVE-SUPERSEDED,archive/superseded-spade/docs/superpowers/plans/2026-08-20-turbo-and-ocba.md,Implementation design history is preserved but removed from the paper path.
docs/superpowers/plans/2026-08-24-spade-first-paper-outline-rewrite.md,md,c7f6c8f2ccae594ca462909fe52b8fbd3561fb7a,d5f0a58b2302bb8780f3ad53d9c5e63782e3ad8f,SPADE_DEVELOPMENT_AND_LOCKBOX,Historical or non-paper work,HISTORICAL,NONE,historical record,NONE — no active claim consumer; preserved at archive/superseded-spade/docs/superpowers/plans/2026-08-24-spade-first-paper-outline-rewrite.md,SUPERSEDED BY FINAL CONSOLIDATION DESIGN,ARCHIVE-SUPERSEDED,archive/superseded-spade/docs/superpowers/plans/2026-08-24-spade-first-paper-outline-rewrite.md,Implementation design history is preserved but removed from the paper path.
docs/superpowers/plans/2026-08-25-publication-figures-editorial-redesign.md,md,ea84d484b51ab7d710521ff0398033cebc621ff6,ea84d484b51ab7d710521ff0398033cebc621ff6,SPADE_DEVELOPMENT_AND_LOCKBOX,Historical or non-paper work,HISTORICAL,NONE,historical record,NONE — no active claim consumer; preserved at archive/superseded-spade/docs/superpowers/plans/2026-08-25-publication-figures-editorial-redesign.md,SUPERSEDED BY FINAL CONSOLIDATION DESIGN,ARCHIVE-SUPERSEDED,archive/superseded-spade/docs/superpowers/plans/2026-08-25-publication-figures-editorial-redesign.md,Implementation design history is preserved but removed from the paper path.
docs/superpowers/plans/2026-08-25-publication-figures.md,md,2cca3c478fdceb95054362d805857f5887a47fbf,d5f0a58b2302bb8780f3ad53d9c5e63782e3ad8f,SPADE_DEVELOPMENT_AND_LOCKBOX,Historical or non-paper work,HISTORICAL,NONE,historical record,NONE — no active claim consumer; preserved at archive/superseded-spade/docs/superpowers/plans/2026-08-25-publication-figures.md,SUPERSEDED BY FINAL CONSOLIDATION DESIGN,ARCHIVE-SUPERSEDED,archive/superseded-spade/docs/superpowers/plans/2026-08-25-publication-figures.md,Implementation design history is preserved but removed from the paper path.
docs/superpowers/plans/2026-08-25-spade-joint-protocol.md,md,b348dec3a0017e7c6f62e76b2c948da54e5f1452,64a31a1a9555032792bba357ff4f693ffcb88ad4,SPADE_DEVELOPMENT_AND_LOCKBOX,Historical or non-paper work,HISTORICAL,NONE,historical record,NONE — no active claim consumer; preserved at archive/superseded-spade/docs/superpowers/plans/2026-08-25-spade-joint-protocol.md,SUPERSEDED BY FINAL CONSOLIDATION DESIGN,ARCHIVE-SUPERSEDED,archive/superseded-spade/docs/superpowers/plans/2026-08-25-spade-joint-protocol.md,Implementation design history is preserved but removed from the paper path.
docs/superpowers/plans/2026-08-25-spade-lockbox-power.md,md,f3cc13c3cb8f17cd70d305e7d0b4d33c22902f11,f3cc13c3cb8f17cd70d305e7d0b4d33c22902f11,SPADE_DEVELOPMENT_AND_LOCKBOX,Historical or non-paper work,HISTORICAL,NONE,historical record,NONE — no active claim consumer; preserved at archive/superseded-spade/docs/superpowers/plans/2026-08-25-spade-lockbox-power.md,SUPERSEDED BY FINAL CONSOLIDATION DESIGN,ARCHIVE-SUPERSEDED,archive/superseded-spade/docs/superpowers/plans/2026-08-25-spade-lockbox-power.md,Implementation design history is preserved but removed from the paper path.
docs/superpowers/plans/2026-08-27-spade-ec-differentiation-action-plan.md,md,1b884ba5fd30e1b0cea347d2886df45fd34fb594,1b884ba5fd30e1b0cea347d2886df45fd34fb594,SPADE_MANUFACTURING_RECOVERY,Historical or non-paper work,HISTORICAL,NONE,historical record,NONE — no active claim consumer; preserved at archive/superseded-spade/docs/superpowers/plans/2026-08-27-spade-ec-differentiation-action-plan.md,SUPERSEDED BY FINAL CONSOLIDATION DESIGN,ARCHIVE-SUPERSEDED,archive/superseded-spade/docs/superpowers/plans/2026-08-27-spade-ec-differentiation-action-plan.md,Implementation design history is preserved but removed from the paper path.
docs/superpowers/plans/2026-08-27-spade-multi-cqa-benchmark.md,md,11b405f09a6ebb7eceade4cccb7efad536c18142,11b405f09a6ebb7eceade4cccb7efad536c18142,SPADE_MANUFACTURING_RECOVERY,Historical or non-paper work,HISTORICAL,NONE,historical record,NONE — no active claim consumer; preserved at archive/superseded-spade/docs/superpowers/plans/2026-08-27-spade-multi-cqa-benchmark.md,SUPERSEDED BY FINAL CONSOLIDATION DESIGN,ARCHIVE-SUPERSEDED,archive/superseded-spade/docs/superpowers/plans/2026-08-27-spade-multi-cqa-benchmark.md,Implementation design history is preserved but removed from the paper path.
docs/superpowers/plans/2026-08-27-spade-multi-cqa-qualification.md,md,dff088ef05ed0991faf19cf8eba8cfc6143421e2,84e8aab0f6776b42d8e8c6231a08feb0aaef92f5,SPADE_MANUFACTURING_RECOVERY,Historical or non-paper work,HISTORICAL,NONE,historical record,NONE — no active claim consumer; preserved at archive/superseded-spade/docs/superpowers/plans/2026-08-27-spade-multi-cqa-qualification.md,SUPERSEDED BY FINAL CONSOLIDATION DESIGN,ARCHIVE-SUPERSEDED,archive/superseded-spade/docs/superpowers/plans/2026-08-27-spade-multi-cqa-qualification.md,Implementation design history is preserved but removed from the paper path.
docs/superpowers/plans/2026-09-01-publication-presentation-figures.md,md,6e4f22edd25ca080dab081f416bada10fccb7418,6e4f22edd25ca080dab081f416bada10fccb7418,SPADE_CONFIRMATION_AND_PAPER,Historical or non-paper work,HISTORICAL,NONE,historical record,NONE — no active claim consumer; preserved at archive/superseded-spade/docs/superpowers/plans/2026-09-01-publication-presentation-figures.md,SUPERSEDED BY FINAL CONSOLIDATION DESIGN,ARCHIVE-SUPERSEDED,archive/superseded-spade/docs/superpowers/plans/2026-09-01-publication-presentation-figures.md,Implementation design history is preserved but removed from the paper path.
docs/superpowers/specs/2026-08-14-lab-data-pipeline-design.md,md,495979383f2ce4ee118e03e9df3be55f58892e2f,547b64115d88be576cae076a24feeda960d677f0,LAB_AND_PUBLISHED_DATA,Historical or non-paper work,HISTORICAL,NONE,historical record,NONE — no active claim consumer; preserved at archive/superseded-spade/docs/superpowers/specs/2026-08-14-lab-data-pipeline-design.md,SUPERSEDED BY FINAL CONSOLIDATION DESIGN,ARCHIVE-SUPERSEDED,archive/superseded-spade/docs/superpowers/specs/2026-08-14-lab-data-pipeline-design.md,Implementation design history is preserved but removed from the paper path.
docs/superpowers/specs/2026-08-24-publication-figures-design.md,md,83d175598e421ac3ade031adb5216e26a2dacbe3,d5f0a58b2302bb8780f3ad53d9c5e63782e3ad8f,SPADE_DEVELOPMENT_AND_LOCKBOX,Historical or non-paper work,HISTORICAL,NONE,historical record,NONE — no active claim consumer; preserved at archive/superseded-spade/docs/superpowers/specs/2026-08-24-publication-figures-design.md,SUPERSEDED BY FINAL CONSOLIDATION DESIGN,ARCHIVE-SUPERSEDED,archive/superseded-spade/docs/superpowers/specs/2026-08-24-publication-figures-design.md,Implementation design history is preserved but removed from the paper path.
docs/superpowers/specs/2026-08-24-spade-first-paper-outline-design.md,md,5db4b5d97387db7833a22d04af45a01033632745,d5f0a58b2302bb8780f3ad53d9c5e63782e3ad8f,SPADE_DEVELOPMENT_AND_LOCKBOX,Historical or non-paper work,HISTORICAL,NONE,historical record,NONE — no active claim consumer; preserved at archive/superseded-spade/docs/superpowers/specs/2026-08-24-spade-first-paper-outline-design.md,SUPERSEDED BY FINAL CONSOLIDATION DESIGN,ARCHIVE-SUPERSEDED,archive/superseded-spade/docs/superpowers/specs/2026-08-24-spade-first-paper-outline-design.md,Implementation design history is preserved but removed from the paper path.
docs/superpowers/specs/2026-08-24-spade-first-research-summary-design.md,md,482e8354fa9c19c6867734be723877946a16445e,d5f0a58b2302bb8780f3ad53d9c5e63782e3ad8f,SPADE_DEVELOPMENT_AND_LOCKBOX,Historical or non-paper work,HISTORICAL,NONE,historical record,NONE — no active claim consumer; preserved at archive/superseded-spade/docs/superpowers/specs/2026-08-24-spade-first-research-summary-design.md,SUPERSEDED BY FINAL CONSOLIDATION DESIGN,ARCHIVE-SUPERSEDED,archive/superseded-spade/docs/superpowers/specs/2026-08-24-spade-first-research-summary-design.md,Implementation design history is preserved but removed from the paper path.
docs/superpowers/specs/2026-08-25-publication-figures-editorial-redesign-design.md,md,a8e0ccf8bbdbd7c61c1fe39d549123719ae9b9f4,a8e0ccf8bbdbd7c61c1fe39d549123719ae9b9f4,SPADE_DEVELOPMENT_AND_LOCKBOX,Historical or non-paper work,HISTORICAL,NONE,historical record,NONE — no active claim consumer; preserved at archive/superseded-spade/docs/superpowers/specs/2026-08-25-publication-figures-editorial-redesign-design.md,SUPERSEDED BY FINAL CONSOLIDATION DESIGN,ARCHIVE-SUPERSEDED,archive/superseded-spade/docs/superpowers/specs/2026-08-25-publication-figures-editorial-redesign-design.md,Implementation design history is preserved but removed from the paper path.
docs/superpowers/specs/2026-08-25-spade-joint-protocol-design.md,md,b348dec3a0017e7c6f62e76b2c948da54e5f1452,ede920ea02f1fa4757a85b09fc30a68359f09637,SPADE_MANUFACTURING_RECOVERY,Historical or non-paper work,HISTORICAL,NONE,historical record,NONE — no active claim consumer; preserved at archive/superseded-spade/docs/superpowers/specs/2026-08-25-spade-joint-protocol-design.md,SUPERSEDED BY FINAL CONSOLIDATION DESIGN,ARCHIVE-SUPERSEDED,archive/superseded-spade/docs/superpowers/specs/2026-08-25-spade-joint-protocol-design.md,Implementation design history is preserved but removed from the paper path.
docs/superpowers/specs/2026-08-25-spade-lockbox-power-design.md,md,6762c2ffc4338fa1cbb9620ba5c9e06ebf748a39,6762c2ffc4338fa1cbb9620ba5c9e06ebf748a39,SPADE_DEVELOPMENT_AND_LOCKBOX,Historical or non-paper work,HISTORICAL,NONE,historical record,NONE — no active claim consumer; preserved at archive/superseded-spade/docs/superpowers/specs/2026-08-25-spade-lockbox-power-design.md,SUPERSEDED BY FINAL CONSOLIDATION DESIGN,ARCHIVE-SUPERSEDED,archive/superseded-spade/docs/superpowers/specs/2026-08-25-spade-lockbox-power-design.md,Implementation design history is preserved but removed from the paper path.
docs/superpowers/specs/2026-08-26-spade-manufacturing-certificate-recovery-design.md,md,b366d7a21b1652aa2a318edb39ed0b0f06e7c000,7cd3bcf35e39c7e145a8248e506cad77b2327f2c,SPADE_MANUFACTURING_RECOVERY,Historical or non-paper work,HISTORICAL,NONE,historical record,NONE — no active claim consumer; preserved at archive/superseded-spade/docs/superpowers/specs/2026-08-26-spade-manufacturing-certificate-recovery-design.md,SUPERSEDED BY FINAL CONSOLIDATION DESIGN,ARCHIVE-SUPERSEDED,archive/superseded-spade/docs/superpowers/specs/2026-08-26-spade-manufacturing-certificate-recovery-design.md,Implementation design history is preserved but removed from the paper path.
docs/superpowers/specs/2026-08-27-spade-certificate-improvement-decisions.md,md,e8150426874165b8382763671fde57d4854d4993,b1a50695a0ab5480126e0abec9479321dc167e0f,SPADE_MANUFACTURING_RECOVERY,Historical or non-paper work,HISTORICAL,NONE,historical record,NONE — no active claim consumer; preserved at archive/superseded-spade/docs/superpowers/specs/2026-08-27-spade-certificate-improvement-decisions.md,SUPERSEDED BY FINAL CONSOLIDATION DESIGN,ARCHIVE-SUPERSEDED,archive/superseded-spade/docs/superpowers/specs/2026-08-27-spade-certificate-improvement-decisions.md,Implementation design history is preserved but removed from the paper path.
docs/superpowers/specs/2026-08-27-spade-multi-cqa-benchmark-design.md,md,11b405f09a6ebb7eceade4cccb7efad536c18142,11b405f09a6ebb7eceade4cccb7efad536c18142,SPADE_MANUFACTURING_RECOVERY,Historical or non-paper work,HISTORICAL,NONE,historical record,NONE — no active claim consumer; preserved at archive/superseded-spade/docs/superpowers/specs/2026-08-27-spade-multi-cqa-benchmark-design.md,SUPERSEDED BY FINAL CONSOLIDATION DESIGN,ARCHIVE-SUPERSEDED,archive/superseded-spade/docs/superpowers/specs/2026-08-27-spade-multi-cqa-benchmark-design.md,Implementation design history is preserved but removed from the paper path.
docs/superpowers/specs/2026-08-27-spade-multi-cqa-qualification-design.md,md,25e0ef69c780b1a4ead0ea52070f466db7f26603,84e8aab0f6776b42d8e8c6231a08feb0aaef92f5,SPADE_MANUFACTURING_RECOVERY,Historical or non-paper work,HISTORICAL,NONE,historical record,NONE — no active claim consumer; preserved at archive/superseded-spade/docs/superpowers/specs/2026-08-27-spade-multi-cqa-qualification-design.md,SUPERSEDED BY FINAL CONSOLIDATION DESIGN,ARCHIVE-SUPERSEDED,archive/superseded-spade/docs/superpowers/specs/2026-08-27-spade-multi-cqa-qualification-design.md,Implementation design history is preserved but removed from the paper path.
docs/superpowers/specs/2026-08-30-spade-paper-argument-design.md,md,b29f4eb9e07a754b6aa4c428fa40d3177cfc23f4,b29f4eb9e07a754b6aa4c428fa40d3177cfc23f4,SPADE_CONFIRMATION_AND_PAPER,Historical or non-paper work,HISTORICAL,NONE,historical record,NONE — no active claim consumer; preserved at archive/superseded-spade/docs/superpowers/specs/2026-08-30-spade-paper-argument-design.md,SUPERSEDED BY FINAL CONSOLIDATION DESIGN,ARCHIVE-SUPERSEDED,archive/superseded-spade/docs/superpowers/specs/2026-08-30-spade-paper-argument-design.md,Implementation design history is preserved but removed from the paper path.
docs/superpowers/specs/2026-09-01-publication-presentation-figures-design.md,md,6e4f22edd25ca080dab081f416bada10fccb7418,6e4f22edd25ca080dab081f416bada10fccb7418,SPADE_CONFIRMATION_AND_PAPER,Historical or non-paper work,HISTORICAL,NONE,historical record,NONE — no active claim consumer; preserved at archive/superseded-spade/docs/superpowers/specs/2026-09-01-publication-presentation-figures-design.md,SUPERSEDED BY FINAL CONSOLIDATION DESIGN,ARCHIVE-SUPERSEDED,archive/superseded-spade/docs/superpowers/specs/2026-09-01-publication-presentation-figures-design.md,Implementation design history is preserved but removed from the paper path.
pyproject.toml,toml,89e4babce0bb1cbce717d49eaaf733459162a861,38e52324461bc18fb70cabebae888f2fc6a4fdb0,SPADE_DEVELOPMENT_AND_LOCKBOX,Reproduce and validate the SPADE paper,ACTIVE,NONE,build and execution infrastructure,"Publication build, environment, or repository-level validation dependency",NONE IDENTIFIED,INFRASTRUCTURE,pyproject.toml,Active environment or automation required by the paper repository.
requirements.txt,txt,89e4babce0bb1cbce717d49eaaf733459162a861,dee9e6e3f4506f748e4e7614a89ca19624a3cb40,LAB_AND_PUBLISHED_DATA,Reproduce and validate the SPADE paper,ACTIVE,NONE,build and execution infrastructure,"Publication build, environment, or repository-level validation dependency",NONE IDENTIFIED,INFRASTRUCTURE,requirements.txt,Active environment or automation required by the paper repository.
results/E4-FIRST-RESULTS.md,md,aa0785d2c1a6cc667d967579ea42a7fd0959a723,aa0785d2c1a6cc667d967579ea42a7fd0959a723,E1-E4_FOUNDATION,Historical or non-paper work,HISTORICAL,NONE,historical record,NONE — no active claim consumer; preserved at archive/exploratory/results/E4-FIRST-RESULTS.md,NOT USED BY FINAL PAPER,ARCHIVE-VALID,archive/exploratory/results/E4-FIRST-RESULTS.md,Result is outside the active claim ledger and remains preserved for historical review.
results/E4-RESULTS-v2.md,md,5355bb6583204c50a9c580ab699758788a1373a3,472946cb3b8e8ab4d9581aa294e46e850309d6af,BO_VS_DOE_TERMINAL_RULE,Historical or non-paper work,HISTORICAL,NONE,historical record,NONE — no active claim consumer; preserved at archive/exploratory/results/E4-RESULTS-v2.md,NOT USED BY FINAL PAPER,ARCHIVE-VALID,archive/exploratory/results/E4-RESULTS-v2.md,Result is outside the active claim ledger and remains preserved for historical review.
results/EXPLORATORY-disagreement.md,md,af1b5f064c41dfa905a1092456391e20251b274c,af0e724f0328b1f94931db28bc919d7a4ed49d18,E1-E4_FOUNDATION,Historical or non-paper work,HISTORICAL,NONE,historical record,NONE — no active claim consumer; preserved at archive/exploratory/results/EXPLORATORY-disagreement.md,NOT USED BY FINAL PAPER,ARCHIVE-VALID,archive/exploratory/results/EXPLORATORY-disagreement.md,Result is outside the active claim ledger and remains preserved for historical review.
results/NEGATIVE-shape-aware-mean.md,md,bd5f53db0168219abce4e7b9970e75fe6d317e62,bd5f53db0168219abce4e7b9970e75fe6d317e62,E1-E4_FOUNDATION,Historical or non-paper work,HISTORICAL,NONE,failed or negative experiment,NONE — no active claim consumer; preserved at archive/void/results/NEGATIVE-shape-aware-mean.md,EXCLUDED FROM ACTIVE CLAIMS,ARCHIVE-FAILED/VOID,archive/void/results/NEGATIVE-shape-aware-mean.md,Negative or void experimental result retained as limitation and audit history.
results/b4-thread-gate.log,log,09446208efb15c966e46924d10fbbb932cf70205,33bf44a704ee8615085b83fb66e89ac0a8d64a0e,DESIGN_SPACE_PRE_SPADE,Historical or non-paper work,HISTORICAL,NONE,historical record,"NONE — non-canonical run artifact; canonical JSON, manifest, or producing script retained",CANONICAL OUTPUT OR MANIFEST PREFERRED,GENERATED/DISPOSABLE,archive/generated/results/b4-thread-gate.log,Run log or checkpoint is not a canonical paper result; preserve outside active results.
results/bench-surrogate.log,log,8c7f804368e9ea9113cf60e4872f9741a2bfdcb5,8c7f804368e9ea9113cf60e4872f9741a2bfdcb5,BO_VS_DOE_TERMINAL_RULE,Historical or non-paper work,HISTORICAL,NONE,historical record,"NONE — non-canonical run artifact; canonical JSON, manifest, or producing script retained",CANONICAL OUTPUT OR MANIFEST PREFERRED,GENERATED/DISPOSABLE,archive/generated/results/bench-surrogate.log,Run log or checkpoint is not a canonical paper result; preserve outside active results.
results/confound-ninit.json,json,ae9ecc062f7e76539940bad75da76a02707dfd7a,ae9ecc062f7e76539940bad75da76a02707dfd7a,SPADE_CONFIRMATION_AND_PAPER,Historical or non-paper work,HISTORICAL,NONE,historical record,NONE — no active claim consumer; preserved at archive/exploratory/results/confound-ninit.json,NOT USED BY FINAL PAPER,ARCHIVE-VALID,archive/exploratory/results/confound-ninit.json,Result is outside the active claim ledger and remains preserved for historical review.
results/confound-ninit.log,log,8f3d7f2a6d0fbe687b5b2775d0dc1856baf5b36b,8f3d7f2a6d0fbe687b5b2775d0dc1856baf5b36b,BO_VS_DOE_TERMINAL_RULE,Historical or non-paper work,HISTORICAL,NONE,historical record,"NONE — non-canonical run artifact; canonical JSON, manifest, or producing script retained",CANONICAL OUTPUT OR MANIFEST PREFERRED,GENERATED/DISPOSABLE,archive/generated/results/confound-ninit.log,Run log or checkpoint is not a canonical paper result; preserve outside active results.
results/d20-rescore.json,json,e2ccd528a31c261a3cec2d6e96c9b38c649003cf,e2ccd528a31c261a3cec2d6e96c9b38c649003cf,BO_VS_DOE_TERMINAL_RULE,Historical or non-paper work,HISTORICAL,NONE,historical record,NONE — no active claim consumer; preserved at archive/exploratory/results/d20-rescore.json,NOT USED BY FINAL PAPER,ARCHIVE-VALID,archive/exploratory/results/d20-rescore.json,Result is outside the active claim ledger and remains preserved for historical review.
results/d20-rescore.log,log,e2ccd528a31c261a3cec2d6e96c9b38c649003cf,e2ccd528a31c261a3cec2d6e96c9b38c649003cf,BO_VS_DOE_TERMINAL_RULE,Historical or non-paper work,HISTORICAL,NONE,historical record,"NONE — non-canonical run artifact; canonical JSON, manifest, or producing script retained",CANONICAL OUTPUT OR MANIFEST PREFERRED,GENERATED/DISPOSABLE,archive/generated/results/d20-rescore.log,Run log or checkpoint is not a canonical paper result; preserve outside active results.
results/d23-doe-subspace.json,json,5db4c4ab332f1035c8dde00ce9105a542a53b84e,67a6f8936c4f7a5da82f859f7c4fae38e647681c,DESIGN_SPACE_PRE_SPADE,Historical or non-paper work,HISTORICAL,NONE,historical record,NONE — no active claim consumer; preserved at archive/exploratory/results/d23-doe-subspace.json,NOT USED BY FINAL PAPER,ARCHIVE-VALID,archive/exploratory/results/d23-doe-subspace.json,Result is outside the active claim ledger and remains preserved for historical review.
results/d23-doe-subspace.log,log,5db4c4ab332f1035c8dde00ce9105a542a53b84e,5db4c4ab332f1035c8dde00ce9105a542a53b84e,DESIGN_SPACE_PRE_SPADE,Historical or non-paper work,HISTORICAL,NONE,historical record,"NONE — non-canonical run artifact; canonical JSON, manifest, or producing script retained",CANONICAL OUTPUT OR MANIFEST PREFERRED,GENERATED/DISPOSABLE,archive/generated/results/d23-doe-subspace.log,Run log or checkpoint is not a canonical paper result; preserve outside active results.
results/dc-ackley.json,json,96be936f8113736500df6365c87da45d0c52d4e0,843a44fbf0cd5a90237f9314e4266ada77394720,SPADE_CONFIRMATION_AND_PAPER,Active SPADE paper claim,CORE,C1;C2,canonical result,Claims C1;C2; consumed by scripts/run_dc_doe_certificate.py / analyse_dc_doe_certificate.py and paper/CLAIMS-AND-SOURCES.md,NONE IDENTIFIED,CORE,research/results/comparisons/dc-ackley.json,Canonical committed output for an active paper claim.
results/dc-hartmann6.json,json,96be936f8113736500df6365c87da45d0c52d4e0,843a44fbf0cd5a90237f9314e4266ada77394720,SPADE_CONFIRMATION_AND_PAPER,Active SPADE paper claim,CORE,C1;C2,canonical result,Claims C1;C2; consumed by scripts/run_dc_doe_certificate.py / analyse_dc_doe_certificate.py and paper/CLAIMS-AND-SOURCES.md,NONE IDENTIFIED,CORE,research/results/comparisons/dc-hartmann6.json,Canonical committed output for an active paper claim.
results/dc-hill.json,json,96be936f8113736500df6365c87da45d0c52d4e0,843a44fbf0cd5a90237f9314e4266ada77394720,SPADE_CONFIRMATION_AND_PAPER,Active SPADE paper claim,CORE,C1;C2,canonical result,Claims C1;C2; consumed by scripts/run_dc_doe_certificate.py / analyse_dc_doe_certificate.py and paper/CLAIMS-AND-SOURCES.md,NONE IDENTIFIED,CORE,research/results/comparisons/dc-hill.json,Canonical committed output for an active paper claim.
results/dc-levy.json,json,96be936f8113736500df6365c87da45d0c52d4e0,843a44fbf0cd5a90237f9314e4266ada77394720,SPADE_CONFIRMATION_AND_PAPER,Active SPADE paper claim,CORE,C1;C2,canonical result,Claims C1;C2; consumed by scripts/run_dc_doe_certificate.py / analyse_dc_doe_certificate.py and paper/CLAIMS-AND-SOURCES.md,NONE IDENTIFIED,CORE,research/results/comparisons/dc-levy.json,Canonical committed output for an active paper claim.
results/dc-rosenbrock.json,json,96be936f8113736500df6365c87da45d0c52d4e0,843a44fbf0cd5a90237f9314e4266ada77394720,SPADE_CONFIRMATION_AND_PAPER,Active SPADE paper claim,CORE,C1;C2,canonical result,Claims C1;C2; consumed by scripts/run_dc_doe_certificate.py / analyse_dc_doe_certificate.py and paper/CLAIMS-AND-SOURCES.md,NONE IDENTIFIED,CORE,research/results/comparisons/dc-rosenbrock.json,Canonical committed output for an active paper claim.
results/diagnostic-lengthscales.log,log,ac88cdabd1d32c5785922da4b7ac1a82a77f031b,ac88cdabd1d32c5785922da4b7ac1a82a77f031b,BO_VS_DOE_TERMINAL_RULE,Historical or non-paper work,HISTORICAL,NONE,historical record,"NONE — non-canonical run artifact; canonical JSON, manifest, or producing script retained",CANONICAL OUTPUT OR MANIFEST PREFERRED,GENERATED/DISPOSABLE,archive/generated/results/diagnostic-lengthscales.log,Run log or checkpoint is not a canonical paper result; preserve outside active results.
results/doe-arm.log,log,c027e00343fd1f8a3ad448b5326fa69449be49a6,c027e00343fd1f8a3ad448b5326fa69449be49a6,BO_VS_DOE_TERMINAL_RULE,Historical or non-paper work,HISTORICAL,NONE,historical record,"NONE — non-canonical run artifact; canonical JSON, manifest, or producing script retained",CANONICAL OUTPUT OR MANIFEST PREFERRED,GENERATED/DISPOSABLE,archive/generated/results/doe-arm.log,Run log or checkpoint is not a canonical paper result; preserve outside active results.
results/doe-scoring.log,log,06df4f1eae8d8acea7c62e9b8720a367e0d01bb2,06df4f1eae8d8acea7c62e9b8720a367e0d01bb2,BO_VS_DOE_TERMINAL_RULE,Historical or non-paper work,HISTORICAL,NONE,historical record,"NONE — non-canonical run artifact; canonical JSON, manifest, or producing script retained",CANONICAL OUTPUT OR MANIFEST PREFERRED,GENERATED/DISPOSABLE,archive/generated/results/doe-scoring.log,Run log or checkpoint is not a canonical paper result; preserve outside active results.
results/e1.log,log,ea306a3ffad8062aae69f5f4f7388dfeaacfb219,ea306a3ffad8062aae69f5f4f7388dfeaacfb219,BO_VS_DOE_TERMINAL_RULE,Historical or non-paper work,HISTORICAL,NONE,historical record,"NONE — non-canonical run artifact; canonical JSON, manifest, or producing script retained",CANONICAL OUTPUT OR MANIFEST PREFERRED,GENERATED/DISPOSABLE,archive/generated/results/e1.log,Run log or checkpoint is not a canonical paper result; preserve outside active results.
results/e2-determinism.json,json,8241eff322ef7dfea29034378ff6d20d68767063,8241eff322ef7dfea29034378ff6d20d68767063,BO_VS_DOE_TERMINAL_RULE,Historical or non-paper work,HISTORICAL,NONE,historical record,NONE — no active claim consumer; preserved at archive/exploratory/results/e2-determinism.json,NOT USED BY FINAL PAPER,ARCHIVE-VALID,archive/exploratory/results/e2-determinism.json,Result is outside the active claim ledger and remains preserved for historical review.
results/e2-determinism.log,log,8241eff322ef7dfea29034378ff6d20d68767063,8241eff322ef7dfea29034378ff6d20d68767063,BO_VS_DOE_TERMINAL_RULE,Historical or non-paper work,HISTORICAL,NONE,historical record,"NONE — non-canonical run artifact; canonical JSON, manifest, or producing script retained",CANONICAL OUTPUT OR MANIFEST PREFERRED,GENERATED/DISPOSABLE,archive/generated/results/e2-determinism.log,Run log or checkpoint is not a canonical paper result; preserve outside active results.
results/e2-doe-d8.json,json,c31437f1143e08650488829d4d6bedb53e97b782,c31437f1143e08650488829d4d6bedb53e97b782,BO_VS_DOE_TERMINAL_RULE,Historical or non-paper work,HISTORICAL,NONE,historical record,NONE — no active claim consumer; preserved at archive/exploratory/results/e2-doe-d8.json,NOT USED BY FINAL PAPER,ARCHIVE-VALID,archive/exploratory/results/e2-doe-d8.json,Result is outside the active claim ledger and remains preserved for historical review.
results/e2-doe-d8.log,log,06df4f1eae8d8acea7c62e9b8720a367e0d01bb2,06df4f1eae8d8acea7c62e9b8720a367e0d01bb2,BO_VS_DOE_TERMINAL_RULE,Historical or non-paper work,HISTORICAL,NONE,historical record,"NONE — non-canonical run artifact; canonical JSON, manifest, or producing script retained",CANONICAL OUTPUT OR MANIFEST PREFERRED,GENERATED/DISPOSABLE,archive/generated/results/e2-doe-d8.log,Run log or checkpoint is not a canonical paper result; preserve outside active results.
results/e2-grid-d6-s0.1.json,json,ae3295fd92df4aaba239d3c2a7afc6eec91b4f38,ae3295fd92df4aaba239d3c2a7afc6eec91b4f38,BO_VS_DOE_TERMINAL_RULE,Historical or non-paper work,HISTORICAL,NONE,historical record,NONE — no active claim consumer; preserved at archive/exploratory/results/e2-grid-d6-s0.1.json,NOT USED BY FINAL PAPER,ARCHIVE-VALID,archive/exploratory/results/e2-grid-d6-s0.1.json,Result is outside the active claim ledger and remains preserved for historical review.
results/e2-grid-d6-s0.25.json,json,ae3295fd92df4aaba239d3c2a7afc6eec91b4f38,ae3295fd92df4aaba239d3c2a7afc6eec91b4f38,BO_VS_DOE_TERMINAL_RULE,Historical or non-paper work,HISTORICAL,NONE,historical record,NONE — no active claim consumer; preserved at archive/exploratory/results/e2-grid-d6-s0.25.json,NOT USED BY FINAL PAPER,ARCHIVE-VALID,archive/exploratory/results/e2-grid-d6-s0.25.json,Result is outside the active claim ledger and remains preserved for historical review.
results/e2-grid-d8-s0.1.json,json,ae3295fd92df4aaba239d3c2a7afc6eec91b4f38,ae3295fd92df4aaba239d3c2a7afc6eec91b4f38,BO_VS_DOE_TERMINAL_RULE,Historical or non-paper work,HISTORICAL,NONE,historical record,NONE — no active claim consumer; preserved at archive/exploratory/results/e2-grid-d8-s0.1.json,NOT USED BY FINAL PAPER,ARCHIVE-VALID,archive/exploratory/results/e2-grid-d8-s0.1.json,Result is outside the active claim ledger and remains preserved for historical review.
results/e2-grid-d8-s0.25.json,json,ae3295fd92df4aaba239d3c2a7afc6eec91b4f38,ae3295fd92df4aaba239d3c2a7afc6eec91b4f38,BO_VS_DOE_TERMINAL_RULE,Historical or non-paper work,HISTORICAL,NONE,historical record,NONE — no active claim consumer; preserved at archive/exploratory/results/e2-grid-d8-s0.25.json,NOT USED BY FINAL PAPER,ARCHIVE-VALID,archive/exploratory/results/e2-grid-d8-s0.25.json,Result is outside the active claim ledger and remains preserved for historical review.
results/e2-grid.json,json,ae3295fd92df4aaba239d3c2a7afc6eec91b4f38,ae3295fd92df4aaba239d3c2a7afc6eec91b4f38,BO_VS_DOE_TERMINAL_RULE,Historical or non-paper work,HISTORICAL,NONE,historical record,NONE — no active claim consumer; preserved at archive/exploratory/results/e2-grid.json,NOT USED BY FINAL PAPER,ARCHIVE-VALID,archive/exploratory/results/e2-grid.json,Result is outside the active claim ledger and remains preserved for historical review.
results/e2-run1-unfiltered.log,log,6c51d4ae2238140a6cbced98b516f5c19ca231c6,ae3295fd92df4aaba239d3c2a7afc6eec91b4f38,BO_VS_DOE_TERMINAL_RULE,Historical or non-paper work,HISTORICAL,NONE,historical record,"NONE — non-canonical run artifact; canonical JSON, manifest, or producing script retained",CANONICAL OUTPUT OR MANIFEST PREFERRED,GENERATED/DISPOSABLE,archive/generated/results/e2-run1-unfiltered.log,Run log or checkpoint is not a canonical paper result; preserve outside active results.
results/e2.log,log,678972c3faa753efbb59937a154b2b9a9408f392,0aeee09e5a3c8a087858d6f07e081f59463075e8,BO_VS_DOE_TERMINAL_RULE,Historical or non-paper work,HISTORICAL,NONE,historical record,"NONE — non-canonical run artifact; canonical JSON, manifest, or producing script retained",CANONICAL OUTPUT OR MANIFEST PREFERRED,GENERATED/DISPOSABLE,archive/generated/results/e2.log,Run log or checkpoint is not a canonical paper result; preserve outside active results.
results/e3.log,log,678972c3faa753efbb59937a154b2b9a9408f392,678972c3faa753efbb59937a154b2b9a9408f392,BO_VS_DOE_TERMINAL_RULE,Historical or non-paper work,HISTORICAL,NONE,historical record,"NONE — non-canonical run artifact; canonical JSON, manifest, or producing script retained",CANONICAL OUTPUT OR MANIFEST PREFERRED,GENERATED/DISPOSABLE,archive/generated/results/e3.log,Run log or checkpoint is not a canonical paper result; preserve outside active results.
results/e4-disagreement-exploratory.log,log,af1b5f064c41dfa905a1092456391e20251b274c,af1b5f064c41dfa905a1092456391e20251b274c,E1-E4_FOUNDATION,Historical or non-paper work,HISTORICAL,NONE,historical record,"NONE — non-canonical run artifact; canonical JSON, manifest, or producing script retained",CANONICAL OUTPUT OR MANIFEST PREFERRED,GENERATED/DISPOSABLE,archive/generated/results/e4-disagreement-exploratory.log,Run log or checkpoint is not a canonical paper result; preserve outside active results.
results/e4-disagreement-sweep.log,log,af0e724f0328b1f94931db28bc919d7a4ed49d18,af0e724f0328b1f94931db28bc919d7a4ed49d18,E1-E4_FOUNDATION,Historical or non-paper work,HISTORICAL,NONE,historical record,"NONE — non-canonical run artifact; canonical JSON, manifest, or producing script retained",CANONICAL OUTPUT OR MANIFEST PREFERRED,GENERATED/DISPOSABLE,archive/generated/results/e4-disagreement-sweep.log,Run log or checkpoint is not a canonical paper result; preserve outside active results.
results/e4-first-run.log,log,aa0785d2c1a6cc667d967579ea42a7fd0959a723,aa0785d2c1a6cc667d967579ea42a7fd0959a723,E1-E4_FOUNDATION,Historical or non-paper work,HISTORICAL,NONE,historical record,"NONE — non-canonical run artifact; canonical JSON, manifest, or producing script retained",CANONICAL OUTPUT OR MANIFEST PREFERRED,GENERATED/DISPOSABLE,archive/generated/results/e4-first-run.log,Run log or checkpoint is not a canonical paper result; preserve outside active results.
results/e4-rerun.log,log,678972c3faa753efbb59937a154b2b9a9408f392,678972c3faa753efbb59937a154b2b9a9408f392,BO_VS_DOE_TERMINAL_RULE,Historical or non-paper work,HISTORICAL,NONE,historical record,"NONE — non-canonical run artifact; canonical JSON, manifest, or producing script retained",CANONICAL OUTPUT OR MANIFEST PREFERRED,GENERATED/DISPOSABLE,archive/generated/results/e4-rerun.log,Run log or checkpoint is not a canonical paper result; preserve outside active results.
results/e4-robustness.log,log,5355bb6583204c50a9c580ab699758788a1373a3,5355bb6583204c50a9c580ab699758788a1373a3,E1-E4_FOUNDATION,Historical or non-paper work,HISTORICAL,NONE,historical record,"NONE — non-canonical run artifact; canonical JSON, manifest, or producing script retained",CANONICAL OUTPUT OR MANIFEST PREFERRED,GENERATED/DISPOSABLE,archive/generated/results/e4-robustness.log,Run log or checkpoint is not a canonical paper result; preserve outside active results.
results/e4-shape-mean-negative.log,log,bd5f53db0168219abce4e7b9970e75fe6d317e62,bd5f53db0168219abce4e7b9970e75fe6d317e62,E1-E4_FOUNDATION,Historical or non-paper work,HISTORICAL,NONE,historical record,"NONE — non-canonical run artifact; canonical JSON, manifest, or producing script retained",CANONICAL OUTPUT OR MANIFEST PREFERRED,GENERATED/DISPOSABLE,archive/generated/results/e4-shape-mean-negative.log,Run log or checkpoint is not a canonical paper result; preserve outside active results.
results/e7-oracle-best-fill.json,json,7d34e7bcbafa7303511d2988fe16529c2788b93b,7d34e7bcbafa7303511d2988fe16529c2788b93b,DESIGN_SPACE_PRE_SPADE,Historical or non-paper work,HISTORICAL,NONE,historical record,NONE — no active claim consumer; preserved at archive/exploratory/results/e7-oracle-best-fill.json,NOT USED BY FINAL PAPER,ARCHIVE-VALID,archive/exploratory/results/e7-oracle-best-fill.json,Result is outside the active claim ledger and remains preserved for historical review.
results/e7-oracle-best-fill.log,log,cf18bf21b7d5209ac81ced478f22120c56f07140,cf18bf21b7d5209ac81ced478f22120c56f07140,DESIGN_SPACE_PRE_SPADE,Historical or non-paper work,HISTORICAL,NONE,historical record,"NONE — non-canonical run artifact; canonical JSON, manifest, or producing script retained",CANONICAL OUTPUT OR MANIFEST PREFERRED,GENERATED/DISPOSABLE,archive/generated/results/e7-oracle-best-fill.log,Run log or checkpoint is not a canonical paper result; preserve outside active results.
results/e7-search-vs-id-rule-p.SUPERSEDED-no-spade.json,json,5a5d94889db632ed8e68c1121e15e6f8e7dd6802,5a5d94889db632ed8e68c1121e15e6f8e7dd6802,DESIGN_SPACE_PRE_SPADE,Historical or non-paper work,HISTORICAL,NONE,historical record,NONE — no active claim consumer; preserved at archive/exploratory/results/e7-search-vs-id-rule-p.SUPERSEDED-no-spade.json,NOT USED BY FINAL PAPER,ARCHIVE-VALID,archive/exploratory/results/e7-search-vs-id-rule-p.SUPERSEDED-no-spade.json,Result is outside the active claim ledger and remains preserved for historical review.
results/e7-search-vs-id-rule-p.json,json,bf4526d4edf9636e159ecf88e28f34a626ca32de,7d34e7bcbafa7303511d2988fe16529c2788b93b,DESIGN_SPACE_PRE_SPADE,Historical or non-paper work,HISTORICAL,NONE,historical record,NONE — no active claim consumer; preserved at archive/exploratory/results/e7-search-vs-id-rule-p.json,NOT USED BY FINAL PAPER,ARCHIVE-VALID,archive/exploratory/results/e7-search-vs-id-rule-p.json,Result is outside the active claim ledger and remains preserved for historical review.
results/estimand-evaluation.json,json,c31437f1143e08650488829d4d6bedb53e97b782,c31437f1143e08650488829d4d6bedb53e97b782,BO_VS_DOE_TERMINAL_RULE,Historical or non-paper work,HISTORICAL,NONE,historical record,NONE — no active claim consumer; preserved at archive/exploratory/results/estimand-evaluation.json,NOT USED BY FINAL PAPER,ARCHIVE-VALID,archive/exploratory/results/estimand-evaluation.json,Result is outside the active claim ledger and remains preserved for historical review.
results/estimand-evaluation.log,log,c31437f1143e08650488829d4d6bedb53e97b782,c31437f1143e08650488829d4d6bedb53e97b782,BO_VS_DOE_TERMINAL_RULE,Historical or non-paper work,HISTORICAL,NONE,historical record,"NONE — non-canonical run artifact; canonical JSON, manifest, or producing script retained",CANONICAL OUTPUT OR MANIFEST PREFERRED,GENERATED/DISPOSABLE,archive/generated/results/estimand-evaluation.log,Run log or checkpoint is not a canonical paper result; preserve outside active results.
results/f1-dual-n.json,json,96c0870cba79c087815b90fa4ec6f2bf69b6051b,05837d1d7da68b6b5353e2b5abf540ad99d87887,DESIGN_SPACE_PRE_SPADE,Historical or non-paper work,HISTORICAL,NONE,historical record,NONE — no active claim consumer; preserved at archive/exploratory/results/f1-dual-n.json,NOT USED BY FINAL PAPER,ARCHIVE-VALID,archive/exploratory/results/f1-dual-n.json,Result is outside the active claim ledger and remains preserved for historical review.
results/f1-dual-n.log,log,96c0870cba79c087815b90fa4ec6f2bf69b6051b,05837d1d7da68b6b5353e2b5abf540ad99d87887,DESIGN_SPACE_PRE_SPADE,Historical or non-paper work,HISTORICAL,NONE,historical record,"NONE — non-canonical run artifact; canonical JSON, manifest, or producing script retained",CANONICAL OUTPUT OR MANIFEST PREFERRED,GENERATED/DISPOSABLE,archive/generated/results/f1-dual-n.log,Run log or checkpoint is not a canonical paper result; preserve outside active results.
results/f2-ce-error-volumes.json,json,958971642c7829198f68b544f62a7d571bf98d42,fdb8b3179aeada81d2d7adc0244f471594f24002,DESIGN_SPACE_PRE_SPADE,Historical or non-paper work,HISTORICAL,NONE,historical record,NONE — no active claim consumer; preserved at archive/exploratory/results/f2-ce-error-volumes.json,NOT USED BY FINAL PAPER,ARCHIVE-VALID,archive/exploratory/results/f2-ce-error-volumes.json,Result is outside the active claim ledger and remains preserved for historical review.
results/f2-error-volumes.json,json,516e13313bfe97bba33768894af949e069e63c12,c0dd396e376a622cc3f35167eec35b78a1e0afc0,DESIGN_SPACE_PRE_SPADE,Historical or non-paper work,HISTORICAL,NONE,historical record,NONE — no active claim consumer; preserved at archive/exploratory/results/f2-error-volumes.json,NOT USED BY FINAL PAPER,ARCHIVE-VALID,archive/exploratory/results/f2-error-volumes.json,Result is outside the active claim ledger and remains preserved for historical review.
results/f2-error-volumes.log,log,516e13313bfe97bba33768894af949e069e63c12,c0dd396e376a622cc3f35167eec35b78a1e0afc0,DESIGN_SPACE_PRE_SPADE,Historical or non-paper work,HISTORICAL,NONE,historical record,"NONE — non-canonical run artifact; canonical JSON, manifest, or producing script retained",CANONICAL OUTPUT OR MANIFEST PREFERRED,GENERATED/DISPOSABLE,archive/generated/results/f2-error-volumes.log,Run log or checkpoint is not a canonical paper result; preserve outside active results.
results/f3-draw-sweep.json,json,505f1494ecc69b2618d10c6de0d933dfd8f3a2b6,505f1494ecc69b2618d10c6de0d933dfd8f3a2b6,DESIGN_SPACE_PRE_SPADE,Historical or non-paper work,HISTORICAL,NONE,historical record,NONE — no active claim consumer; preserved at archive/exploratory/results/f3-draw-sweep.json,NOT USED BY FINAL PAPER,ARCHIVE-VALID,archive/exploratory/results/f3-draw-sweep.json,Result is outside the active claim ledger and remains preserved for historical review.
results/f3-draws-arm.log,log,505f1494ecc69b2618d10c6de0d933dfd8f3a2b6,505f1494ecc69b2618d10c6de0d933dfd8f3a2b6,DESIGN_SPACE_PRE_SPADE,Historical or non-paper work,HISTORICAL,NONE,historical record,"NONE — non-canonical run artifact; canonical JSON, manifest, or producing script retained",CANONICAL OUTPUT OR MANIFEST PREFERRED,GENERATED/DISPOSABLE,archive/generated/results/f3-draws-arm.log,Run log or checkpoint is not a canonical paper result; preserve outside active results.
results/f3-seeds-arm.log,log,505f1494ecc69b2618d10c6de0d933dfd8f3a2b6,505f1494ecc69b2618d10c6de0d933dfd8f3a2b6,DESIGN_SPACE_PRE_SPADE,Historical or non-paper work,HISTORICAL,NONE,historical record,"NONE — non-canonical run artifact; canonical JSON, manifest, or producing script retained",CANONICAL OUTPUT OR MANIFEST PREFERRED,GENERATED/DISPOSABLE,archive/generated/results/f3-seeds-arm.log,Run log or checkpoint is not a canonical paper result; preserve outside active results.
results/figures/cost-curves.html,html,b338c5ccc08f4a9b6ea215febb5275671955122f,e2b9e7b04fb2618f1b073404761c11bb0cc9c868,BO_VS_DOE_TERMINAL_RULE,Preserve visual research history,HISTORICAL,NONE,historical figure,Claims NONE; consumed by scripts/supporting real-data or publication-figure script and paper/CLAIMS-AND-SOURCES.md,NOT A CURRENT SPADE FIGURE,SUPPORT,research/results/figures/exploratory/cost-curves.html,Historical figure remains visible in Results but is not current manuscript evidence.
results/figures/critical-difference-d6-s0.1.png,png,46241b5788807e27602bdff542860464212708cd,46241b5788807e27602bdff542860464212708cd,BO_VS_DOE_TERMINAL_RULE,Preserve visual research history,HISTORICAL,NONE,historical figure,Claims NONE; consumed by scripts/supporting real-data or publication-figure script and paper/CLAIMS-AND-SOURCES.md,NOT A CURRENT SPADE FIGURE,SUPPORT,research/results/figures/exploratory/critical-difference-d6-s0.1.png,Historical figure remains visible in Results but is not current manuscript evidence.
results/figures/critical-difference-d6-s0.25.png,png,46241b5788807e27602bdff542860464212708cd,46241b5788807e27602bdff542860464212708cd,BO_VS_DOE_TERMINAL_RULE,Preserve visual research history,HISTORICAL,NONE,historical figure,Claims NONE; consumed by scripts/supporting real-data or publication-figure script and paper/CLAIMS-AND-SOURCES.md,NOT A CURRENT SPADE FIGURE,SUPPORT,research/results/figures/exploratory/critical-difference-d6-s0.25.png,Historical figure remains visible in Results but is not current manuscript evidence.
results/figures/critical-difference-d8-s0.1.png,png,46241b5788807e27602bdff542860464212708cd,46241b5788807e27602bdff542860464212708cd,BO_VS_DOE_TERMINAL_RULE,Preserve visual research history,HISTORICAL,NONE,historical figure,Claims NONE; consumed by scripts/supporting real-data or publication-figure script and paper/CLAIMS-AND-SOURCES.md,NOT A CURRENT SPADE FIGURE,SUPPORT,research/results/figures/exploratory/critical-difference-d8-s0.1.png,Historical figure remains visible in Results but is not current manuscript evidence.
results/figures/critical-difference-d8-s0.25.png,png,46241b5788807e27602bdff542860464212708cd,46241b5788807e27602bdff542860464212708cd,BO_VS_DOE_TERMINAL_RULE,Preserve visual research history,HISTORICAL,NONE,historical figure,Claims NONE; consumed by scripts/supporting real-data or publication-figure script and paper/CLAIMS-AND-SOURCES.md,NOT A CURRENT SPADE FIGURE,SUPPORT,research/results/figures/exploratory/critical-difference-d8-s0.25.png,Historical figure remains visible in Results but is not current manuscript evidence.
results/figures/e4-discrimination.png,png,aa0785d2c1a6cc667d967579ea42a7fd0959a723,aa0785d2c1a6cc667d967579ea42a7fd0959a723,E1-E4_FOUNDATION,Preserve visual research history,HISTORICAL,NONE,historical figure,Claims NONE; consumed by scripts/supporting real-data or publication-figure script and paper/CLAIMS-AND-SOURCES.md,NOT A CURRENT SPADE FIGURE,SUPPORT,research/results/figures/exploratory/e4-discrimination.png,Historical figure remains visible in Results but is not current manuscript evidence.
results/figures/e4-headroom.png,png,aa0785d2c1a6cc667d967579ea42a7fd0959a723,aa0785d2c1a6cc667d967579ea42a7fd0959a723,E1-E4_FOUNDATION,Preserve visual research history,HISTORICAL,NONE,historical figure,Claims NONE; consumed by scripts/supporting real-data or publication-figure script and paper/CLAIMS-AND-SOURCES.md,NOT A CURRENT SPADE FIGURE,SUPPORT,research/results/figures/exploratory/e4-headroom.png,Historical figure remains visible in Results but is not current manuscript evidence.
results/figures/e4-over-prediction.png,png,aa0785d2c1a6cc667d967579ea42a7fd0959a723,aa0785d2c1a6cc667d967579ea42a7fd0959a723,E1-E4_FOUNDATION,Preserve visual research history,HISTORICAL,NONE,historical figure,Claims NONE; consumed by scripts/supporting real-data or publication-figure script and paper/CLAIMS-AND-SOURCES.md,NOT A CURRENT SPADE FIGURE,SUPPORT,research/results/figures/exploratory/e4-over-prediction.png,Historical figure remains visible in Results but is not current manuscript evidence.
results/figures/fig1-scoring.html,html,fd842ac81b1b6aa701799970a4a117776afd5eaf,98c043cd625b1f02b5fe9879fac21448733c9e38,BO_VS_DOE_TERMINAL_RULE,Preserve visual research history,HISTORICAL,NONE,historical figure,Claims NONE; consumed by scripts/supporting real-data or publication-figure script and paper/CLAIMS-AND-SOURCES.md,NOT A CURRENT SPADE FIGURE,SUPPORT,research/results/figures/exploratory/fig1-scoring.html,Historical figure remains visible in Results but is not current manuscript evidence.
results/figures/fig3-saddle.html,html,fd842ac81b1b6aa701799970a4a117776afd5eaf,fd842ac81b1b6aa701799970a4a117776afd5eaf,BO_VS_DOE_TERMINAL_RULE,Preserve visual research history,HISTORICAL,NONE,historical figure,Claims NONE; consumed by scripts/supporting real-data or publication-figure script and paper/CLAIMS-AND-SOURCES.md,NOT A CURRENT SPADE FIGURE,SUPPORT,research/results/figures/exploratory/fig3-saddle.html,Historical figure remains visible in Results but is not current manuscript evidence.
results/final-spade-c1-doeunscreened.log,log,1a3d9274fe06ea2ae52cb1e13923ce31be48a68d,1a3d9274fe06ea2ae52cb1e13923ce31be48a68d,SPADE_MANUFACTURING_RECOVERY,Historical or non-paper work,HISTORICAL,NONE,historical record,"NONE — non-canonical run artifact; canonical JSON, manifest, or producing script retained",CANONICAL OUTPUT OR MANIFEST PREFERRED,GENERATED/DISPOSABLE,archive/generated/results/final-spade-c1-doeunscreened.log,Run log or checkpoint is not a canonical paper result; preserve outside active results.
results/final-spade-c1.json,json,97395907dd7782e6cd918b1cf9350ffb4a9a9362,97395907dd7782e6cd918b1cf9350ffb4a9a9362,SPADE_DEVELOPMENT_AND_LOCKBOX,Historical or non-paper work,HISTORICAL,NONE,historical record,NONE — no active claim consumer; preserved at archive/exploratory/results/final-spade-c1.json,NOT USED BY FINAL PAPER,ARCHIVE-VALID,archive/exploratory/results/final-spade-c1.json,Result is outside the active claim ledger and remains preserved for historical review.
results/final-spade-c1.log,log,1a3d9274fe06ea2ae52cb1e13923ce31be48a68d,1a3d9274fe06ea2ae52cb1e13923ce31be48a68d,SPADE_MANUFACTURING_RECOVERY,Historical or non-paper work,HISTORICAL,NONE,historical record,"NONE — non-canonical run artifact; canonical JSON, manifest, or producing script retained",CANONICAL OUTPUT OR MANIFEST PREFERRED,GENERATED/DISPOSABLE,archive/generated/results/final-spade-c1.log,Run log or checkpoint is not a canonical paper result; preserve outside active results.
results/final-spade-c2-doeunscreened.log,log,1a3d9274fe06ea2ae52cb1e13923ce31be48a68d,1a3d9274fe06ea2ae52cb1e13923ce31be48a68d,SPADE_MANUFACTURING_RECOVERY,Historical or non-paper work,HISTORICAL,NONE,historical record,"NONE — non-canonical run artifact; canonical JSON, manifest, or producing script retained",CANONICAL OUTPUT OR MANIFEST PREFERRED,GENERATED/DISPOSABLE,archive/generated/results/final-spade-c2-doeunscreened.log,Run log or checkpoint is not a canonical paper result; preserve outside active results.
results/final-spade-c2.json,json,97395907dd7782e6cd918b1cf9350ffb4a9a9362,97395907dd7782e6cd918b1cf9350ffb4a9a9362,SPADE_DEVELOPMENT_AND_LOCKBOX,Historical or non-paper work,HISTORICAL,NONE,historical record,NONE — no active claim consumer; preserved at archive/exploratory/results/final-spade-c2.json,NOT USED BY FINAL PAPER,ARCHIVE-VALID,archive/exploratory/results/final-spade-c2.json,Result is outside the active claim ledger and remains preserved for historical review.
results/final-spade-c2.log,log,1a3d9274fe06ea2ae52cb1e13923ce31be48a68d,1a3d9274fe06ea2ae52cb1e13923ce31be48a68d,SPADE_MANUFACTURING_RECOVERY,Historical or non-paper work,HISTORICAL,NONE,historical record,"NONE — non-canonical run artifact; canonical JSON, manifest, or producing script retained",CANONICAL OUTPUT OR MANIFEST PREFERRED,GENERATED/DISPOSABLE,archive/generated/results/final-spade-c2.log,Run log or checkpoint is not a canonical paper result; preserve outside active results.
results/final-spade-c3-doeunscreened.log,log,1a3d9274fe06ea2ae52cb1e13923ce31be48a68d,1a3d9274fe06ea2ae52cb1e13923ce31be48a68d,SPADE_MANUFACTURING_RECOVERY,Historical or non-paper work,HISTORICAL,NONE,historical record,"NONE — non-canonical run artifact; canonical JSON, manifest, or producing script retained",CANONICAL OUTPUT OR MANIFEST PREFERRED,GENERATED/DISPOSABLE,archive/generated/results/final-spade-c3-doeunscreened.log,Run log or checkpoint is not a canonical paper result; preserve outside active results.
results/final-spade-c3.json,json,97395907dd7782e6cd918b1cf9350ffb4a9a9362,97395907dd7782e6cd918b1cf9350ffb4a9a9362,SPADE_DEVELOPMENT_AND_LOCKBOX,Historical or non-paper work,HISTORICAL,NONE,historical record,NONE — no active claim consumer; preserved at archive/exploratory/results/final-spade-c3.json,NOT USED BY FINAL PAPER,ARCHIVE-VALID,archive/exploratory/results/final-spade-c3.json,Result is outside the active claim ledger and remains preserved for historical review.
results/final-spade-c3.log,log,1a3d9274fe06ea2ae52cb1e13923ce31be48a68d,1a3d9274fe06ea2ae52cb1e13923ce31be48a68d,SPADE_MANUFACTURING_RECOVERY,Historical or non-paper work,HISTORICAL,NONE,historical record,"NONE — non-canonical run artifact; canonical JSON, manifest, or producing script retained",CANONICAL OUTPUT OR MANIFEST PREFERRED,GENERATED/DISPOSABLE,archive/generated/results/final-spade-c3.log,Run log or checkpoint is not a canonical paper result; preserve outside active results.
results/final-spade-c4.json,json,97395907dd7782e6cd918b1cf9350ffb4a9a9362,97395907dd7782e6cd918b1cf9350ffb4a9a9362,SPADE_DEVELOPMENT_AND_LOCKBOX,Historical or non-paper work,HISTORICAL,NONE,historical record,NONE — no active claim consumer; preserved at archive/exploratory/results/final-spade-c4.json,NOT USED BY FINAL PAPER,ARCHIVE-VALID,archive/exploratory/results/final-spade-c4.json,Result is outside the active claim ledger and remains preserved for historical review.
results/final-spade-c4.log,log,1a3d9274fe06ea2ae52cb1e13923ce31be48a68d,1a3d9274fe06ea2ae52cb1e13923ce31be48a68d,SPADE_MANUFACTURING_RECOVERY,Historical or non-paper work,HISTORICAL,NONE,historical record,"NONE — non-canonical run artifact; canonical JSON, manifest, or producing script retained",CANONICAL OUTPUT OR MANIFEST PREFERRED,GENERATED/DISPOSABLE,archive/generated/results/final-spade-c4.log,Run log or checkpoint is not a canonical paper result; preserve outside active results.
results/final-spade-certificate.json,json,996cd81874d3e0a81da3a118329454034cd9a1db,97395907dd7782e6cd918b1cf9350ffb4a9a9362,SPADE_DEVELOPMENT_AND_LOCKBOX,Historical or non-paper work,HISTORICAL,NONE,historical record,NONE — no active claim consumer; preserved at archive/exploratory/results/final-spade-certificate.json,NOT USED BY FINAL PAPER,ARCHIVE-VALID,archive/exploratory/results/final-spade-certificate.json,Result is outside the active claim ledger and remains preserved for historical review.
results/final-spade-feasibility.json,json,2b353777a87b97253bcbec3154ecc2b41599c376,2b353777a87b97253bcbec3154ecc2b41599c376,DESIGN_SPACE_PRE_SPADE,Historical or non-paper work,HISTORICAL,NONE,historical record,NONE — no active claim consumer; preserved at archive/exploratory/results/final-spade-feasibility.json,NOT USED BY FINAL PAPER,ARCHIVE-VALID,archive/exploratory/results/final-spade-feasibility.json,Result is outside the active claim ledger and remains preserved for historical review.
results/final-spade-kill-ledger.json,json,996cd81874d3e0a81da3a118329454034cd9a1db,97395907dd7782e6cd918b1cf9350ffb4a9a9362,SPADE_DEVELOPMENT_AND_LOCKBOX,Historical or non-paper work,HISTORICAL,NONE,historical record,NONE — no active claim consumer; preserved at archive/exploratory/results/final-spade-kill-ledger.json,NOT USED BY FINAL PAPER,ARCHIVE-VALID,archive/exploratory/results/final-spade-kill-ledger.json,Result is outside the active claim ledger and remains preserved for historical review.
results/final-spade-manifest.json,json,b019cb3011d2f8579349622702c1311e905944be,97395907dd7782e6cd918b1cf9350ffb4a9a9362,SPADE_DEVELOPMENT_AND_LOCKBOX,Historical or non-paper work,HISTORICAL,NONE,historical record,NONE — no active claim consumer; preserved at archive/exploratory/results/final-spade-manifest.json,NOT USED BY FINAL PAPER,ARCHIVE-VALID,archive/exploratory/results/final-spade-manifest.json,Result is outside the active claim ledger and remains preserved for historical review.
results/final-spade-primary-C1.json,json,97395907dd7782e6cd918b1cf9350ffb4a9a9362,97395907dd7782e6cd918b1cf9350ffb4a9a9362,SPADE_DEVELOPMENT_AND_LOCKBOX,Historical or non-paper work,HISTORICAL,NONE,historical record,NONE — no active claim consumer; preserved at archive/exploratory/results/final-spade-primary-C1.json,NOT USED BY FINAL PAPER,ARCHIVE-VALID,archive/exploratory/results/final-spade-primary-C1.json,Result is outside the active claim ledger and remains preserved for historical review.
results/final-spade-primary-C2.json,json,97395907dd7782e6cd918b1cf9350ffb4a9a9362,97395907dd7782e6cd918b1cf9350ffb4a9a9362,SPADE_DEVELOPMENT_AND_LOCKBOX,Historical or non-paper work,HISTORICAL,NONE,historical record,NONE — no active claim consumer; preserved at archive/exploratory/results/final-spade-primary-C2.json,NOT USED BY FINAL PAPER,ARCHIVE-VALID,archive/exploratory/results/final-spade-primary-C2.json,Result is outside the active claim ledger and remains preserved for historical review.
results/final-spade-primary-C3.json,json,97395907dd7782e6cd918b1cf9350ffb4a9a9362,97395907dd7782e6cd918b1cf9350ffb4a9a9362,SPADE_DEVELOPMENT_AND_LOCKBOX,Historical or non-paper work,HISTORICAL,NONE,historical record,NONE — no active claim consumer; preserved at archive/exploratory/results/final-spade-primary-C3.json,NOT USED BY FINAL PAPER,ARCHIVE-VALID,archive/exploratory/results/final-spade-primary-C3.json,Result is outside the active claim ledger and remains preserved for historical review.
results/final-spade-primary-C4.json,json,97395907dd7782e6cd918b1cf9350ffb4a9a9362,97395907dd7782e6cd918b1cf9350ffb4a9a9362,SPADE_DEVELOPMENT_AND_LOCKBOX,Historical or non-paper work,HISTORICAL,NONE,historical record,NONE — no active claim consumer; preserved at archive/exploratory/results/final-spade-primary-C4.json,NOT USED BY FINAL PAPER,ARCHIVE-VALID,archive/exploratory/results/final-spade-primary-C4.json,Result is outside the active claim ledger and remains preserved for historical review.
results/final-spade-primary-S1.json,json,97395907dd7782e6cd918b1cf9350ffb4a9a9362,97395907dd7782e6cd918b1cf9350ffb4a9a9362,SPADE_DEVELOPMENT_AND_LOCKBOX,Historical or non-paper work,HISTORICAL,NONE,historical record,NONE — no active claim consumer; preserved at archive/exploratory/results/final-spade-primary-S1.json,NOT USED BY FINAL PAPER,ARCHIVE-VALID,archive/exploratory/results/final-spade-primary-S1.json,Result is outside the active claim ledger and remains preserved for historical review.
results/final-spade-primary-S2.json,json,97395907dd7782e6cd918b1cf9350ffb4a9a9362,97395907dd7782e6cd918b1cf9350ffb4a9a9362,SPADE_DEVELOPMENT_AND_LOCKBOX,Historical or non-paper work,HISTORICAL,NONE,historical record,NONE — no active claim consumer; preserved at archive/exploratory/results/final-spade-primary-S2.json,NOT USED BY FINAL PAPER,ARCHIVE-VALID,archive/exploratory/results/final-spade-primary-S2.json,Result is outside the active claim ledger and remains preserved for historical review.
results/final-spade-primary-S3.json,json,97395907dd7782e6cd918b1cf9350ffb4a9a9362,97395907dd7782e6cd918b1cf9350ffb4a9a9362,SPADE_DEVELOPMENT_AND_LOCKBOX,Historical or non-paper work,HISTORICAL,NONE,historical record,NONE — no active claim consumer; preserved at archive/exploratory/results/final-spade-primary-S3.json,NOT USED BY FINAL PAPER,ARCHIVE-VALID,archive/exploratory/results/final-spade-primary-S3.json,Result is outside the active claim ledger and remains preserved for historical review.
results/final-spade-regret-pareto.json,json,996cd81874d3e0a81da3a118329454034cd9a1db,97395907dd7782e6cd918b1cf9350ffb4a9a9362,SPADE_DEVELOPMENT_AND_LOCKBOX,Historical or non-paper work,HISTORICAL,NONE,historical record,NONE — no active claim consumer; preserved at archive/exploratory/results/final-spade-regret-pareto.json,NOT USED BY FINAL PAPER,ARCHIVE-VALID,archive/exploratory/results/final-spade-regret-pareto.json,Result is outside the active claim ledger and remains preserved for historical review.
results/final-spade-s1-doeunscreened.log,log,1a3d9274fe06ea2ae52cb1e13923ce31be48a68d,1a3d9274fe06ea2ae52cb1e13923ce31be48a68d,SPADE_MANUFACTURING_RECOVERY,Historical or non-paper work,HISTORICAL,NONE,historical record,"NONE — non-canonical run artifact; canonical JSON, manifest, or producing script retained",CANONICAL OUTPUT OR MANIFEST PREFERRED,GENERATED/DISPOSABLE,archive/generated/results/final-spade-s1-doeunscreened.log,Run log or checkpoint is not a canonical paper result; preserve outside active results.
results/final-spade-s1.json,json,97395907dd7782e6cd918b1cf9350ffb4a9a9362,97395907dd7782e6cd918b1cf9350ffb4a9a9362,SPADE_DEVELOPMENT_AND_LOCKBOX,Historical or non-paper work,HISTORICAL,NONE,historical record,NONE — no active claim consumer; preserved at archive/exploratory/results/final-spade-s1.json,NOT USED BY FINAL PAPER,ARCHIVE-VALID,archive/exploratory/results/final-spade-s1.json,Result is outside the active claim ledger and remains preserved for historical review.
results/final-spade-s1.log,log,1a3d9274fe06ea2ae52cb1e13923ce31be48a68d,1a3d9274fe06ea2ae52cb1e13923ce31be48a68d,SPADE_MANUFACTURING_RECOVERY,Historical or non-paper work,HISTORICAL,NONE,historical record,"NONE — non-canonical run artifact; canonical JSON, manifest, or producing script retained",CANONICAL OUTPUT OR MANIFEST PREFERRED,GENERATED/DISPOSABLE,archive/generated/results/final-spade-s1.log,Run log or checkpoint is not a canonical paper result; preserve outside active results.
results/final-spade-s2-doeunscreened.log,log,1a3d9274fe06ea2ae52cb1e13923ce31be48a68d,1a3d9274fe06ea2ae52cb1e13923ce31be48a68d,SPADE_MANUFACTURING_RECOVERY,Historical or non-paper work,HISTORICAL,NONE,historical record,"NONE — non-canonical run artifact; canonical JSON, manifest, or producing script retained",CANONICAL OUTPUT OR MANIFEST PREFERRED,GENERATED/DISPOSABLE,archive/generated/results/final-spade-s2-doeunscreened.log,Run log or checkpoint is not a canonical paper result; preserve outside active results.
results/final-spade-s2.json,json,97395907dd7782e6cd918b1cf9350ffb4a9a9362,97395907dd7782e6cd918b1cf9350ffb4a9a9362,SPADE_DEVELOPMENT_AND_LOCKBOX,Historical or non-paper work,HISTORICAL,NONE,historical record,NONE — no active claim consumer; preserved at archive/exploratory/results/final-spade-s2.json,NOT USED BY FINAL PAPER,ARCHIVE-VALID,archive/exploratory/results/final-spade-s2.json,Result is outside the active claim ledger and remains preserved for historical review.
results/final-spade-s2.log,log,1a3d9274fe06ea2ae52cb1e13923ce31be48a68d,1a3d9274fe06ea2ae52cb1e13923ce31be48a68d,SPADE_MANUFACTURING_RECOVERY,Historical or non-paper work,HISTORICAL,NONE,historical record,"NONE — non-canonical run artifact; canonical JSON, manifest, or producing script retained",CANONICAL OUTPUT OR MANIFEST PREFERRED,GENERATED/DISPOSABLE,archive/generated/results/final-spade-s2.log,Run log or checkpoint is not a canonical paper result; preserve outside active results.
results/final-spade-s3-doeunscreened.log,log,1a3d9274fe06ea2ae52cb1e13923ce31be48a68d,1a3d9274fe06ea2ae52cb1e13923ce31be48a68d,SPADE_MANUFACTURING_RECOVERY,Historical or non-paper work,HISTORICAL,NONE,historical record,"NONE — non-canonical run artifact; canonical JSON, manifest, or producing script retained",CANONICAL OUTPUT OR MANIFEST PREFERRED,GENERATED/DISPOSABLE,archive/generated/results/final-spade-s3-doeunscreened.log,Run log or checkpoint is not a canonical paper result; preserve outside active results.
results/final-spade-s3.json,json,97395907dd7782e6cd918b1cf9350ffb4a9a9362,97395907dd7782e6cd918b1cf9350ffb4a9a9362,SPADE_DEVELOPMENT_AND_LOCKBOX,Historical or non-paper work,HISTORICAL,NONE,historical record,NONE — no active claim consumer; preserved at archive/exploratory/results/final-spade-s3.json,NOT USED BY FINAL PAPER,ARCHIVE-VALID,archive/exploratory/results/final-spade-s3.json,Result is outside the active claim ledger and remains preserved for historical review.
results/final-spade-s3.log,log,1a3d9274fe06ea2ae52cb1e13923ce31be48a68d,1a3d9274fe06ea2ae52cb1e13923ce31be48a68d,SPADE_MANUFACTURING_RECOVERY,Historical or non-paper work,HISTORICAL,NONE,historical record,"NONE — non-canonical run artifact; canonical JSON, manifest, or producing script retained",CANONICAL OUTPUT OR MANIFEST PREFERRED,GENERATED/DISPOSABLE,archive/generated/results/final-spade-s3.log,Run log or checkpoint is not a canonical paper result; preserve outside active results.
results/fix1-analysis.json,json,82d8055371ac19f4572cd868703c53d8cf7584c2,82d8055371ac19f4572cd868703c53d8cf7584c2,DESIGN_SPACE_PRE_SPADE,Historical or non-paper work,HISTORICAL,NONE,historical record,NONE — no active claim consumer; preserved at archive/exploratory/results/fix1-analysis.json,NOT USED BY FINAL PAPER,ARCHIVE-VALID,archive/exploratory/results/fix1-analysis.json,Result is outside the active claim ledger and remains preserved for historical review.
results/fix1-analysis.log,log,82d8055371ac19f4572cd868703c53d8cf7584c2,82d8055371ac19f4572cd868703c53d8cf7584c2,DESIGN_SPACE_PRE_SPADE,Historical or non-paper work,HISTORICAL,NONE,historical record,"NONE — non-canonical run artifact; canonical JSON, manifest, or producing script retained",CANONICAL OUTPUT OR MANIFEST PREFERRED,GENERATED/DISPOSABLE,archive/generated/results/fix1-analysis.log,Run log or checkpoint is not a canonical paper result; preserve outside active results.
results/fix1-terminal-rule.json,json,82d8055371ac19f4572cd868703c53d8cf7584c2,82d8055371ac19f4572cd868703c53d8cf7584c2,DESIGN_SPACE_PRE_SPADE,Historical or non-paper work,HISTORICAL,NONE,historical record,NONE — no active claim consumer; preserved at archive/exploratory/results/fix1-terminal-rule.json,NOT USED BY FINAL PAPER,ARCHIVE-VALID,archive/exploratory/results/fix1-terminal-rule.json,Result is outside the active claim ledger and remains preserved for historical review.
results/fix1-terminal-rule.log,log,82d8055371ac19f4572cd868703c53d8cf7584c2,82d8055371ac19f4572cd868703c53d8cf7584c2,DESIGN_SPACE_PRE_SPADE,Historical or non-paper work,HISTORICAL,NONE,historical record,"NONE — non-canonical run artifact; canonical JSON, manifest, or producing script retained",CANONICAL OUTPUT OR MANIFEST PREFERRED,GENERATED/DISPOSABLE,archive/generated/results/fix1-terminal-rule.log,Run log or checkpoint is not a canonical paper result; preserve outside active results.
results/focused-multi-cqa-audit.log,log,9ce0e066cf7a67b83ebf5777e50c77d4ff85b575,9ce0e066cf7a67b83ebf5777e50c77d4ff85b575,SPADE_MANUFACTURING_RECOVERY,Historical or non-paper work,HISTORICAL,NONE,historical record,"NONE — non-canonical run artifact; canonical JSON, manifest, or producing script retained",CANONICAL OUTPUT OR MANIFEST PREFERRED,GENERATED/DISPOSABLE,archive/generated/results/focused-multi-cqa-audit.log,Run log or checkpoint is not a canonical paper result; preserve outside active results.
results/full-test-suite-multi-cqa-audit.log,log,9ce0e066cf7a67b83ebf5777e50c77d4ff85b575,9ce0e066cf7a67b83ebf5777e50c77d4ff85b575,SPADE_MANUFACTURING_RECOVERY,Historical or non-paper work,HISTORICAL,NONE,historical record,"NONE — non-canonical run artifact; canonical JSON, manifest, or producing script retained",CANONICAL OUTPUT OR MANIFEST PREFERRED,GENERATED/DISPOSABLE,archive/generated/results/full-test-suite-multi-cqa-audit.log,Run log or checkpoint is not a canonical paper result; preserve outside active results.
results/full-test-suite.log,log,bb0203c5a60a2f0a3197067f4c892c9f1fa413ed,bb0203c5a60a2f0a3197067f4c892c9f1fa413ed,DESIGN_SPACE_PRE_SPADE,Historical or non-paper work,HISTORICAL,NONE,historical record,"NONE — non-canonical run artifact; canonical JSON, manifest, or producing script retained",CANONICAL OUTPUT OR MANIFEST PREFERRED,GENERATED/DISPOSABLE,archive/generated/results/full-test-suite.log,Run log or checkpoint is not a canonical paper result; preserve outside active results.
results/historical-joint-v1-noselection/README.md,md,b366d7a21b1652aa2a318edb39ed0b0f06e7c000,b366d7a21b1652aa2a318edb39ed0b0f06e7c000,SPADE_MANUFACTURING_RECOVERY,Historical or non-paper work,HISTORICAL,NONE,historical record,NONE — no active claim consumer; preserved at archive/exploratory/results/historical-joint-v1-noselection/README.md,NOT USED BY FINAL PAPER,ARCHIVE-VALID,archive/exploratory/results/historical-joint-v1-noselection/README.md,Result is outside the active claim ledger and remains preserved for historical review.
results/historical-joint-v1-noselection/spade-development-ackley-000-050.jsonl.gz,gz,b366d7a21b1652aa2a318edb39ed0b0f06e7c000,b366d7a21b1652aa2a318edb39ed0b0f06e7c000,SPADE_MANUFACTURING_RECOVERY,Historical or non-paper work,HISTORICAL,NONE,historical record,NONE — no active claim consumer; preserved at archive/exploratory/results/historical-joint-v1-noselection/spade-development-ackley-000-050.jsonl.gz,NOT USED BY FINAL PAPER,ARCHIVE-VALID,archive/exploratory/results/historical-joint-v1-noselection/spade-development-ackley-000-050.jsonl.gz,Result is outside the active claim ledger and remains preserved for historical review.
results/historical-joint-v1-noselection/spade-development-ackley-000-050.jsonl.gz.manifest.json,json,b366d7a21b1652aa2a318edb39ed0b0f06e7c000,b366d7a21b1652aa2a318edb39ed0b0f06e7c000,SPADE_MANUFACTURING_RECOVERY,Historical or non-paper work,HISTORICAL,NONE,historical record,NONE — no active claim consumer; preserved at archive/exploratory/results/historical-joint-v1-noselection/spade-development-ackley-000-050.jsonl.gz.manifest.json,NOT USED BY FINAL PAPER,ARCHIVE-VALID,archive/exploratory/results/historical-joint-v1-noselection/spade-development-ackley-000-050.jsonl.gz.manifest.json,Result is outside the active claim ledger and remains preserved for historical review.
results/historical-joint-v1-noselection/spade-development-ackley-000-050.jsonl.gz.resume.json,json,b366d7a21b1652aa2a318edb39ed0b0f06e7c000,b366d7a21b1652aa2a318edb39ed0b0f06e7c000,SPADE_MANUFACTURING_RECOVERY,Historical or non-paper work,HISTORICAL,NONE,historical record,NONE — no active claim consumer; preserved at archive/exploratory/results/historical-joint-v1-noselection/spade-development-ackley-000-050.jsonl.gz.resume.json,NOT USED BY FINAL PAPER,ARCHIVE-VALID,archive/exploratory/results/historical-joint-v1-noselection/spade-development-ackley-000-050.jsonl.gz.resume.json,Result is outside the active claim ledger and remains preserved for historical review.
results/historical-joint-v1-noselection/spade-development-ackley-000-050.jsonl.gz.sha256,sha256,b366d7a21b1652aa2a318edb39ed0b0f06e7c000,b366d7a21b1652aa2a318edb39ed0b0f06e7c000,SPADE_MANUFACTURING_RECOVERY,Historical or non-paper work,HISTORICAL,NONE,historical record,NONE — no active claim consumer; preserved at archive/exploratory/results/historical-joint-v1-noselection/spade-development-ackley-000-050.jsonl.gz.sha256,NOT USED BY FINAL PAPER,ARCHIVE-VALID,archive/exploratory/results/historical-joint-v1-noselection/spade-development-ackley-000-050.jsonl.gz.sha256,Result is outside the active claim ledger and remains preserved for historical review.
results/historical-joint-v1-noselection/spade-development-analysis.json,json,b366d7a21b1652aa2a318edb39ed0b0f06e7c000,b366d7a21b1652aa2a318edb39ed0b0f06e7c000,SPADE_MANUFACTURING_RECOVERY,Historical or non-paper work,HISTORICAL,NONE,historical record,NONE — no active claim consumer; preserved at archive/exploratory/results/historical-joint-v1-noselection/spade-development-analysis.json,NOT USED BY FINAL PAPER,ARCHIVE-VALID,archive/exploratory/results/historical-joint-v1-noselection/spade-development-analysis.json,Result is outside the active claim ledger and remains preserved for historical review.
results/historical-joint-v1-noselection/spade-development-hartmann6-000-050.jsonl.gz,gz,b366d7a21b1652aa2a318edb39ed0b0f06e7c000,b366d7a21b1652aa2a318edb39ed0b0f06e7c000,SPADE_MANUFACTURING_RECOVERY,Historical or non-paper work,HISTORICAL,NONE,historical record,NONE — no active claim consumer; preserved at archive/exploratory/results/historical-joint-v1-noselection/spade-development-hartmann6-000-050.jsonl.gz,NOT USED BY FINAL PAPER,ARCHIVE-VALID,archive/exploratory/results/historical-joint-v1-noselection/spade-development-hartmann6-000-050.jsonl.gz,Result is outside the active claim ledger and remains preserved for historical review.
results/historical-joint-v1-noselection/spade-development-hartmann6-000-050.jsonl.gz.manifest.json,json,b366d7a21b1652aa2a318edb39ed0b0f06e7c000,b366d7a21b1652aa2a318edb39ed0b0f06e7c000,SPADE_MANUFACTURING_RECOVERY,Historical or non-paper work,HISTORICAL,NONE,historical record,NONE — no active claim consumer; preserved at archive/exploratory/results/historical-joint-v1-noselection/spade-development-hartmann6-000-050.jsonl.gz.manifest.json,NOT USED BY FINAL PAPER,ARCHIVE-VALID,archive/exploratory/results/historical-joint-v1-noselection/spade-development-hartmann6-000-050.jsonl.gz.manifest.json,Result is outside the active claim ledger and remains preserved for historical review.
results/historical-joint-v1-noselection/spade-development-hartmann6-000-050.jsonl.gz.resume.json,json,b366d7a21b1652aa2a318edb39ed0b0f06e7c000,b366d7a21b1652aa2a318edb39ed0b0f06e7c000,SPADE_MANUFACTURING_RECOVERY,Historical or non-paper work,HISTORICAL,NONE,historical record,NONE — no active claim consumer; preserved at archive/exploratory/results/historical-joint-v1-noselection/spade-development-hartmann6-000-050.jsonl.gz.resume.json,NOT USED BY FINAL PAPER,ARCHIVE-VALID,archive/exploratory/results/historical-joint-v1-noselection/spade-development-hartmann6-000-050.jsonl.gz.resume.json,Result is outside the active claim ledger and remains preserved for historical review.
results/historical-joint-v1-noselection/spade-development-hartmann6-000-050.jsonl.gz.sha256,sha256,b366d7a21b1652aa2a318edb39ed0b0f06e7c000,b366d7a21b1652aa2a318edb39ed0b0f06e7c000,SPADE_MANUFACTURING_RECOVERY,Historical or non-paper work,HISTORICAL,NONE,historical record,NONE — no active claim consumer; preserved at archive/exploratory/results/historical-joint-v1-noselection/spade-development-hartmann6-000-050.jsonl.gz.sha256,NOT USED BY FINAL PAPER,ARCHIVE-VALID,archive/exploratory/results/historical-joint-v1-noselection/spade-development-hartmann6-000-050.jsonl.gz.sha256,Result is outside the active claim ledger and remains preserved for historical review.
results/historical-joint-v1-noselection/spade-development-hill-000-001.jsonl.gz,gz,b366d7a21b1652aa2a318edb39ed0b0f06e7c000,b366d7a21b1652aa2a318edb39ed0b0f06e7c000,SPADE_MANUFACTURING_RECOVERY,Historical or non-paper work,HISTORICAL,NONE,historical record,NONE — no active claim consumer; preserved at archive/exploratory/results/historical-joint-v1-noselection/spade-development-hill-000-001.jsonl.gz,NOT USED BY FINAL PAPER,ARCHIVE-VALID,archive/exploratory/results/historical-joint-v1-noselection/spade-development-hill-000-001.jsonl.gz,Result is outside the active claim ledger and remains preserved for historical review.
results/historical-joint-v1-noselection/spade-development-hill-000-001.jsonl.gz.manifest.json,json,b366d7a21b1652aa2a318edb39ed0b0f06e7c000,b366d7a21b1652aa2a318edb39ed0b0f06e7c000,SPADE_MANUFACTURING_RECOVERY,Historical or non-paper work,HISTORICAL,NONE,historical record,NONE — no active claim consumer; preserved at archive/exploratory/results/historical-joint-v1-noselection/spade-development-hill-000-001.jsonl.gz.manifest.json,NOT USED BY FINAL PAPER,ARCHIVE-VALID,archive/exploratory/results/historical-joint-v1-noselection/spade-development-hill-000-001.jsonl.gz.manifest.json,Result is outside the active claim ledger and remains preserved for historical review.
results/historical-joint-v1-noselection/spade-development-hill-000-001.jsonl.gz.resume.json,json,b366d7a21b1652aa2a318edb39ed0b0f06e7c000,b366d7a21b1652aa2a318edb39ed0b0f06e7c000,SPADE_MANUFACTURING_RECOVERY,Historical or non-paper work,HISTORICAL,NONE,historical record,NONE — no active claim consumer; preserved at archive/exploratory/results/historical-joint-v1-noselection/spade-development-hill-000-001.jsonl.gz.resume.json,NOT USED BY FINAL PAPER,ARCHIVE-VALID,archive/exploratory/results/historical-joint-v1-noselection/spade-development-hill-000-001.jsonl.gz.resume.json,Result is outside the active claim ledger and remains preserved for historical review.
results/historical-joint-v1-noselection/spade-development-hill-000-001.jsonl.gz.sha256,sha256,b366d7a21b1652aa2a318edb39ed0b0f06e7c000,b366d7a21b1652aa2a318edb39ed0b0f06e7c000,SPADE_MANUFACTURING_RECOVERY,Historical or non-paper work,HISTORICAL,NONE,historical record,NONE — no active claim consumer; preserved at archive/exploratory/results/historical-joint-v1-noselection/spade-development-hill-000-001.jsonl.gz.sha256,NOT USED BY FINAL PAPER,ARCHIVE-VALID,archive/exploratory/results/historical-joint-v1-noselection/spade-development-hill-000-001.jsonl.gz.sha256,Result is outside the active claim ledger and remains preserved for historical review.
results/historical-joint-v1-noselection/spade-development-hill-000-001.log,log,b366d7a21b1652aa2a318edb39ed0b0f06e7c000,b366d7a21b1652aa2a318edb39ed0b0f06e7c000,SPADE_MANUFACTURING_RECOVERY,Historical or non-paper work,HISTORICAL,NONE,historical record,"NONE — non-canonical run artifact; canonical JSON, manifest, or producing script retained",CANONICAL OUTPUT OR MANIFEST PREFERRED,GENERATED/DISPOSABLE,archive/generated/results/historical-joint-v1-noselection/spade-development-hill-000-001.log,Run log or checkpoint is not a canonical paper result; preserve outside active results.
results/historical-joint-v1-noselection/spade-development-hill-000-050.jsonl.gz,gz,b366d7a21b1652aa2a318edb39ed0b0f06e7c000,b366d7a21b1652aa2a318edb39ed0b0f06e7c000,SPADE_MANUFACTURING_RECOVERY,Historical or non-paper work,HISTORICAL,NONE,historical record,NONE — no active claim consumer; preserved at archive/exploratory/results/historical-joint-v1-noselection/spade-development-hill-000-050.jsonl.gz,NOT USED BY FINAL PAPER,ARCHIVE-VALID,archive/exploratory/results/historical-joint-v1-noselection/spade-development-hill-000-050.jsonl.gz,Result is outside the active claim ledger and remains preserved for historical review.
results/historical-joint-v1-noselection/spade-development-hill-000-050.jsonl.gz.manifest.json,json,b366d7a21b1652aa2a318edb39ed0b0f06e7c000,b366d7a21b1652aa2a318edb39ed0b0f06e7c000,SPADE_MANUFACTURING_RECOVERY,Historical or non-paper work,HISTORICAL,NONE,historical record,NONE — no active claim consumer; preserved at archive/exploratory/results/historical-joint-v1-noselection/spade-development-hill-000-050.jsonl.gz.manifest.json,NOT USED BY FINAL PAPER,ARCHIVE-VALID,archive/exploratory/results/historical-joint-v1-noselection/spade-development-hill-000-050.jsonl.gz.manifest.json,Result is outside the active claim ledger and remains preserved for historical review.
results/historical-joint-v1-noselection/spade-development-hill-000-050.jsonl.gz.resume.json,json,b366d7a21b1652aa2a318edb39ed0b0f06e7c000,b366d7a21b1652aa2a318edb39ed0b0f06e7c000,SPADE_MANUFACTURING_RECOVERY,Historical or non-paper work,HISTORICAL,NONE,historical record,NONE — no active claim consumer; preserved at archive/exploratory/results/historical-joint-v1-noselection/spade-development-hill-000-050.jsonl.gz.resume.json,NOT USED BY FINAL PAPER,ARCHIVE-VALID,archive/exploratory/results/historical-joint-v1-noselection/spade-development-hill-000-050.jsonl.gz.resume.json,Result is outside the active claim ledger and remains preserved for historical review.
results/historical-joint-v1-noselection/spade-development-hill-000-050.jsonl.gz.sha256,sha256,b366d7a21b1652aa2a318edb39ed0b0f06e7c000,b366d7a21b1652aa2a318edb39ed0b0f06e7c000,SPADE_MANUFACTURING_RECOVERY,Historical or non-paper work,HISTORICAL,NONE,historical record,NONE — no active claim consumer; preserved at archive/exploratory/results/historical-joint-v1-noselection/spade-development-hill-000-050.jsonl.gz.sha256,NOT USED BY FINAL PAPER,ARCHIVE-VALID,archive/exploratory/results/historical-joint-v1-noselection/spade-development-hill-000-050.jsonl.gz.sha256,Result is outside the active claim ledger and remains preserved for historical review.
results/historical-joint-v1-noselection/spade-development-hill-001-015.jsonl.gz,gz,b366d7a21b1652aa2a318edb39ed0b0f06e7c000,b366d7a21b1652aa2a318edb39ed0b0f06e7c000,SPADE_MANUFACTURING_RECOVERY,Historical or non-paper work,HISTORICAL,NONE,historical record,NONE — no active claim consumer; preserved at archive/exploratory/results/historical-joint-v1-noselection/spade-development-hill-001-015.jsonl.gz,NOT USED BY FINAL PAPER,ARCHIVE-VALID,archive/exploratory/results/historical-joint-v1-noselection/spade-development-hill-001-015.jsonl.gz,Result is outside the active claim ledger and remains preserved for historical review.
results/historical-joint-v1-noselection/spade-development-hill-001-015.jsonl.gz.manifest.json,json,b366d7a21b1652aa2a318edb39ed0b0f06e7c000,b366d7a21b1652aa2a318edb39ed0b0f06e7c000,SPADE_MANUFACTURING_RECOVERY,Historical or non-paper work,HISTORICAL,NONE,historical record,NONE — no active claim consumer; preserved at archive/exploratory/results/historical-joint-v1-noselection/spade-development-hill-001-015.jsonl.gz.manifest.json,NOT USED BY FINAL PAPER,ARCHIVE-VALID,archive/exploratory/results/historical-joint-v1-noselection/spade-development-hill-001-015.jsonl.gz.manifest.json,Result is outside the active claim ledger and remains preserved for historical review.
results/historical-joint-v1-noselection/spade-development-hill-001-015.jsonl.gz.resume.json,json,b366d7a21b1652aa2a318edb39ed0b0f06e7c000,b366d7a21b1652aa2a318edb39ed0b0f06e7c000,SPADE_MANUFACTURING_RECOVERY,Historical or non-paper work,HISTORICAL,NONE,historical record,NONE — no active claim consumer; preserved at archive/exploratory/results/historical-joint-v1-noselection/spade-development-hill-001-015.jsonl.gz.resume.json,NOT USED BY FINAL PAPER,ARCHIVE-VALID,archive/exploratory/results/historical-joint-v1-noselection/spade-development-hill-001-015.jsonl.gz.resume.json,Result is outside the active claim ledger and remains preserved for historical review.
results/historical-joint-v1-noselection/spade-development-hill-001-015.jsonl.gz.sha256,sha256,b366d7a21b1652aa2a318edb39ed0b0f06e7c000,b366d7a21b1652aa2a318edb39ed0b0f06e7c000,SPADE_MANUFACTURING_RECOVERY,Historical or non-paper work,HISTORICAL,NONE,historical record,NONE — no active claim consumer; preserved at archive/exploratory/results/historical-joint-v1-noselection/spade-development-hill-001-015.jsonl.gz.sha256,NOT USED BY FINAL PAPER,ARCHIVE-VALID,archive/exploratory/results/historical-joint-v1-noselection/spade-development-hill-001-015.jsonl.gz.sha256,Result is outside the active claim ledger and remains preserved for historical review.
results/historical-joint-v1-noselection/spade-development-hill-015-030.jsonl.gz,gz,b366d7a21b1652aa2a318edb39ed0b0f06e7c000,b366d7a21b1652aa2a318edb39ed0b0f06e7c000,SPADE_MANUFACTURING_RECOVERY,Historical or non-paper work,HISTORICAL,NONE,historical record,NONE — no active claim consumer; preserved at archive/exploratory/results/historical-joint-v1-noselection/spade-development-hill-015-030.jsonl.gz,NOT USED BY FINAL PAPER,ARCHIVE-VALID,archive/exploratory/results/historical-joint-v1-noselection/spade-development-hill-015-030.jsonl.gz,Result is outside the active claim ledger and remains preserved for historical review.
results/historical-joint-v1-noselection/spade-development-hill-015-030.jsonl.gz.manifest.json,json,b366d7a21b1652aa2a318edb39ed0b0f06e7c000,b366d7a21b1652aa2a318edb39ed0b0f06e7c000,SPADE_MANUFACTURING_RECOVERY,Historical or non-paper work,HISTORICAL,NONE,historical record,NONE — no active claim consumer; preserved at archive/exploratory/results/historical-joint-v1-noselection/spade-development-hill-015-030.jsonl.gz.manifest.json,NOT USED BY FINAL PAPER,ARCHIVE-VALID,archive/exploratory/results/historical-joint-v1-noselection/spade-development-hill-015-030.jsonl.gz.manifest.json,Result is outside the active claim ledger and remains preserved for historical review.
results/historical-joint-v1-noselection/spade-development-hill-015-030.jsonl.gz.resume.json,json,b366d7a21b1652aa2a318edb39ed0b0f06e7c000,b366d7a21b1652aa2a318edb39ed0b0f06e7c000,SPADE_MANUFACTURING_RECOVERY,Historical or non-paper work,HISTORICAL,NONE,historical record,NONE — no active claim consumer; preserved at archive/exploratory/results/historical-joint-v1-noselection/spade-development-hill-015-030.jsonl.gz.resume.json,NOT USED BY FINAL PAPER,ARCHIVE-VALID,archive/exploratory/results/historical-joint-v1-noselection/spade-development-hill-015-030.jsonl.gz.resume.json,Result is outside the active claim ledger and remains preserved for historical review.
results/historical-joint-v1-noselection/spade-development-hill-015-030.jsonl.gz.sha256,sha256,b366d7a21b1652aa2a318edb39ed0b0f06e7c000,b366d7a21b1652aa2a318edb39ed0b0f06e7c000,SPADE_MANUFACTURING_RECOVERY,Historical or non-paper work,HISTORICAL,NONE,historical record,NONE — no active claim consumer; preserved at archive/exploratory/results/historical-joint-v1-noselection/spade-development-hill-015-030.jsonl.gz.sha256,NOT USED BY FINAL PAPER,ARCHIVE-VALID,archive/exploratory/results/historical-joint-v1-noselection/spade-development-hill-015-030.jsonl.gz.sha256,Result is outside the active claim ledger and remains preserved for historical review.
results/historical-joint-v1-noselection/spade-development-hill-030-050.jsonl.gz,gz,b366d7a21b1652aa2a318edb39ed0b0f06e7c000,b366d7a21b1652aa2a318edb39ed0b0f06e7c000,SPADE_MANUFACTURING_RECOVERY,Historical or non-paper work,HISTORICAL,NONE,historical record,NONE — no active claim consumer; preserved at archive/exploratory/results/historical-joint-v1-noselection/spade-development-hill-030-050.jsonl.gz,NOT USED BY FINAL PAPER,ARCHIVE-VALID,archive/exploratory/results/historical-joint-v1-noselection/spade-development-hill-030-050.jsonl.gz,Result is outside the active claim ledger and remains preserved for historical review.
results/historical-joint-v1-noselection/spade-development-hill-030-050.jsonl.gz.manifest.json,json,b366d7a21b1652aa2a318edb39ed0b0f06e7c000,b366d7a21b1652aa2a318edb39ed0b0f06e7c000,SPADE_MANUFACTURING_RECOVERY,Historical or non-paper work,HISTORICAL,NONE,historical record,NONE — no active claim consumer; preserved at archive/exploratory/results/historical-joint-v1-noselection/spade-development-hill-030-050.jsonl.gz.manifest.json,NOT USED BY FINAL PAPER,ARCHIVE-VALID,archive/exploratory/results/historical-joint-v1-noselection/spade-development-hill-030-050.jsonl.gz.manifest.json,Result is outside the active claim ledger and remains preserved for historical review.
results/historical-joint-v1-noselection/spade-development-hill-030-050.jsonl.gz.resume.json,json,b366d7a21b1652aa2a318edb39ed0b0f06e7c000,b366d7a21b1652aa2a318edb39ed0b0f06e7c000,SPADE_MANUFACTURING_RECOVERY,Historical or non-paper work,HISTORICAL,NONE,historical record,NONE — no active claim consumer; preserved at archive/exploratory/results/historical-joint-v1-noselection/spade-development-hill-030-050.jsonl.gz.resume.json,NOT USED BY FINAL PAPER,ARCHIVE-VALID,archive/exploratory/results/historical-joint-v1-noselection/spade-development-hill-030-050.jsonl.gz.resume.json,Result is outside the active claim ledger and remains preserved for historical review.
results/historical-joint-v1-noselection/spade-development-hill-030-050.jsonl.gz.sha256,sha256,b366d7a21b1652aa2a318edb39ed0b0f06e7c000,b366d7a21b1652aa2a318edb39ed0b0f06e7c000,SPADE_MANUFACTURING_RECOVERY,Historical or non-paper work,HISTORICAL,NONE,historical record,NONE — no active claim consumer; preserved at archive/exploratory/results/historical-joint-v1-noselection/spade-development-hill-030-050.jsonl.gz.sha256,NOT USED BY FINAL PAPER,ARCHIVE-VALID,archive/exploratory/results/historical-joint-v1-noselection/spade-development-hill-030-050.jsonl.gz.sha256,Result is outside the active claim ledger and remains preserved for historical review.
results/historical-joint-v1-noselection/spade-development-levy-000-050.jsonl.gz,gz,b366d7a21b1652aa2a318edb39ed0b0f06e7c000,b366d7a21b1652aa2a318edb39ed0b0f06e7c000,SPADE_MANUFACTURING_RECOVERY,Historical or non-paper work,HISTORICAL,NONE,historical record,NONE — no active claim consumer; preserved at archive/exploratory/results/historical-joint-v1-noselection/spade-development-levy-000-050.jsonl.gz,NOT USED BY FINAL PAPER,ARCHIVE-VALID,archive/exploratory/results/historical-joint-v1-noselection/spade-development-levy-000-050.jsonl.gz,Result is outside the active claim ledger and remains preserved for historical review.
results/historical-joint-v1-noselection/spade-development-levy-000-050.jsonl.gz.manifest.json,json,b366d7a21b1652aa2a318edb39ed0b0f06e7c000,b366d7a21b1652aa2a318edb39ed0b0f06e7c000,SPADE_MANUFACTURING_RECOVERY,Historical or non-paper work,HISTORICAL,NONE,historical record,NONE — no active claim consumer; preserved at archive/exploratory/results/historical-joint-v1-noselection/spade-development-levy-000-050.jsonl.gz.manifest.json,NOT USED BY FINAL PAPER,ARCHIVE-VALID,archive/exploratory/results/historical-joint-v1-noselection/spade-development-levy-000-050.jsonl.gz.manifest.json,Result is outside the active claim ledger and remains preserved for historical review.
results/historical-joint-v1-noselection/spade-development-levy-000-050.jsonl.gz.resume.json,json,b366d7a21b1652aa2a318edb39ed0b0f06e7c000,b366d7a21b1652aa2a318edb39ed0b0f06e7c000,SPADE_MANUFACTURING_RECOVERY,Historical or non-paper work,HISTORICAL,NONE,historical record,NONE — no active claim consumer; preserved at archive/exploratory/results/historical-joint-v1-noselection/spade-development-levy-000-050.jsonl.gz.resume.json,NOT USED BY FINAL PAPER,ARCHIVE-VALID,archive/exploratory/results/historical-joint-v1-noselection/spade-development-levy-000-050.jsonl.gz.resume.json,Result is outside the active claim ledger and remains preserved for historical review.
results/historical-joint-v1-noselection/spade-development-levy-000-050.jsonl.gz.sha256,sha256,b366d7a21b1652aa2a318edb39ed0b0f06e7c000,b366d7a21b1652aa2a318edb39ed0b0f06e7c000,SPADE_MANUFACTURING_RECOVERY,Historical or non-paper work,HISTORICAL,NONE,historical record,NONE — no active claim consumer; preserved at archive/exploratory/results/historical-joint-v1-noselection/spade-development-levy-000-050.jsonl.gz.sha256,NOT USED BY FINAL PAPER,ARCHIVE-VALID,archive/exploratory/results/historical-joint-v1-noselection/spade-development-levy-000-050.jsonl.gz.sha256,Result is outside the active claim ledger and remains preserved for historical review.
results/historical-joint-v1-noselection/spade-development-levy-000-050.log,log,b366d7a21b1652aa2a318edb39ed0b0f06e7c000,b366d7a21b1652aa2a318edb39ed0b0f06e7c000,SPADE_MANUFACTURING_RECOVERY,Historical or non-paper work,HISTORICAL,NONE,historical record,"NONE — non-canonical run artifact; canonical JSON, manifest, or producing script retained",CANONICAL OUTPUT OR MANIFEST PREFERRED,GENERATED/DISPOSABLE,archive/generated/results/historical-joint-v1-noselection/spade-development-levy-000-050.log,Run log or checkpoint is not a canonical paper result; preserve outside active results.
results/historical-joint-v1-noselection/spade-development-rosenbrock-000-050.jsonl.gz,gz,b366d7a21b1652aa2a318edb39ed0b0f06e7c000,b366d7a21b1652aa2a318edb39ed0b0f06e7c000,SPADE_MANUFACTURING_RECOVERY,Historical or non-paper work,HISTORICAL,NONE,historical record,NONE — no active claim consumer; preserved at archive/exploratory/results/historical-joint-v1-noselection/spade-development-rosenbrock-000-050.jsonl.gz,NOT USED BY FINAL PAPER,ARCHIVE-VALID,archive/exploratory/results/historical-joint-v1-noselection/spade-development-rosenbrock-000-050.jsonl.gz,Result is outside the active claim ledger and remains preserved for historical review.
results/historical-joint-v1-noselection/spade-development-rosenbrock-000-050.jsonl.gz.manifest.json,json,b366d7a21b1652aa2a318edb39ed0b0f06e7c000,b366d7a21b1652aa2a318edb39ed0b0f06e7c000,SPADE_MANUFACTURING_RECOVERY,Historical or non-paper work,HISTORICAL,NONE,historical record,NONE — no active claim consumer; preserved at archive/exploratory/results/historical-joint-v1-noselection/spade-development-rosenbrock-000-050.jsonl.gz.manifest.json,NOT USED BY FINAL PAPER,ARCHIVE-VALID,archive/exploratory/results/historical-joint-v1-noselection/spade-development-rosenbrock-000-050.jsonl.gz.manifest.json,Result is outside the active claim ledger and remains preserved for historical review.
results/historical-joint-v1-noselection/spade-development-rosenbrock-000-050.jsonl.gz.resume.json,json,b366d7a21b1652aa2a318edb39ed0b0f06e7c000,b366d7a21b1652aa2a318edb39ed0b0f06e7c000,SPADE_MANUFACTURING_RECOVERY,Historical or non-paper work,HISTORICAL,NONE,historical record,NONE — no active claim consumer; preserved at archive/exploratory/results/historical-joint-v1-noselection/spade-development-rosenbrock-000-050.jsonl.gz.resume.json,NOT USED BY FINAL PAPER,ARCHIVE-VALID,archive/exploratory/results/historical-joint-v1-noselection/spade-development-rosenbrock-000-050.jsonl.gz.resume.json,Result is outside the active claim ledger and remains preserved for historical review.
results/historical-joint-v1-noselection/spade-development-rosenbrock-000-050.jsonl.gz.sha256,sha256,b366d7a21b1652aa2a318edb39ed0b0f06e7c000,b366d7a21b1652aa2a318edb39ed0b0f06e7c000,SPADE_MANUFACTURING_RECOVERY,Historical or non-paper work,HISTORICAL,NONE,historical record,NONE — no active claim consumer; preserved at archive/exploratory/results/historical-joint-v1-noselection/spade-development-rosenbrock-000-050.jsonl.gz.sha256,NOT USED BY FINAL PAPER,ARCHIVE-VALID,archive/exploratory/results/historical-joint-v1-noselection/spade-development-rosenbrock-000-050.jsonl.gz.sha256,Result is outside the active claim ledger and remains preserved for historical review.
results/historical-joint-v1-noselection/spade-development-rosenbrock-000-050.log,log,b366d7a21b1652aa2a318edb39ed0b0f06e7c000,b366d7a21b1652aa2a318edb39ed0b0f06e7c000,SPADE_MANUFACTURING_RECOVERY,Historical or non-paper work,HISTORICAL,NONE,historical record,"NONE — non-canonical run artifact; canonical JSON, manifest, or producing script retained",CANONICAL OUTPUT OR MANIFEST PREFERRED,GENERATED/DISPOSABLE,archive/generated/results/historical-joint-v1-noselection/spade-development-rosenbrock-000-050.log,Run log or checkpoint is not a canonical paper result; preserve outside active results.
results/historical-joint-v1-noselection/spade-joint-continue-dev.sh,sh,b366d7a21b1652aa2a318edb39ed0b0f06e7c000,b366d7a21b1652aa2a318edb39ed0b0f06e7c000,SPADE_MANUFACTURING_RECOVERY,Historical or non-paper work,HISTORICAL,NONE,historical record,NONE — no active claim consumer; preserved at archive/exploratory/results/historical-joint-v1-noselection/spade-joint-continue-dev.sh,NOT USED BY FINAL PAPER,ARCHIVE-VALID,archive/exploratory/results/historical-joint-v1-noselection/spade-joint-continue-dev.sh,Result is outside the active claim ledger and remains preserved for historical review.
results/historical-joint-v1-noselection/spade-joint-development-execution.log,log,b366d7a21b1652aa2a318edb39ed0b0f06e7c000,b366d7a21b1652aa2a318edb39ed0b0f06e7c000,SPADE_MANUFACTURING_RECOVERY,Historical or non-paper work,HISTORICAL,NONE,historical record,"NONE — non-canonical run artifact; canonical JSON, manifest, or producing script retained",CANONICAL OUTPUT OR MANIFEST PREFERRED,GENERATED/DISPOSABLE,archive/generated/results/historical-joint-v1-noselection/spade-joint-development-execution.log,Run log or checkpoint is not a canonical paper result; preserve outside active results.
results/historical-joint-v1-noselection/spade-joint-development-run-ledger.json,json,b366d7a21b1652aa2a318edb39ed0b0f06e7c000,b366d7a21b1652aa2a318edb39ed0b0f06e7c000,SPADE_MANUFACTURING_RECOVERY,Historical or non-paper work,HISTORICAL,NONE,historical record,NONE — no active claim consumer; preserved at archive/exploratory/results/historical-joint-v1-noselection/spade-joint-development-run-ledger.json,NOT USED BY FINAL PAPER,ARCHIVE-VALID,archive/exploratory/results/historical-joint-v1-noselection/spade-joint-development-run-ledger.json,Result is outside the active claim ledger and remains preserved for historical review.
results/historical-joint-v1-noselection/spade-joint-focused-tests.log,log,b366d7a21b1652aa2a318edb39ed0b0f06e7c000,b366d7a21b1652aa2a318edb39ed0b0f06e7c000,SPADE_MANUFACTURING_RECOVERY,Historical or non-paper work,HISTORICAL,NONE,historical record,"NONE — non-canonical run artifact; canonical JSON, manifest, or producing script retained",CANONICAL OUTPUT OR MANIFEST PREFERRED,GENERATED/DISPOSABLE,archive/generated/results/historical-joint-v1-noselection/spade-joint-focused-tests.log,Run log or checkpoint is not a canonical paper result; preserve outside active results.
results/historical-joint-v1-noselection/spade-joint-hill-isolate-path.txt,txt,b366d7a21b1652aa2a318edb39ed0b0f06e7c000,b366d7a21b1652aa2a318edb39ed0b0f06e7c000,SPADE_MANUFACTURING_RECOVERY,Historical or non-paper work,HISTORICAL,NONE,historical record,NONE — no active claim consumer; preserved at archive/exploratory/results/historical-joint-v1-noselection/spade-joint-hill-isolate-path.txt,NOT USED BY FINAL PAPER,ARCHIVE-VALID,archive/exploratory/results/historical-joint-v1-noselection/spade-joint-hill-isolate-path.txt,Result is outside the active claim ledger and remains preserved for historical review.
results/historical-joint-v1-noselection/spade-joint-hill-merge.log,log,b366d7a21b1652aa2a318edb39ed0b0f06e7c000,b366d7a21b1652aa2a318edb39ed0b0f06e7c000,SPADE_MANUFACTURING_RECOVERY,Historical or non-paper work,HISTORICAL,NONE,historical record,"NONE — non-canonical run artifact; canonical JSON, manifest, or producing script retained",CANONICAL OUTPUT OR MANIFEST PREFERRED,GENERATED/DISPOSABLE,archive/generated/results/historical-joint-v1-noselection/spade-joint-hill-merge.log,Run log or checkpoint is not a canonical paper result; preserve outside active results.
results/historical-joint-v1-noselection/spade-joint-levy-wrap.log,log,b366d7a21b1652aa2a318edb39ed0b0f06e7c000,b366d7a21b1652aa2a318edb39ed0b0f06e7c000,SPADE_MANUFACTURING_RECOVERY,Historical or non-paper work,HISTORICAL,NONE,historical record,"NONE — non-canonical run artifact; canonical JSON, manifest, or producing script retained",CANONICAL OUTPUT OR MANIFEST PREFERRED,GENERATED/DISPOSABLE,archive/generated/results/historical-joint-v1-noselection/spade-joint-levy-wrap.log,Run log or checkpoint is not a canonical paper result; preserve outside active results.
results/historical-joint-v1-noselection/spade-joint-pipeline.log,log,b366d7a21b1652aa2a318edb39ed0b0f06e7c000,b366d7a21b1652aa2a318edb39ed0b0f06e7c000,SPADE_MANUFACTURING_RECOVERY,Historical or non-paper work,HISTORICAL,NONE,historical record,"NONE — non-canonical run artifact; canonical JSON, manifest, or producing script retained",CANONICAL OUTPUT OR MANIFEST PREFERRED,GENERATED/DISPOSABLE,archive/generated/results/historical-joint-v1-noselection/spade-joint-pipeline.log,Run log or checkpoint is not a canonical paper result; preserve outside active results.
results/historical-joint-v1-noselection/spade-joint-select.log,log,b366d7a21b1652aa2a318edb39ed0b0f06e7c000,b366d7a21b1652aa2a318edb39ed0b0f06e7c000,SPADE_MANUFACTURING_RECOVERY,Historical or non-paper work,HISTORICAL,NONE,historical record,"NONE — non-canonical run artifact; canonical JSON, manifest, or producing script retained",CANONICAL OUTPUT OR MANIFEST PREFERRED,GENERATED/DISPOSABLE,archive/generated/results/historical-joint-v1-noselection/spade-joint-select.log,Run log or checkpoint is not a canonical paper result; preserve outside active results.
results/historical-joint-v1-noselection/spade-selected-protocol.json,json,b366d7a21b1652aa2a318edb39ed0b0f06e7c000,b366d7a21b1652aa2a318edb39ed0b0f06e7c000,SPADE_MANUFACTURING_RECOVERY,Historical or non-paper work,HISTORICAL,NONE,historical record,NONE — no active claim consumer; preserved at archive/exploratory/results/historical-joint-v1-noselection/spade-selected-protocol.json,NOT USED BY FINAL PAPER,ARCHIVE-VALID,archive/exploratory/results/historical-joint-v1-noselection/spade-selected-protocol.json,Result is outside the active claim ledger and remains preserved for historical review.
results/historical-mfg-cert-assay-incomplete/spade-development-ackley-000-050.jsonl.gz.resume.json,json,ede920ea02f1fa4757a85b09fc30a68359f09637,ede920ea02f1fa4757a85b09fc30a68359f09637,SPADE_MANUFACTURING_RECOVERY,Historical or non-paper work,HISTORICAL,NONE,historical record,NONE — no active claim consumer; preserved at archive/exploratory/results/historical-mfg-cert-assay-incomplete/spade-development-ackley-000-050.jsonl.gz.resume.json,NOT USED BY FINAL PAPER,ARCHIVE-VALID,archive/exploratory/results/historical-mfg-cert-assay-incomplete/spade-development-ackley-000-050.jsonl.gz.resume.json,Result is outside the active claim ledger and remains preserved for historical review.
results/historical-mfg-cert-assay-incomplete/spade-development-hartmann6-000-050.jsonl.gz.resume.json,json,ede920ea02f1fa4757a85b09fc30a68359f09637,ede920ea02f1fa4757a85b09fc30a68359f09637,SPADE_MANUFACTURING_RECOVERY,Historical or non-paper work,HISTORICAL,NONE,historical record,NONE — no active claim consumer; preserved at archive/exploratory/results/historical-mfg-cert-assay-incomplete/spade-development-hartmann6-000-050.jsonl.gz.resume.json,NOT USED BY FINAL PAPER,ARCHIVE-VALID,archive/exploratory/results/historical-mfg-cert-assay-incomplete/spade-development-hartmann6-000-050.jsonl.gz.resume.json,Result is outside the active claim ledger and remains preserved for historical review.
results/historical-mfg-cert-assay-shortfall/spade-development-hill-000-001.jsonl.gz,gz,ede920ea02f1fa4757a85b09fc30a68359f09637,ede920ea02f1fa4757a85b09fc30a68359f09637,SPADE_MANUFACTURING_RECOVERY,Historical or non-paper work,HISTORICAL,NONE,historical record,NONE — no active claim consumer; preserved at archive/exploratory/results/historical-mfg-cert-assay-shortfall/spade-development-hill-000-001.jsonl.gz,NOT USED BY FINAL PAPER,ARCHIVE-VALID,archive/exploratory/results/historical-mfg-cert-assay-shortfall/spade-development-hill-000-001.jsonl.gz,Result is outside the active claim ledger and remains preserved for historical review.
results/historical-mfg-cert-assay-shortfall/spade-development-hill-000-001.jsonl.gz.manifest.json,json,ede920ea02f1fa4757a85b09fc30a68359f09637,ede920ea02f1fa4757a85b09fc30a68359f09637,SPADE_MANUFACTURING_RECOVERY,Historical or non-paper work,HISTORICAL,NONE,historical record,NONE — no active claim consumer; preserved at archive/exploratory/results/historical-mfg-cert-assay-shortfall/spade-development-hill-000-001.jsonl.gz.manifest.json,NOT USED BY FINAL PAPER,ARCHIVE-VALID,archive/exploratory/results/historical-mfg-cert-assay-shortfall/spade-development-hill-000-001.jsonl.gz.manifest.json,Result is outside the active claim ledger and remains preserved for historical review.
results/historical-mfg-cert-assay-shortfall/spade-development-hill-000-001.jsonl.gz.resume.json,json,ede920ea02f1fa4757a85b09fc30a68359f09637,ede920ea02f1fa4757a85b09fc30a68359f09637,SPADE_MANUFACTURING_RECOVERY,Historical or non-paper work,HISTORICAL,NONE,historical record,NONE — no active claim consumer; preserved at archive/exploratory/results/historical-mfg-cert-assay-shortfall/spade-development-hill-000-001.jsonl.gz.resume.json,NOT USED BY FINAL PAPER,ARCHIVE-VALID,archive/exploratory/results/historical-mfg-cert-assay-shortfall/spade-development-hill-000-001.jsonl.gz.resume.json,Result is outside the active claim ledger and remains preserved for historical review.
results/historical-mfg-cert-assay-shortfall/spade-development-hill-000-001.jsonl.gz.sha256,sha256,ede920ea02f1fa4757a85b09fc30a68359f09637,ede920ea02f1fa4757a85b09fc30a68359f09637,SPADE_MANUFACTURING_RECOVERY,Historical or non-paper work,HISTORICAL,NONE,historical record,NONE — no active claim consumer; preserved at archive/exploratory/results/historical-mfg-cert-assay-shortfall/spade-development-hill-000-001.jsonl.gz.sha256,NOT USED BY FINAL PAPER,ARCHIVE-VALID,archive/exploratory/results/historical-mfg-cert-assay-shortfall/spade-development-hill-000-001.jsonl.gz.sha256,Result is outside the active claim ledger and remains preserved for historical review.
results/historical-mfg-cert-assay-shortfall/spade-development-hill-000-005.jsonl.gz,gz,ede920ea02f1fa4757a85b09fc30a68359f09637,ede920ea02f1fa4757a85b09fc30a68359f09637,SPADE_MANUFACTURING_RECOVERY,Historical or non-paper work,HISTORICAL,NONE,historical record,NONE — no active claim consumer; preserved at archive/exploratory/results/historical-mfg-cert-assay-shortfall/spade-development-hill-000-005.jsonl.gz,NOT USED BY FINAL PAPER,ARCHIVE-VALID,archive/exploratory/results/historical-mfg-cert-assay-shortfall/spade-development-hill-000-005.jsonl.gz,Result is outside the active claim ledger and remains preserved for historical review.
results/historical-mfg-cert-assay-shortfall/spade-development-hill-000-005.jsonl.gz.manifest.json,json,ede920ea02f1fa4757a85b09fc30a68359f09637,ede920ea02f1fa4757a85b09fc30a68359f09637,SPADE_MANUFACTURING_RECOVERY,Historical or non-paper work,HISTORICAL,NONE,historical record,NONE — no active claim consumer; preserved at archive/exploratory/results/historical-mfg-cert-assay-shortfall/spade-development-hill-000-005.jsonl.gz.manifest.json,NOT USED BY FINAL PAPER,ARCHIVE-VALID,archive/exploratory/results/historical-mfg-cert-assay-shortfall/spade-development-hill-000-005.jsonl.gz.manifest.json,Result is outside the active claim ledger and remains preserved for historical review.
results/historical-mfg-cert-assay-shortfall/spade-development-hill-000-005.jsonl.gz.resume.json,json,ede920ea02f1fa4757a85b09fc30a68359f09637,ede920ea02f1fa4757a85b09fc30a68359f09637,SPADE_MANUFACTURING_RECOVERY,Historical or non-paper work,HISTORICAL,NONE,historical record,NONE — no active claim consumer; preserved at archive/exploratory/results/historical-mfg-cert-assay-shortfall/spade-development-hill-000-005.jsonl.gz.resume.json,NOT USED BY FINAL PAPER,ARCHIVE-VALID,archive/exploratory/results/historical-mfg-cert-assay-shortfall/spade-development-hill-000-005.jsonl.gz.resume.json,Result is outside the active claim ledger and remains preserved for historical review.
results/historical-mfg-cert-assay-shortfall/spade-development-hill-000-005.jsonl.gz.sha256,sha256,ede920ea02f1fa4757a85b09fc30a68359f09637,ede920ea02f1fa4757a85b09fc30a68359f09637,SPADE_MANUFACTURING_RECOVERY,Historical or non-paper work,HISTORICAL,NONE,historical record,NONE — no active claim consumer; preserved at archive/exploratory/results/historical-mfg-cert-assay-shortfall/spade-development-hill-000-005.jsonl.gz.sha256,NOT USED BY FINAL PAPER,ARCHIVE-VALID,archive/exploratory/results/historical-mfg-cert-assay-shortfall/spade-development-hill-000-005.jsonl.gz.sha256,Result is outside the active claim ledger and remains preserved for historical review.
results/historical-mfg-cert-assay-shortfall/spade-development-hill-000-050.jsonl.gz,gz,ede920ea02f1fa4757a85b09fc30a68359f09637,ede920ea02f1fa4757a85b09fc30a68359f09637,SPADE_MANUFACTURING_RECOVERY,Historical or non-paper work,HISTORICAL,NONE,historical record,NONE — no active claim consumer; preserved at archive/exploratory/results/historical-mfg-cert-assay-shortfall/spade-development-hill-000-050.jsonl.gz,NOT USED BY FINAL PAPER,ARCHIVE-VALID,archive/exploratory/results/historical-mfg-cert-assay-shortfall/spade-development-hill-000-050.jsonl.gz,Result is outside the active claim ledger and remains preserved for historical review.
results/historical-mfg-cert-assay-shortfall/spade-development-hill-000-050.jsonl.gz.manifest.json,json,ede920ea02f1fa4757a85b09fc30a68359f09637,ede920ea02f1fa4757a85b09fc30a68359f09637,SPADE_MANUFACTURING_RECOVERY,Historical or non-paper work,HISTORICAL,NONE,historical record,NONE — no active claim consumer; preserved at archive/exploratory/results/historical-mfg-cert-assay-shortfall/spade-development-hill-000-050.jsonl.gz.manifest.json,NOT USED BY FINAL PAPER,ARCHIVE-VALID,archive/exploratory/results/historical-mfg-cert-assay-shortfall/spade-development-hill-000-050.jsonl.gz.manifest.json,Result is outside the active claim ledger and remains preserved for historical review.
results/historical-mfg-cert-assay-shortfall/spade-development-hill-000-050.jsonl.gz.resume.json,json,ede920ea02f1fa4757a85b09fc30a68359f09637,ede920ea02f1fa4757a85b09fc30a68359f09637,SPADE_MANUFACTURING_RECOVERY,Historical or non-paper work,HISTORICAL,NONE,historical record,NONE — no active claim consumer; preserved at archive/exploratory/results/historical-mfg-cert-assay-shortfall/spade-development-hill-000-050.jsonl.gz.resume.json,NOT USED BY FINAL PAPER,ARCHIVE-VALID,archive/exploratory/results/historical-mfg-cert-assay-shortfall/spade-development-hill-000-050.jsonl.gz.resume.json,Result is outside the active claim ledger and remains preserved for historical review.
results/historical-mfg-cert-assay-shortfall/spade-development-hill-000-050.jsonl.gz.sha256,sha256,ede920ea02f1fa4757a85b09fc30a68359f09637,ede920ea02f1fa4757a85b09fc30a68359f09637,SPADE_MANUFACTURING_RECOVERY,Historical or non-paper work,HISTORICAL,NONE,historical record,NONE — no active claim consumer; preserved at archive/exploratory/results/historical-mfg-cert-assay-shortfall/spade-development-hill-000-050.jsonl.gz.sha256,NOT USED BY FINAL PAPER,ARCHIVE-VALID,archive/exploratory/results/historical-mfg-cert-assay-shortfall/spade-development-hill-000-050.jsonl.gz.sha256,Result is outside the active claim ledger and remains preserved for historical review.
results/historical-mfg-cert-assay-shortfall/spade-development-levy-000-001.jsonl.gz,gz,ede920ea02f1fa4757a85b09fc30a68359f09637,ede920ea02f1fa4757a85b09fc30a68359f09637,SPADE_MANUFACTURING_RECOVERY,Historical or non-paper work,HISTORICAL,NONE,historical record,NONE — no active claim consumer; preserved at archive/exploratory/results/historical-mfg-cert-assay-shortfall/spade-development-levy-000-001.jsonl.gz,NOT USED BY FINAL PAPER,ARCHIVE-VALID,archive/exploratory/results/historical-mfg-cert-assay-shortfall/spade-development-levy-000-001.jsonl.gz,Result is outside the active claim ledger and remains preserved for historical review.
results/historical-mfg-cert-assay-shortfall/spade-development-levy-000-001.jsonl.gz.manifest.json,json,ede920ea02f1fa4757a85b09fc30a68359f09637,ede920ea02f1fa4757a85b09fc30a68359f09637,SPADE_MANUFACTURING_RECOVERY,Historical or non-paper work,HISTORICAL,NONE,historical record,NONE — no active claim consumer; preserved at archive/exploratory/results/historical-mfg-cert-assay-shortfall/spade-development-levy-000-001.jsonl.gz.manifest.json,NOT USED BY FINAL PAPER,ARCHIVE-VALID,archive/exploratory/results/historical-mfg-cert-assay-shortfall/spade-development-levy-000-001.jsonl.gz.manifest.json,Result is outside the active claim ledger and remains preserved for historical review.
results/historical-mfg-cert-assay-shortfall/spade-development-levy-000-001.jsonl.gz.resume.json,json,ede920ea02f1fa4757a85b09fc30a68359f09637,ede920ea02f1fa4757a85b09fc30a68359f09637,SPADE_MANUFACTURING_RECOVERY,Historical or non-paper work,HISTORICAL,NONE,historical record,NONE — no active claim consumer; preserved at archive/exploratory/results/historical-mfg-cert-assay-shortfall/spade-development-levy-000-001.jsonl.gz.resume.json,NOT USED BY FINAL PAPER,ARCHIVE-VALID,archive/exploratory/results/historical-mfg-cert-assay-shortfall/spade-development-levy-000-001.jsonl.gz.resume.json,Result is outside the active claim ledger and remains preserved for historical review.
results/historical-mfg-cert-assay-shortfall/spade-development-levy-000-001.jsonl.gz.sha256,sha256,ede920ea02f1fa4757a85b09fc30a68359f09637,ede920ea02f1fa4757a85b09fc30a68359f09637,SPADE_MANUFACTURING_RECOVERY,Historical or non-paper work,HISTORICAL,NONE,historical record,NONE — no active claim consumer; preserved at archive/exploratory/results/historical-mfg-cert-assay-shortfall/spade-development-levy-000-001.jsonl.gz.sha256,NOT USED BY FINAL PAPER,ARCHIVE-VALID,archive/exploratory/results/historical-mfg-cert-assay-shortfall/spade-development-levy-000-001.jsonl.gz.sha256,Result is outside the active claim ledger and remains preserved for historical review.
results/historical-mfg-cert-assay-shortfall/spade-development-levy-000-005.jsonl.gz,gz,ede920ea02f1fa4757a85b09fc30a68359f09637,ede920ea02f1fa4757a85b09fc30a68359f09637,SPADE_MANUFACTURING_RECOVERY,Historical or non-paper work,HISTORICAL,NONE,historical record,NONE — no active claim consumer; preserved at archive/exploratory/results/historical-mfg-cert-assay-shortfall/spade-development-levy-000-005.jsonl.gz,NOT USED BY FINAL PAPER,ARCHIVE-VALID,archive/exploratory/results/historical-mfg-cert-assay-shortfall/spade-development-levy-000-005.jsonl.gz,Result is outside the active claim ledger and remains preserved for historical review.
results/historical-mfg-cert-assay-shortfall/spade-development-levy-000-005.jsonl.gz.manifest.json,json,ede920ea02f1fa4757a85b09fc30a68359f09637,ede920ea02f1fa4757a85b09fc30a68359f09637,SPADE_MANUFACTURING_RECOVERY,Historical or non-paper work,HISTORICAL,NONE,historical record,NONE — no active claim consumer; preserved at archive/exploratory/results/historical-mfg-cert-assay-shortfall/spade-development-levy-000-005.jsonl.gz.manifest.json,NOT USED BY FINAL PAPER,ARCHIVE-VALID,archive/exploratory/results/historical-mfg-cert-assay-shortfall/spade-development-levy-000-005.jsonl.gz.manifest.json,Result is outside the active claim ledger and remains preserved for historical review.
results/historical-mfg-cert-assay-shortfall/spade-development-levy-000-005.jsonl.gz.resume.json,json,ede920ea02f1fa4757a85b09fc30a68359f09637,ede920ea02f1fa4757a85b09fc30a68359f09637,SPADE_MANUFACTURING_RECOVERY,Historical or non-paper work,HISTORICAL,NONE,historical record,NONE — no active claim consumer; preserved at archive/exploratory/results/historical-mfg-cert-assay-shortfall/spade-development-levy-000-005.jsonl.gz.resume.json,NOT USED BY FINAL PAPER,ARCHIVE-VALID,archive/exploratory/results/historical-mfg-cert-assay-shortfall/spade-development-levy-000-005.jsonl.gz.resume.json,Result is outside the active claim ledger and remains preserved for historical review.
results/historical-mfg-cert-assay-shortfall/spade-development-levy-000-005.jsonl.gz.sha256,sha256,ede920ea02f1fa4757a85b09fc30a68359f09637,ede920ea02f1fa4757a85b09fc30a68359f09637,SPADE_MANUFACTURING_RECOVERY,Historical or non-paper work,HISTORICAL,NONE,historical record,NONE — no active claim consumer; preserved at archive/exploratory/results/historical-mfg-cert-assay-shortfall/spade-development-levy-000-005.jsonl.gz.sha256,NOT USED BY FINAL PAPER,ARCHIVE-VALID,archive/exploratory/results/historical-mfg-cert-assay-shortfall/spade-development-levy-000-005.jsonl.gz.sha256,Result is outside the active claim ledger and remains preserved for historical review.
results/historical-mfg-cert-assay-shortfall/spade-development-levy-000-050.jsonl.gz,gz,ede920ea02f1fa4757a85b09fc30a68359f09637,ede920ea02f1fa4757a85b09fc30a68359f09637,SPADE_MANUFACTURING_RECOVERY,Historical or non-paper work,HISTORICAL,NONE,historical record,NONE — no active claim consumer; preserved at archive/exploratory/results/historical-mfg-cert-assay-shortfall/spade-development-levy-000-050.jsonl.gz,NOT USED BY FINAL PAPER,ARCHIVE-VALID,archive/exploratory/results/historical-mfg-cert-assay-shortfall/spade-development-levy-000-050.jsonl.gz,Result is outside the active claim ledger and remains preserved for historical review.
results/historical-mfg-cert-assay-shortfall/spade-development-levy-000-050.jsonl.gz.manifest.json,json,ede920ea02f1fa4757a85b09fc30a68359f09637,ede920ea02f1fa4757a85b09fc30a68359f09637,SPADE_MANUFACTURING_RECOVERY,Historical or non-paper work,HISTORICAL,NONE,historical record,NONE — no active claim consumer; preserved at archive/exploratory/results/historical-mfg-cert-assay-shortfall/spade-development-levy-000-050.jsonl.gz.manifest.json,NOT USED BY FINAL PAPER,ARCHIVE-VALID,archive/exploratory/results/historical-mfg-cert-assay-shortfall/spade-development-levy-000-050.jsonl.gz.manifest.json,Result is outside the active claim ledger and remains preserved for historical review.
results/historical-mfg-cert-assay-shortfall/spade-development-levy-000-050.jsonl.gz.resume.json,json,ede920ea02f1fa4757a85b09fc30a68359f09637,ede920ea02f1fa4757a85b09fc30a68359f09637,SPADE_MANUFACTURING_RECOVERY,Historical or non-paper work,HISTORICAL,NONE,historical record,NONE — no active claim consumer; preserved at archive/exploratory/results/historical-mfg-cert-assay-shortfall/spade-development-levy-000-050.jsonl.gz.resume.json,NOT USED BY FINAL PAPER,ARCHIVE-VALID,archive/exploratory/results/historical-mfg-cert-assay-shortfall/spade-development-levy-000-050.jsonl.gz.resume.json,Result is outside the active claim ledger and remains preserved for historical review.
results/historical-mfg-cert-assay-shortfall/spade-development-levy-000-050.jsonl.gz.sha256,sha256,ede920ea02f1fa4757a85b09fc30a68359f09637,ede920ea02f1fa4757a85b09fc30a68359f09637,SPADE_MANUFACTURING_RECOVERY,Historical or non-paper work,HISTORICAL,NONE,historical record,NONE — no active claim consumer; preserved at archive/exploratory/results/historical-mfg-cert-assay-shortfall/spade-development-levy-000-050.jsonl.gz.sha256,NOT USED BY FINAL PAPER,ARCHIVE-VALID,archive/exploratory/results/historical-mfg-cert-assay-shortfall/spade-development-levy-000-050.jsonl.gz.sha256,Result is outside the active claim ledger and remains preserved for historical review.
results/historical-mfg-cert-floor15-loo-tail-meanmarg-gate-fail/durable.log,log,b1a50695a0ab5480126e0abec9479321dc167e0f,b1a50695a0ab5480126e0abec9479321dc167e0f,SPADE_MANUFACTURING_RECOVERY,Historical or non-paper work,HISTORICAL,NONE,historical record,"NONE — non-canonical run artifact; canonical JSON, manifest, or producing script retained",CANONICAL OUTPUT OR MANIFEST PREFERRED,GENERATED/DISPOSABLE,archive/generated/results/historical-mfg-cert-floor15-loo-tail-meanmarg-gate-fail/durable.log,Run log or checkpoint is not a canonical paper result; preserve outside active results.
results/historical-mfg-cert-floor15-loo-tail-meanmarg-gate-fail/gate-verdict.json,json,b1a50695a0ab5480126e0abec9479321dc167e0f,b1a50695a0ab5480126e0abec9479321dc167e0f,SPADE_MANUFACTURING_RECOVERY,Historical or non-paper work,HISTORICAL,NONE,historical record,NONE — no active claim consumer; preserved at archive/exploratory/results/historical-mfg-cert-floor15-loo-tail-meanmarg-gate-fail/gate-verdict.json,NOT USED BY FINAL PAPER,ARCHIVE-VALID,archive/exploratory/results/historical-mfg-cert-floor15-loo-tail-meanmarg-gate-fail/gate-verdict.json,Result is outside the active claim ledger and remains preserved for historical review.
results/historical-mfg-cert-floor15-loo-tail-meanmarg-gate-fail/spade-development-hill-000-015.jsonl.gz,gz,b1a50695a0ab5480126e0abec9479321dc167e0f,b1a50695a0ab5480126e0abec9479321dc167e0f,SPADE_MANUFACTURING_RECOVERY,Historical or non-paper work,HISTORICAL,NONE,historical record,NONE — no active claim consumer; preserved at archive/exploratory/results/historical-mfg-cert-floor15-loo-tail-meanmarg-gate-fail/spade-development-hill-000-015.jsonl.gz,NOT USED BY FINAL PAPER,ARCHIVE-VALID,archive/exploratory/results/historical-mfg-cert-floor15-loo-tail-meanmarg-gate-fail/spade-development-hill-000-015.jsonl.gz,Result is outside the active claim ledger and remains preserved for historical review.
results/historical-mfg-cert-floor15-loo-tail-meanmarg-gate-fail/spade-development-hill-000-015.jsonl.gz.manifest.json,json,b1a50695a0ab5480126e0abec9479321dc167e0f,b1a50695a0ab5480126e0abec9479321dc167e0f,SPADE_MANUFACTURING_RECOVERY,Historical or non-paper work,HISTORICAL,NONE,historical record,NONE — no active claim consumer; preserved at archive/exploratory/results/historical-mfg-cert-floor15-loo-tail-meanmarg-gate-fail/spade-development-hill-000-015.jsonl.gz.manifest.json,NOT USED BY FINAL PAPER,ARCHIVE-VALID,archive/exploratory/results/historical-mfg-cert-floor15-loo-tail-meanmarg-gate-fail/spade-development-hill-000-015.jsonl.gz.manifest.json,Result is outside the active claim ledger and remains preserved for historical review.
results/historical-mfg-cert-floor15-loo-tail-meanmarg-gate-fail/spade-development-hill-000-015.jsonl.gz.resume.json,json,b1a50695a0ab5480126e0abec9479321dc167e0f,b1a50695a0ab5480126e0abec9479321dc167e0f,SPADE_MANUFACTURING_RECOVERY,Historical or non-paper work,HISTORICAL,NONE,historical record,NONE — no active claim consumer; preserved at archive/exploratory/results/historical-mfg-cert-floor15-loo-tail-meanmarg-gate-fail/spade-development-hill-000-015.jsonl.gz.resume.json,NOT USED BY FINAL PAPER,ARCHIVE-VALID,archive/exploratory/results/historical-mfg-cert-floor15-loo-tail-meanmarg-gate-fail/spade-development-hill-000-015.jsonl.gz.resume.json,Result is outside the active claim ledger and remains preserved for historical review.
results/historical-mfg-cert-floor15-loo-tail-meanmarg-gate-fail/spade-development-hill-000-015.jsonl.gz.sha256,sha256,b1a50695a0ab5480126e0abec9479321dc167e0f,b1a50695a0ab5480126e0abec9479321dc167e0f,SPADE_MANUFACTURING_RECOVERY,Historical or non-paper work,HISTORICAL,NONE,historical record,NONE — no active claim consumer; preserved at archive/exploratory/results/historical-mfg-cert-floor15-loo-tail-meanmarg-gate-fail/spade-development-hill-000-015.jsonl.gz.sha256,NOT USED BY FINAL PAPER,ARCHIVE-VALID,archive/exploratory/results/historical-mfg-cert-floor15-loo-tail-meanmarg-gate-fail/spade-development-hill-000-015.jsonl.gz.sha256,Result is outside the active claim ledger and remains preserved for historical review.
results/historical-mfg-cert-floor15-loo-tail-meanmarg-gate-fail/spade-development-levy-000-015.jsonl.gz,gz,b1a50695a0ab5480126e0abec9479321dc167e0f,b1a50695a0ab5480126e0abec9479321dc167e0f,SPADE_MANUFACTURING_RECOVERY,Historical or non-paper work,HISTORICAL,NONE,historical record,NONE — no active claim consumer; preserved at archive/exploratory/results/historical-mfg-cert-floor15-loo-tail-meanmarg-gate-fail/spade-development-levy-000-015.jsonl.gz,NOT USED BY FINAL PAPER,ARCHIVE-VALID,archive/exploratory/results/historical-mfg-cert-floor15-loo-tail-meanmarg-gate-fail/spade-development-levy-000-015.jsonl.gz,Result is outside the active claim ledger and remains preserved for historical review.
results/historical-mfg-cert-floor15-loo-tail-meanmarg-gate-fail/spade-development-levy-000-015.jsonl.gz.manifest.json,json,b1a50695a0ab5480126e0abec9479321dc167e0f,b1a50695a0ab5480126e0abec9479321dc167e0f,SPADE_MANUFACTURING_RECOVERY,Historical or non-paper work,HISTORICAL,NONE,historical record,NONE — no active claim consumer; preserved at archive/exploratory/results/historical-mfg-cert-floor15-loo-tail-meanmarg-gate-fail/spade-development-levy-000-015.jsonl.gz.manifest.json,NOT USED BY FINAL PAPER,ARCHIVE-VALID,archive/exploratory/results/historical-mfg-cert-floor15-loo-tail-meanmarg-gate-fail/spade-development-levy-000-015.jsonl.gz.manifest.json,Result is outside the active claim ledger and remains preserved for historical review.
results/historical-mfg-cert-floor15-loo-tail-meanmarg-gate-fail/spade-development-levy-000-015.jsonl.gz.resume.json,json,b1a50695a0ab5480126e0abec9479321dc167e0f,b1a50695a0ab5480126e0abec9479321dc167e0f,SPADE_MANUFACTURING_RECOVERY,Historical or non-paper work,HISTORICAL,NONE,historical record,NONE — no active claim consumer; preserved at archive/exploratory/results/historical-mfg-cert-floor15-loo-tail-meanmarg-gate-fail/spade-development-levy-000-015.jsonl.gz.resume.json,NOT USED BY FINAL PAPER,ARCHIVE-VALID,archive/exploratory/results/historical-mfg-cert-floor15-loo-tail-meanmarg-gate-fail/spade-development-levy-000-015.jsonl.gz.resume.json,Result is outside the active claim ledger and remains preserved for historical review.
results/historical-mfg-cert-floor15-loo-tail-meanmarg-gate-fail/spade-development-levy-000-015.jsonl.gz.sha256,sha256,b1a50695a0ab5480126e0abec9479321dc167e0f,b1a50695a0ab5480126e0abec9479321dc167e0f,SPADE_MANUFACTURING_RECOVERY,Historical or non-paper work,HISTORICAL,NONE,historical record,NONE — no active claim consumer; preserved at archive/exploratory/results/historical-mfg-cert-floor15-loo-tail-meanmarg-gate-fail/spade-development-levy-000-015.jsonl.gz.sha256,NOT USED BY FINAL PAPER,ARCHIVE-VALID,archive/exploratory/results/historical-mfg-cert-floor15-loo-tail-meanmarg-gate-fail/spade-development-levy-000-015.jsonl.gz.sha256,Result is outside the active claim ledger and remains preserved for historical review.
results/k0-calibration-gate.json,json,03e6e809075c11a106459d18af8a0ebe0ad27a92,03e6e809075c11a106459d18af8a0ebe0ad27a92,SPADE_DEVELOPMENT_AND_LOCKBOX,Historical or non-paper work,HISTORICAL,NONE,historical record,NONE — no active claim consumer; preserved at archive/exploratory/results/k0-calibration-gate.json,NOT USED BY FINAL PAPER,ARCHIVE-VALID,archive/exploratory/results/k0-calibration-gate.json,Result is outside the active claim ledger and remains preserved for historical review.
results/k1-noise-ceiling.json,json,ab13a35347e7eff4076a0a946843a65eecfaa305,ab13a35347e7eff4076a0a946843a65eecfaa305,SPADE_DEVELOPMENT_AND_LOCKBOX,Historical or non-paper work,HISTORICAL,NONE,historical record,NONE — no active claim consumer; preserved at archive/exploratory/results/k1-noise-ceiling.json,NOT USED BY FINAL PAPER,ARCHIVE-VALID,archive/exploratory/results/k1-noise-ceiling.json,Result is outside the active claim ledger and remains preserved for historical review.
results/k1-replay-gate.json,json,158a6b433d7a12b04b9bd43b6f00bb950c231693,0bdd806212a4710af7b31769d1204dc8d28b8dfa,DESIGN_SPACE_PRE_SPADE,Historical or non-paper work,HISTORICAL,NONE,historical record,NONE — no active claim consumer; preserved at archive/exploratory/results/k1-replay-gate.json,NOT USED BY FINAL PAPER,ARCHIVE-VALID,archive/exploratory/results/k1-replay-gate.json,Result is outside the active claim ledger and remains preserved for historical review.
results/k1-replay-gate.log,log,158a6b433d7a12b04b9bd43b6f00bb950c231693,0bdd806212a4710af7b31769d1204dc8d28b8dfa,DESIGN_SPACE_PRE_SPADE,Historical or non-paper work,HISTORICAL,NONE,historical record,"NONE — non-canonical run artifact; canonical JSON, manifest, or producing script retained",CANONICAL OUTPUT OR MANIFEST PREFERRED,GENERATED/DISPOSABLE,archive/generated/results/k1-replay-gate.log,Run log or checkpoint is not a canonical paper result; preserve outside active results.
results/k2-design-lottery.json,json,6492701c9ddfb5ac408aaf1ce82550a531c91210,6492701c9ddfb5ac408aaf1ce82550a531c91210,SPADE_DEVELOPMENT_AND_LOCKBOX,Historical or non-paper work,HISTORICAL,NONE,historical record,NONE — no active claim consumer; preserved at archive/exploratory/results/k2-design-lottery.json,NOT USED BY FINAL PAPER,ARCHIVE-VALID,archive/exploratory/results/k2-design-lottery.json,Result is outside the active claim ledger and remains preserved for historical review.
results/k6-analysis.json,json,38770e7c634d2e49587e3d3353432104e50cb253,d920541fd48847e7f954d06530c64b8c96edb122,DESIGN_SPACE_PRE_SPADE,Historical or non-paper work,HISTORICAL,NONE,historical record,NONE — no active claim consumer; preserved at archive/exploratory/results/k6-analysis.json,NOT USED BY FINAL PAPER,ARCHIVE-VALID,archive/exploratory/results/k6-analysis.json,Result is outside the active claim ledger and remains preserved for historical review.
results/k6-designspace-spread.json,json,d920541fd48847e7f954d06530c64b8c96edb122,d920541fd48847e7f954d06530c64b8c96edb122,DESIGN_SPACE_PRE_SPADE,Historical or non-paper work,HISTORICAL,NONE,historical record,NONE — no active claim consumer; preserved at archive/exploratory/results/k6-designspace-spread.json,NOT USED BY FINAL PAPER,ARCHIVE-VALID,archive/exploratory/results/k6-designspace-spread.json,Result is outside the active claim ledger and remains preserved for historical review.
results/k6-designspace-spread.log,log,d920541fd48847e7f954d06530c64b8c96edb122,d920541fd48847e7f954d06530c64b8c96edb122,DESIGN_SPACE_PRE_SPADE,Historical or non-paper work,HISTORICAL,NONE,historical record,"NONE — non-canonical run artifact; canonical JSON, manifest, or producing script retained",CANONICAL OUTPUT OR MANIFEST PREFERRED,GENERATED/DISPOSABLE,archive/generated/results/k6-designspace-spread.log,Run log or checkpoint is not a canonical paper result; preserve outside active results.
results/k6-designspace.json,json,158a6b433d7a12b04b9bd43b6f00bb950c231693,38770e7c634d2e49587e3d3353432104e50cb253,DESIGN_SPACE_PRE_SPADE,Historical or non-paper work,HISTORICAL,NONE,historical record,NONE — no active claim consumer; preserved at archive/exploratory/results/k6-designspace.json,NOT USED BY FINAL PAPER,ARCHIVE-VALID,archive/exploratory/results/k6-designspace.json,Result is outside the active claim ledger and remains preserved for historical review.
results/k6-designspace.log,log,158a6b433d7a12b04b9bd43b6f00bb950c231693,38770e7c634d2e49587e3d3353432104e50cb253,DESIGN_SPACE_PRE_SPADE,Historical or non-paper work,HISTORICAL,NONE,historical record,"NONE — non-canonical run artifact; canonical JSON, manifest, or producing script retained",CANONICAL OUTPUT OR MANIFEST PREFERRED,GENERATED/DISPOSABLE,archive/generated/results/k6-designspace.log,Run log or checkpoint is not a canonical paper result; preserve outside active results.
results/k6b-analysis.json,json,d920541fd48847e7f954d06530c64b8c96edb122,10458743d5a08f682a667968c32cca6c3fbd30ee,DESIGN_SPACE_PRE_SPADE,Historical or non-paper work,HISTORICAL,NONE,historical record,NONE — no active claim consumer; preserved at archive/exploratory/results/k6b-analysis.json,NOT USED BY FINAL PAPER,ARCHIVE-VALID,archive/exploratory/results/k6b-analysis.json,Result is outside the active claim ledger and remains preserved for historical review.
results/k6b-conservative-spread.json,json,d920541fd48847e7f954d06530c64b8c96edb122,10458743d5a08f682a667968c32cca6c3fbd30ee,DESIGN_SPACE_PRE_SPADE,Historical or non-paper work,HISTORICAL,NONE,historical record,NONE — no active claim consumer; preserved at archive/exploratory/results/k6b-conservative-spread.json,NOT USED BY FINAL PAPER,ARCHIVE-VALID,archive/exploratory/results/k6b-conservative-spread.json,Result is outside the active claim ledger and remains preserved for historical review.
results/k6b-conservative-spread.log,log,d920541fd48847e7f954d06530c64b8c96edb122,10458743d5a08f682a667968c32cca6c3fbd30ee,DESIGN_SPACE_PRE_SPADE,Historical or non-paper work,HISTORICAL,NONE,historical record,"NONE — non-canonical run artifact; canonical JSON, manifest, or producing script retained",CANONICAL OUTPUT OR MANIFEST PREFERRED,GENERATED/DISPOSABLE,archive/generated/results/k6b-conservative-spread.log,Run log or checkpoint is not a canonical paper result; preserve outside active results.
results/k6b-conservative.json,json,38770e7c634d2e49587e3d3353432104e50cb253,10458743d5a08f682a667968c32cca6c3fbd30ee,DESIGN_SPACE_PRE_SPADE,Historical or non-paper work,HISTORICAL,NONE,historical record,NONE — no active claim consumer; preserved at archive/exploratory/results/k6b-conservative.json,NOT USED BY FINAL PAPER,ARCHIVE-VALID,archive/exploratory/results/k6b-conservative.json,Result is outside the active claim ledger and remains preserved for historical review.
results/k6b-conservative.log,log,38770e7c634d2e49587e3d3353432104e50cb253,10458743d5a08f682a667968c32cca6c3fbd30ee,DESIGN_SPACE_PRE_SPADE,Historical or non-paper work,HISTORICAL,NONE,historical record,"NONE — non-canonical run artifact; canonical JSON, manifest, or producing script retained",CANONICAL OUTPUT OR MANIFEST PREFERRED,GENERATED/DISPOSABLE,archive/generated/results/k6b-conservative.log,Run log or checkpoint is not a canonical paper result; preserve outside active results.
results/kf3-followup-analysis.json,json,504d5995e9d37f7ee90c172f50f130c0b85cea41,504d5995e9d37f7ee90c172f50f130c0b85cea41,DESIGN_SPACE_PRE_SPADE,Historical or non-paper work,HISTORICAL,NONE,historical record,NONE — no active claim consumer; preserved at archive/exploratory/results/kf3-followup-analysis.json,NOT USED BY FINAL PAPER,ARCHIVE-VALID,archive/exploratory/results/kf3-followup-analysis.json,Result is outside the active claim ledger and remains preserved for historical review.
results/kf3-followup-c2-diverse_batch.log,log,504d5995e9d37f7ee90c172f50f130c0b85cea41,504d5995e9d37f7ee90c172f50f130c0b85cea41,DESIGN_SPACE_PRE_SPADE,Historical or non-paper work,HISTORICAL,NONE,historical record,"NONE — non-canonical run artifact; canonical JSON, manifest, or producing script retained",CANONICAL OUTPUT OR MANIFEST PREFERRED,GENERATED/DISPOSABLE,archive/generated/results/kf3-followup-c2-diverse_batch.log,Run log or checkpoint is not a canonical paper result; preserve outside active results.
results/kf3-followup-c2-erroraware.log,log,504d5995e9d37f7ee90c172f50f130c0b85cea41,504d5995e9d37f7ee90c172f50f130c0b85cea41,DESIGN_SPACE_PRE_SPADE,Historical or non-paper work,HISTORICAL,NONE,historical record,"NONE — non-canonical run artifact; canonical JSON, manifest, or producing script retained",CANONICAL OUTPUT OR MANIFEST PREFERRED,GENERATED/DISPOSABLE,archive/generated/results/kf3-followup-c2-erroraware.log,Run log or checkpoint is not a canonical paper result; preserve outside active results.
results/kf3-followup-c3-diverse_batch.log,log,504d5995e9d37f7ee90c172f50f130c0b85cea41,504d5995e9d37f7ee90c172f50f130c0b85cea41,DESIGN_SPACE_PRE_SPADE,Historical or non-paper work,HISTORICAL,NONE,historical record,"NONE — non-canonical run artifact; canonical JSON, manifest, or producing script retained",CANONICAL OUTPUT OR MANIFEST PREFERRED,GENERATED/DISPOSABLE,archive/generated/results/kf3-followup-c3-diverse_batch.log,Run log or checkpoint is not a canonical paper result; preserve outside active results.
results/kf3-followup-c3-erroraware.log,log,504d5995e9d37f7ee90c172f50f130c0b85cea41,504d5995e9d37f7ee90c172f50f130c0b85cea41,DESIGN_SPACE_PRE_SPADE,Historical or non-paper work,HISTORICAL,NONE,historical record,"NONE — non-canonical run artifact; canonical JSON, manifest, or producing script retained",CANONICAL OUTPUT OR MANIFEST PREFERRED,GENERATED/DISPOSABLE,archive/generated/results/kf3-followup-c3-erroraware.log,Run log or checkpoint is not a canonical paper result; preserve outside active results.
results/kf3-followup-pilot-timing.log,log,504d5995e9d37f7ee90c172f50f130c0b85cea41,504d5995e9d37f7ee90c172f50f130c0b85cea41,DESIGN_SPACE_PRE_SPADE,Historical or non-paper work,HISTORICAL,NONE,historical record,"NONE — non-canonical run artifact; canonical JSON, manifest, or producing script retained",CANONICAL OUTPUT OR MANIFEST PREFERRED,GENERATED/DISPOSABLE,archive/generated/results/kf3-followup-pilot-timing.log,Run log or checkpoint is not a canonical paper result; preserve outside active results.
results/kr-analysis.json,json,ae9ecc062f7e76539940bad75da76a02707dfd7a,ae9ecc062f7e76539940bad75da76a02707dfd7a,SPADE_CONFIRMATION_AND_PAPER,Historical or non-paper work,HISTORICAL,NONE,historical record,NONE — no active claim consumer; preserved at archive/exploratory/results/kr-analysis.json,NOT USED BY FINAL PAPER,ARCHIVE-VALID,archive/exploratory/results/kr-analysis.json,Result is outside the active claim ledger and remains preserved for historical review.
results/kr-effective-resolution.json,json,ae9ecc062f7e76539940bad75da76a02707dfd7a,ae9ecc062f7e76539940bad75da76a02707dfd7a,SPADE_CONFIRMATION_AND_PAPER,Historical or non-paper work,HISTORICAL,NONE,historical record,NONE — no active claim consumer; preserved at archive/exploratory/results/kr-effective-resolution.json,NOT USED BY FINAL PAPER,ARCHIVE-VALID,archive/exploratory/results/kr-effective-resolution.json,Result is outside the active claim ledger and remains preserved for historical review.
results/ku-analysis.json,json,ae9ecc062f7e76539940bad75da76a02707dfd7a,ae9ecc062f7e76539940bad75da76a02707dfd7a,SPADE_CONFIRMATION_AND_PAPER,Historical or non-paper work,HISTORICAL,NONE,historical record,NONE — no active claim consumer; preserved at archive/exploratory/results/ku-analysis.json,NOT USED BY FINAL PAPER,ARCHIVE-VALID,archive/exploratory/results/ku-analysis.json,Result is outside the active claim ledger and remains preserved for historical review.
results/kv-analysis.json,json,ae9ecc062f7e76539940bad75da76a02707dfd7a,ae9ecc062f7e76539940bad75da76a02707dfd7a,SPADE_CONFIRMATION_AND_PAPER,Historical or non-paper work,HISTORICAL,NONE,historical record,NONE — no active claim consumer; preserved at archive/exploratory/results/kv-analysis.json,NOT USED BY FINAL PAPER,ARCHIVE-VALID,archive/exploratory/results/kv-analysis.json,Result is outside the active claim ledger and remains preserved for historical review.
results/kx-calibrated-benchmark.json,json,fe24b284bb4c5a3f4dc4bacec8315ccf63932b5a,fe24b284bb4c5a3f4dc4bacec8315ccf63932b5a,SPADE_MANUFACTURING_RECOVERY,Historical or non-paper work,HISTORICAL,NONE,historical record,NONE — no active claim consumer; preserved at archive/exploratory/results/kx-calibrated-benchmark.json,NOT USED BY FINAL PAPER,ARCHIVE-VALID,archive/exploratory/results/kx-calibrated-benchmark.json,Result is outside the active claim ledger and remains preserved for historical review.
results/la-ackley.json,json,29cbe48447948516fe05f82306ef27ccb628290c,29cbe48447948516fe05f82306ef27ccb628290c,SPADE_CONFIRMATION_AND_PAPER,Active SPADE paper claim,CORE,C4,canonical result,Claims C4; consumed by scripts/run_la_round_matched.py / analyse_la_round_matched.py and paper/CLAIMS-AND-SOURCES.md,NONE IDENTIFIED,CORE,research/results/comparisons/la-ackley.json,Canonical committed output for an active paper claim.
results/la-hartmann6.json,json,29cbe48447948516fe05f82306ef27ccb628290c,29cbe48447948516fe05f82306ef27ccb628290c,SPADE_CONFIRMATION_AND_PAPER,Active SPADE paper claim,CORE,C4,canonical result,Claims C4; consumed by scripts/run_la_round_matched.py / analyse_la_round_matched.py and paper/CLAIMS-AND-SOURCES.md,NONE IDENTIFIED,CORE,research/results/comparisons/la-hartmann6.json,Canonical committed output for an active paper claim.
results/la-levy.json,json,29cbe48447948516fe05f82306ef27ccb628290c,29cbe48447948516fe05f82306ef27ccb628290c,SPADE_CONFIRMATION_AND_PAPER,Active SPADE paper claim,CORE,C4,canonical result,Claims C4; consumed by scripts/run_la_round_matched.py / analyse_la_round_matched.py and paper/CLAIMS-AND-SOURCES.md,NONE IDENTIFIED,CORE,research/results/comparisons/la-levy.json,Canonical committed output for an active paper claim.
results/la-rosenbrock.json,json,29cbe48447948516fe05f82306ef27ccb628290c,29cbe48447948516fe05f82306ef27ccb628290c,SPADE_CONFIRMATION_AND_PAPER,Active SPADE paper claim,CORE,C4,canonical result,Claims C4; consumed by scripts/run_la_round_matched.py / analyse_la_round_matched.py and paper/CLAIMS-AND-SOURCES.md,NONE IDENTIFIED,CORE,research/results/comparisons/la-rosenbrock.json,Canonical committed output for an active paper claim.
results/lab-phase3-feasibility.json,json,898ded36c6766ce68f5be6be8191cbb8939cb7c4,898ded36c6766ce68f5be6be8191cbb8939cb7c4,BO_VS_DOE_TERMINAL_RULE,Historical or non-paper work,HISTORICAL,NONE,historical record,NONE — no active claim consumer; preserved at archive/exploratory/results/lab-phase3-feasibility.json,NOT USED BY FINAL PAPER,ARCHIVE-VALID,archive/exploratory/results/lab-phase3-feasibility.json,Result is outside the active claim ledger and remains preserved for historical review.
results/lb-ackley.json,json,2cad89f8f46f045e60b0565bbf328f4ae72a4422,2cad89f8f46f045e60b0565bbf328f4ae72a4422,SPADE_CONFIRMATION_AND_PAPER,Historical or non-paper work,HISTORICAL,NONE,historical record,NONE — no active claim consumer; preserved at archive/exploratory/results/lb-ackley.json,NOT USED BY FINAL PAPER,ARCHIVE-VALID,archive/exploratory/results/lb-ackley.json,Result is outside the active claim ledger and remains preserved for historical review.
results/lb-hartmann6.json,json,2cad89f8f46f045e60b0565bbf328f4ae72a4422,2cad89f8f46f045e60b0565bbf328f4ae72a4422,SPADE_CONFIRMATION_AND_PAPER,Historical or non-paper work,HISTORICAL,NONE,historical record,NONE — no active claim consumer; preserved at archive/exploratory/results/lb-hartmann6.json,NOT USED BY FINAL PAPER,ARCHIVE-VALID,archive/exploratory/results/lb-hartmann6.json,Result is outside the active claim ledger and remains preserved for historical review.
results/lb-levy.json,json,2cad89f8f46f045e60b0565bbf328f4ae72a4422,2cad89f8f46f045e60b0565bbf328f4ae72a4422,SPADE_CONFIRMATION_AND_PAPER,Historical or non-paper work,HISTORICAL,NONE,historical record,NONE — no active claim consumer; preserved at archive/exploratory/results/lb-levy.json,NOT USED BY FINAL PAPER,ARCHIVE-VALID,archive/exploratory/results/lb-levy.json,Result is outside the active claim ledger and remains preserved for historical review.
results/lb-rosenbrock.json,json,2cad89f8f46f045e60b0565bbf328f4ae72a4422,2cad89f8f46f045e60b0565bbf328f4ae72a4422,SPADE_CONFIRMATION_AND_PAPER,Historical or non-paper work,HISTORICAL,NONE,historical record,NONE — no active claim consumer; preserved at archive/exploratory/results/lb-rosenbrock.json,NOT USED BY FINAL PAPER,ARCHIVE-VALID,archive/exploratory/results/lb-rosenbrock.json,Result is outside the active claim ledger and remains preserved for historical review.
results/lc-ackley.json,json,cf80ac12a79c389540df517423bc31746fe96648,7d0e519607fdb4e60a26a44aab35c3581471caad,SPADE_CONFIRMATION_AND_PAPER,Active SPADE paper claim,CORE,C3;C4,canonical result,Claims C3;C4; consumed by scripts/run_lc_confirmatory.py / analyse_lc_confirmatory.py and paper/CLAIMS-AND-SOURCES.md,NONE IDENTIFIED,CORE,research/results/comparisons/lc-ackley.json,Canonical committed output for an active paper claim.
results/lc-hartmann6.json,json,cf80ac12a79c389540df517423bc31746fe96648,7d0e519607fdb4e60a26a44aab35c3581471caad,SPADE_CONFIRMATION_AND_PAPER,Active SPADE paper claim,CORE,C3;C4,canonical result,Claims C3;C4; consumed by scripts/run_lc_confirmatory.py / analyse_lc_confirmatory.py and paper/CLAIMS-AND-SOURCES.md,NONE IDENTIFIED,CORE,research/results/comparisons/lc-hartmann6.json,Canonical committed output for an active paper claim.
results/lc-hill.json,json,cf80ac12a79c389540df517423bc31746fe96648,7d0e519607fdb4e60a26a44aab35c3581471caad,SPADE_CONFIRMATION_AND_PAPER,Active SPADE paper claim,CORE,C3;C4,canonical result,Claims C3;C4; consumed by scripts/run_lc_confirmatory.py / analyse_lc_confirmatory.py and paper/CLAIMS-AND-SOURCES.md,NONE IDENTIFIED,CORE,research/results/comparisons/lc-hill.json,Canonical committed output for an active paper claim.
results/lc-levy.json,json,cf80ac12a79c389540df517423bc31746fe96648,7d0e519607fdb4e60a26a44aab35c3581471caad,SPADE_CONFIRMATION_AND_PAPER,Active SPADE paper claim,CORE,C3;C4,canonical result,Claims C3;C4; consumed by scripts/run_lc_confirmatory.py / analyse_lc_confirmatory.py and paper/CLAIMS-AND-SOURCES.md,NONE IDENTIFIED,CORE,research/results/comparisons/lc-levy.json,Canonical committed output for an active paper claim.
results/lc-rosenbrock.json,json,cf80ac12a79c389540df517423bc31746fe96648,7d0e519607fdb4e60a26a44aab35c3581471caad,SPADE_CONFIRMATION_AND_PAPER,Active SPADE paper claim,CORE,C3;C4,canonical result,Claims C3;C4; consumed by scripts/run_lc_confirmatory.py / analyse_lc_confirmatory.py and paper/CLAIMS-AND-SOURCES.md,NONE IDENTIFIED,CORE,research/results/comparisons/lc-rosenbrock.json,Canonical committed output for an active paper claim.
results/p1-kernel-gate.json,json,b22e78f25ace6a7842e00c580fcf16f78cc85172,b22e78f25ace6a7842e00c580fcf16f78cc85172,DESIGN_SPACE_PRE_SPADE,Historical or non-paper work,HISTORICAL,NONE,historical record,NONE — no active claim consumer; preserved at archive/exploratory/results/p1-kernel-gate.json,NOT USED BY FINAL PAPER,ARCHIVE-VALID,archive/exploratory/results/p1-kernel-gate.json,Result is outside the active claim ledger and remains preserved for historical review.
results/p1-kernel-gate.log,log,b22e78f25ace6a7842e00c580fcf16f78cc85172,b22e78f25ace6a7842e00c580fcf16f78cc85172,DESIGN_SPACE_PRE_SPADE,Historical or non-paper work,HISTORICAL,NONE,historical record,"NONE — non-canonical run artifact; canonical JSON, manifest, or producing script retained",CANONICAL OUTPUT OR MANIFEST PREFERRED,GENERATED/DISPOSABLE,archive/generated/results/p1-kernel-gate.log,Run log or checkpoint is not a canonical paper result; preserve outside active results.
results/p1-q30-additive.log,log,fdb8b3179aeada81d2d7adc0244f471594f24002,fdb8b3179aeada81d2d7adc0244f471594f24002,DESIGN_SPACE_PRE_SPADE,Historical or non-paper work,HISTORICAL,NONE,historical record,"NONE — non-canonical run artifact; canonical JSON, manifest, or producing script retained",CANONICAL OUTPUT OR MANIFEST PREFERRED,GENERATED/DISPOSABLE,archive/generated/results/p1-q30-additive.log,Run log or checkpoint is not a canonical paper result; preserve outside active results.
results/p2-versionb-gamma.json,json,2e66f88bcf72baef5a037e3bbe68f51ac32e6df5,2e66f88bcf72baef5a037e3bbe68f51ac32e6df5,DESIGN_SPACE_PRE_SPADE,Historical or non-paper work,HISTORICAL,NONE,historical record,NONE — no active claim consumer; preserved at archive/exploratory/results/p2-versionb-gamma.json,NOT USED BY FINAL PAPER,ARCHIVE-VALID,archive/exploratory/results/p2-versionb-gamma.json,Result is outside the active claim ledger and remains preserved for historical review.
results/p2-versionb-gamma.log,log,fdb8b3179aeada81d2d7adc0244f471594f24002,fdb8b3179aeada81d2d7adc0244f471594f24002,DESIGN_SPACE_PRE_SPADE,Historical or non-paper work,HISTORICAL,NONE,historical record,"NONE — non-canonical run artifact; canonical JSON, manifest, or producing script retained",CANONICAL OUTPUT OR MANIFEST PREFERRED,GENERATED/DISPOSABLE,archive/generated/results/p2-versionb-gamma.log,Run log or checkpoint is not a canonical paper result; preserve outside active results.
results/p3-d6-s010.log,log,fdb8b3179aeada81d2d7adc0244f471594f24002,fdb8b3179aeada81d2d7adc0244f471594f24002,DESIGN_SPACE_PRE_SPADE,Historical or non-paper work,HISTORICAL,NONE,historical record,"NONE — non-canonical run artifact; canonical JSON, manifest, or producing script retained",CANONICAL OUTPUT OR MANIFEST PREFERRED,GENERATED/DISPOSABLE,archive/generated/results/p3-d6-s010.log,Run log or checkpoint is not a canonical paper result; preserve outside active results.
results/p3-d8-s010.log,log,fdb8b3179aeada81d2d7adc0244f471594f24002,fdb8b3179aeada81d2d7adc0244f471594f24002,DESIGN_SPACE_PRE_SPADE,Historical or non-paper work,HISTORICAL,NONE,historical record,"NONE — non-canonical run artifact; canonical JSON, manifest, or producing script retained",CANONICAL OUTPUT OR MANIFEST PREFERRED,GENERATED/DISPOSABLE,archive/generated/results/p3-d8-s010.log,Run log or checkpoint is not a canonical paper result; preserve outside active results.
results/p3-d8-s025.log,log,fdb8b3179aeada81d2d7adc0244f471594f24002,fdb8b3179aeada81d2d7adc0244f471594f24002,DESIGN_SPACE_PRE_SPADE,Historical or non-paper work,HISTORICAL,NONE,historical record,"NONE — non-canonical run artifact; canonical JSON, manifest, or producing script retained",CANONICAL OUTPUT OR MANIFEST PREFERRED,GENERATED/DISPOSABLE,archive/generated/results/p3-d8-s025.log,Run log or checkpoint is not a canonical paper result; preserve outside active results.
results/p3-k6-d6-s010.json,json,2e66f88bcf72baef5a037e3bbe68f51ac32e6df5,2e66f88bcf72baef5a037e3bbe68f51ac32e6df5,DESIGN_SPACE_PRE_SPADE,Historical or non-paper work,HISTORICAL,NONE,historical record,NONE — no active claim consumer; preserved at archive/exploratory/results/p3-k6-d6-s010.json,NOT USED BY FINAL PAPER,ARCHIVE-VALID,archive/exploratory/results/p3-k6-d6-s010.json,Result is outside the active claim ledger and remains preserved for historical review.
results/p3-k6b-d6-s010.json,json,2e66f88bcf72baef5a037e3bbe68f51ac32e6df5,2e66f88bcf72baef5a037e3bbe68f51ac32e6df5,DESIGN_SPACE_PRE_SPADE,Historical or non-paper work,HISTORICAL,NONE,historical record,NONE — no active claim consumer; preserved at archive/exploratory/results/p3-k6b-d6-s010.json,NOT USED BY FINAL PAPER,ARCHIVE-VALID,archive/exploratory/results/p3-k6b-d6-s010.json,Result is outside the active claim ledger and remains preserved for historical review.
results/p3-preflight-gate.log,log,9720d3bb7719b81b7996eb480e3fa2843e505a57,9720d3bb7719b81b7996eb480e3fa2843e505a57,DESIGN_SPACE_PRE_SPADE,Historical or non-paper work,HISTORICAL,NONE,historical record,"NONE — non-canonical run artifact; canonical JSON, manifest, or producing script retained",CANONICAL OUTPUT OR MANIFEST PREFERRED,GENERATED/DISPOSABLE,archive/generated/results/p3-preflight-gate.log,Run log or checkpoint is not a canonical paper result; preserve outside active results.
results/p3-smoke.log,log,fdb8b3179aeada81d2d7adc0244f471594f24002,fdb8b3179aeada81d2d7adc0244f471594f24002,DESIGN_SPACE_PRE_SPADE,Historical or non-paper work,HISTORICAL,NONE,historical record,"NONE — non-canonical run artifact; canonical JSON, manifest, or producing script retained",CANONICAL OUTPUT OR MANIFEST PREFERRED,GENERATED/DISPOSABLE,archive/generated/results/p3-smoke.log,Run log or checkpoint is not a canonical paper result; preserve outside active results.
results/p3-taumax-sensitivity.json,json,2e66f88bcf72baef5a037e3bbe68f51ac32e6df5,2e66f88bcf72baef5a037e3bbe68f51ac32e6df5,DESIGN_SPACE_PRE_SPADE,Historical or non-paper work,HISTORICAL,NONE,historical record,NONE — no active claim consumer; preserved at archive/exploratory/results/p3-taumax-sensitivity.json,NOT USED BY FINAL PAPER,ARCHIVE-VALID,archive/exploratory/results/p3-taumax-sensitivity.json,Result is outside the active claim ledger and remains preserved for historical review.
results/p4-coord-auprc.log,log,8747765bb7461c11bdf0ff8e6a1c4d6178d69f7d,8747765bb7461c11bdf0ff8e6a1c4d6178d69f7d,DESIGN_SPACE_PRE_SPADE,Historical or non-paper work,HISTORICAL,NONE,historical record,"NONE — non-canonical run artifact; canonical JSON, manifest, or producing script retained",CANONICAL OUTPUT OR MANIFEST PREFERRED,GENERATED/DISPOSABLE,archive/generated/results/p4-coord-auprc.log,Run log or checkpoint is not a canonical paper result; preserve outside active results.
results/p4-coord.SUPERSEDED-no-auprc.json,json,8747765bb7461c11bdf0ff8e6a1c4d6178d69f7d,8747765bb7461c11bdf0ff8e6a1c4d6178d69f7d,DESIGN_SPACE_PRE_SPADE,Historical or non-paper work,HISTORICAL,NONE,historical record,NONE — no active claim consumer; preserved at archive/exploratory/results/p4-coord.SUPERSEDED-no-auprc.json,NOT USED BY FINAL PAPER,ARCHIVE-VALID,archive/exploratory/results/p4-coord.SUPERSEDED-no-auprc.json,Result is outside the active claim ledger and remains preserved for historical review.
results/p4-coord.json,json,ab4f9fc6fe493f5ffefa4bc4a939e6c064329585,8747765bb7461c11bdf0ff8e6a1c4d6178d69f7d,DESIGN_SPACE_PRE_SPADE,Historical or non-paper work,HISTORICAL,NONE,historical record,NONE — no active claim consumer; preserved at archive/exploratory/results/p4-coord.json,NOT USED BY FINAL PAPER,ARCHIVE-VALID,archive/exploratory/results/p4-coord.json,Result is outside the active claim ledger and remains preserved for historical review.
results/p4-coord.log,log,ab4f9fc6fe493f5ffefa4bc4a939e6c064329585,ab4f9fc6fe493f5ffefa4bc4a939e6c064329585,DESIGN_SPACE_PRE_SPADE,Historical or non-paper work,HISTORICAL,NONE,historical record,"NONE — non-canonical run artifact; canonical JSON, manifest, or producing script retained",CANONICAL OUTPUT OR MANIFEST PREFERRED,GENERATED/DISPOSABLE,archive/generated/results/p4-coord.log,Run log or checkpoint is not a canonical paper result; preserve outside active results.
results/p4b-alpha-star-anomaly.json,json,2e66f88bcf72baef5a037e3bbe68f51ac32e6df5,2e66f88bcf72baef5a037e3bbe68f51ac32e6df5,DESIGN_SPACE_PRE_SPADE,Historical or non-paper work,HISTORICAL,NONE,historical record,NONE — no active claim consumer; preserved at archive/exploratory/results/p4b-alpha-star-anomaly.json,NOT USED BY FINAL PAPER,ARCHIVE-VALID,archive/exploratory/results/p4b-alpha-star-anomaly.json,Result is outside the active claim ledger and remains preserved for historical review.
results/p4b-alpha-star-anomaly.log,log,fdb8b3179aeada81d2d7adc0244f471594f24002,fdb8b3179aeada81d2d7adc0244f471594f24002,DESIGN_SPACE_PRE_SPADE,Historical or non-paper work,HISTORICAL,NONE,historical record,"NONE — non-canonical run artifact; canonical JSON, manifest, or producing script retained",CANONICAL OUTPUT OR MANIFEST PREFERRED,GENERATED/DISPOSABLE,archive/generated/results/p4b-alpha-star-anomaly.log,Run log or checkpoint is not a canonical paper result; preserve outside active results.
results/p5-tau-quantile.json,json,66112e24a09e0bb09d7cbc9226e3ca86fade5f89,541ce68fe8510a4d5b07ffaa98ea93b943da4607,DESIGN_SPACE_PRE_SPADE,Historical or non-paper work,HISTORICAL,NONE,historical record,NONE — no active claim consumer; preserved at archive/exploratory/results/p5-tau-quantile.json,NOT USED BY FINAL PAPER,ARCHIVE-VALID,archive/exploratory/results/p5-tau-quantile.json,Result is outside the active claim ledger and remains preserved for historical review.
results/p5-tau-quantile.log,log,66112e24a09e0bb09d7cbc9226e3ca86fade5f89,541ce68fe8510a4d5b07ffaa98ea93b943da4607,DESIGN_SPACE_PRE_SPADE,Historical or non-paper work,HISTORICAL,NONE,historical record,"NONE — non-canonical run artifact; canonical JSON, manifest, or producing script retained",CANONICAL OUTPUT OR MANIFEST PREFERRED,GENERATED/DISPOSABLE,archive/generated/results/p5-tau-quantile.log,Run log or checkpoint is not a canonical paper result; preserve outside active results.
results/p6-ackley-d6-s0.10.log,log,d191d69f5fd10bffd1f55d94ccffc524fe5eddf0,d191d69f5fd10bffd1f55d94ccffc524fe5eddf0,DESIGN_SPACE_PRE_SPADE,Historical or non-paper work,HISTORICAL,NONE,historical record,"NONE — non-canonical run artifact; canonical JSON, manifest, or producing script retained",CANONICAL OUTPUT OR MANIFEST PREFERRED,GENERATED/DISPOSABLE,archive/generated/results/p6-ackley-d6-s0.10.log,Run log or checkpoint is not a canonical paper result; preserve outside active results.
results/p6-ackley-d6-s0.25.log,log,d191d69f5fd10bffd1f55d94ccffc524fe5eddf0,d191d69f5fd10bffd1f55d94ccffc524fe5eddf0,DESIGN_SPACE_PRE_SPADE,Historical or non-paper work,HISTORICAL,NONE,historical record,"NONE — non-canonical run artifact; canonical JSON, manifest, or producing script retained",CANONICAL OUTPUT OR MANIFEST PREFERRED,GENERATED/DISPOSABLE,archive/generated/results/p6-ackley-d6-s0.25.log,Run log or checkpoint is not a canonical paper result; preserve outside active results.
results/p6-ackley-d8-s0.10.log,log,cf18bf21b7d5209ac81ced478f22120c56f07140,cf18bf21b7d5209ac81ced478f22120c56f07140,DESIGN_SPACE_PRE_SPADE,Historical or non-paper work,HISTORICAL,NONE,historical record,"NONE — non-canonical run artifact; canonical JSON, manifest, or producing script retained",CANONICAL OUTPUT OR MANIFEST PREFERRED,GENERATED/DISPOSABLE,archive/generated/results/p6-ackley-d8-s0.10.log,Run log or checkpoint is not a canonical paper result; preserve outside active results.
results/p6-ackley-d8-s0.25.log,log,cf18bf21b7d5209ac81ced478f22120c56f07140,cf18bf21b7d5209ac81ced478f22120c56f07140,DESIGN_SPACE_PRE_SPADE,Historical or non-paper work,HISTORICAL,NONE,historical record,"NONE — non-canonical run artifact; canonical JSON, manifest, or producing script retained",CANONICAL OUTPUT OR MANIFEST PREFERRED,GENERATED/DISPOSABLE,archive/generated/results/p6-ackley-d8-s0.25.log,Run log or checkpoint is not a canonical paper result; preserve outside active results.
results/p6-ceiling-census.json,json,fdb8b3179aeada81d2d7adc0244f471594f24002,b22e78f25ace6a7842e00c580fcf16f78cc85172,DESIGN_SPACE_PRE_SPADE,Historical or non-paper work,HISTORICAL,NONE,historical record,NONE — no active claim consumer; preserved at archive/exploratory/results/p6-ceiling-census.json,NOT USED BY FINAL PAPER,ARCHIVE-VALID,archive/exploratory/results/p6-ceiling-census.json,Result is outside the active claim ledger and remains preserved for historical review.
results/p6-drive-d8.stdout,stdout,fa0e19d55b4c3a3d0f3116a7c445c8e8f0a3a43f,fa0e19d55b4c3a3d0f3116a7c445c8e8f0a3a43f,DESIGN_SPACE_PRE_SPADE,Historical or non-paper work,HISTORICAL,NONE,historical record,"NONE — non-canonical run artifact; canonical JSON, manifest, or producing script retained",CANONICAL OUTPUT OR MANIFEST PREFERRED,GENERATED/DISPOSABLE,archive/generated/results/p6-drive-d8.stdout,Run log or checkpoint is not a canonical paper result; preserve outside active results.
results/p6-drive.log,log,fdb8b3179aeada81d2d7adc0244f471594f24002,3ecd4a7a3a4244cf4d3d02912a377e6eb47baf8d,DESIGN_SPACE_PRE_SPADE,Historical or non-paper work,HISTORICAL,NONE,historical record,"NONE — non-canonical run artifact; canonical JSON, manifest, or producing script retained",CANONICAL OUTPUT OR MANIFEST PREFERRED,GENERATED/DISPOSABLE,archive/generated/results/p6-drive.log,Run log or checkpoint is not a canonical paper result; preserve outside active results.
results/p6-families.meta.json,json,5a5d94889db632ed8e68c1121e15e6f8e7dd6802,5a5d94889db632ed8e68c1121e15e6f8e7dd6802,DESIGN_SPACE_PRE_SPADE,Historical or non-paper work,HISTORICAL,NONE,historical record,NONE — no active claim consumer; preserved at archive/exploratory/results/p6-families.meta.json,NOT USED BY FINAL PAPER,ARCHIVE-VALID,archive/exploratory/results/p6-families.meta.json,Result is outside the active claim ledger and remains preserved for historical review.
results/p6-families/ackley-d6.json,json,5a5d94889db632ed8e68c1121e15e6f8e7dd6802,5a5d94889db632ed8e68c1121e15e6f8e7dd6802,DESIGN_SPACE_PRE_SPADE,Historical or non-paper work,HISTORICAL,NONE,historical record,NONE — no active claim consumer; preserved at archive/exploratory/results/p6-families/ackley-d6.json,NOT USED BY FINAL PAPER,ARCHIVE-VALID,archive/exploratory/results/p6-families/ackley-d6.json,Result is outside the active claim ledger and remains preserved for historical review.
results/p6-families/ackley-d8.json,json,5a5d94889db632ed8e68c1121e15e6f8e7dd6802,5a5d94889db632ed8e68c1121e15e6f8e7dd6802,DESIGN_SPACE_PRE_SPADE,Historical or non-paper work,HISTORICAL,NONE,historical record,NONE — no active claim consumer; preserved at archive/exploratory/results/p6-families/ackley-d8.json,NOT USED BY FINAL PAPER,ARCHIVE-VALID,archive/exploratory/results/p6-families/ackley-d8.json,Result is outside the active claim ledger and remains preserved for historical review.
results/p6-families/hartmann6-d6.json,json,5a5d94889db632ed8e68c1121e15e6f8e7dd6802,5a5d94889db632ed8e68c1121e15e6f8e7dd6802,DESIGN_SPACE_PRE_SPADE,Historical or non-paper work,HISTORICAL,NONE,historical record,NONE — no active claim consumer; preserved at archive/exploratory/results/p6-families/hartmann6-d6.json,NOT USED BY FINAL PAPER,ARCHIVE-VALID,archive/exploratory/results/p6-families/hartmann6-d6.json,Result is outside the active claim ledger and remains preserved for historical review.
results/p6-families/hartmann6-d8.json,json,5a5d94889db632ed8e68c1121e15e6f8e7dd6802,5a5d94889db632ed8e68c1121e15e6f8e7dd6802,DESIGN_SPACE_PRE_SPADE,Historical or non-paper work,HISTORICAL,NONE,historical record,NONE — no active claim consumer; preserved at archive/exploratory/results/p6-families/hartmann6-d8.json,NOT USED BY FINAL PAPER,ARCHIVE-VALID,archive/exploratory/results/p6-families/hartmann6-d8.json,Result is outside the active claim ledger and remains preserved for historical review.
results/p6-families/levy-d6.json,json,5a5d94889db632ed8e68c1121e15e6f8e7dd6802,5a5d94889db632ed8e68c1121e15e6f8e7dd6802,DESIGN_SPACE_PRE_SPADE,Historical or non-paper work,HISTORICAL,NONE,historical record,NONE — no active claim consumer; preserved at archive/exploratory/results/p6-families/levy-d6.json,NOT USED BY FINAL PAPER,ARCHIVE-VALID,archive/exploratory/results/p6-families/levy-d6.json,Result is outside the active claim ledger and remains preserved for historical review.
results/p6-families/levy-d8.json,json,5a5d94889db632ed8e68c1121e15e6f8e7dd6802,5a5d94889db632ed8e68c1121e15e6f8e7dd6802,DESIGN_SPACE_PRE_SPADE,Historical or non-paper work,HISTORICAL,NONE,historical record,NONE — no active claim consumer; preserved at archive/exploratory/results/p6-families/levy-d8.json,NOT USED BY FINAL PAPER,ARCHIVE-VALID,archive/exploratory/results/p6-families/levy-d8.json,Result is outside the active claim ledger and remains preserved for historical review.
results/p6-families/rosenbrock-d6.json,json,5a5d94889db632ed8e68c1121e15e6f8e7dd6802,5a5d94889db632ed8e68c1121e15e6f8e7dd6802,DESIGN_SPACE_PRE_SPADE,Historical or non-paper work,HISTORICAL,NONE,historical record,NONE — no active claim consumer; preserved at archive/exploratory/results/p6-families/rosenbrock-d6.json,NOT USED BY FINAL PAPER,ARCHIVE-VALID,archive/exploratory/results/p6-families/rosenbrock-d6.json,Result is outside the active claim ledger and remains preserved for historical review.
results/p6-families/rosenbrock-d8.json,json,5a5d94889db632ed8e68c1121e15e6f8e7dd6802,5a5d94889db632ed8e68c1121e15e6f8e7dd6802,DESIGN_SPACE_PRE_SPADE,Historical or non-paper work,HISTORICAL,NONE,historical record,NONE — no active claim consumer; preserved at archive/exploratory/results/p6-families/rosenbrock-d8.json,NOT USED BY FINAL PAPER,ARCHIVE-VALID,archive/exploratory/results/p6-families/rosenbrock-d8.json,Result is outside the active claim ledger and remains preserved for historical review.
results/p6-hartmann6-d6-s0.10.log,log,d191d69f5fd10bffd1f55d94ccffc524fe5eddf0,d191d69f5fd10bffd1f55d94ccffc524fe5eddf0,DESIGN_SPACE_PRE_SPADE,Historical or non-paper work,HISTORICAL,NONE,historical record,"NONE — non-canonical run artifact; canonical JSON, manifest, or producing script retained",CANONICAL OUTPUT OR MANIFEST PREFERRED,GENERATED/DISPOSABLE,archive/generated/results/p6-hartmann6-d6-s0.10.log,Run log or checkpoint is not a canonical paper result; preserve outside active results.
results/p6-hartmann6-d6-s0.25.log,log,49fe0e122eadcda82c94e62c72e093508740bf07,d191d69f5fd10bffd1f55d94ccffc524fe5eddf0,DESIGN_SPACE_PRE_SPADE,Historical or non-paper work,HISTORICAL,NONE,historical record,"NONE — non-canonical run artifact; canonical JSON, manifest, or producing script retained",CANONICAL OUTPUT OR MANIFEST PREFERRED,GENERATED/DISPOSABLE,archive/generated/results/p6-hartmann6-d6-s0.25.log,Run log or checkpoint is not a canonical paper result; preserve outside active results.
results/p6-hartmann6-d6-s0.25.resume.log,log,930951919c31a71d17decdd1fb8ac448e17fa4c0,930951919c31a71d17decdd1fb8ac448e17fa4c0,DESIGN_SPACE_PRE_SPADE,Historical or non-paper work,HISTORICAL,NONE,historical record,"NONE — non-canonical run artifact; canonical JSON, manifest, or producing script retained",CANONICAL OUTPUT OR MANIFEST PREFERRED,GENERATED/DISPOSABLE,archive/generated/results/p6-hartmann6-d6-s0.25.resume.log,Run log or checkpoint is not a canonical paper result; preserve outside active results.
results/p6-hartmann6-d8-s0.10.log,log,cf18bf21b7d5209ac81ced478f22120c56f07140,cf18bf21b7d5209ac81ced478f22120c56f07140,DESIGN_SPACE_PRE_SPADE,Historical or non-paper work,HISTORICAL,NONE,historical record,"NONE — non-canonical run artifact; canonical JSON, manifest, or producing script retained",CANONICAL OUTPUT OR MANIFEST PREFERRED,GENERATED/DISPOSABLE,archive/generated/results/p6-hartmann6-d8-s0.10.log,Run log or checkpoint is not a canonical paper result; preserve outside active results.
results/p6-hartmann6-d8-s0.25.log,log,cf18bf21b7d5209ac81ced478f22120c56f07140,cf18bf21b7d5209ac81ced478f22120c56f07140,DESIGN_SPACE_PRE_SPADE,Historical or non-paper work,HISTORICAL,NONE,historical record,"NONE — non-canonical run artifact; canonical JSON, manifest, or producing script retained",CANONICAL OUTPUT OR MANIFEST PREFERRED,GENERATED/DISPOSABLE,archive/generated/results/p6-hartmann6-d8-s0.25.log,Run log or checkpoint is not a canonical paper result; preserve outside active results.
results/p6-levy-d6-s0.10.log,log,d191d69f5fd10bffd1f55d94ccffc524fe5eddf0,d191d69f5fd10bffd1f55d94ccffc524fe5eddf0,DESIGN_SPACE_PRE_SPADE,Historical or non-paper work,HISTORICAL,NONE,historical record,"NONE — non-canonical run artifact; canonical JSON, manifest, or producing script retained",CANONICAL OUTPUT OR MANIFEST PREFERRED,GENERATED/DISPOSABLE,archive/generated/results/p6-levy-d6-s0.10.log,Run log or checkpoint is not a canonical paper result; preserve outside active results.
results/p6-levy-d6-s0.25.log,log,d191d69f5fd10bffd1f55d94ccffc524fe5eddf0,d191d69f5fd10bffd1f55d94ccffc524fe5eddf0,DESIGN_SPACE_PRE_SPADE,Historical or non-paper work,HISTORICAL,NONE,historical record,"NONE — non-canonical run artifact; canonical JSON, manifest, or producing script retained",CANONICAL OUTPUT OR MANIFEST PREFERRED,GENERATED/DISPOSABLE,archive/generated/results/p6-levy-d6-s0.25.log,Run log or checkpoint is not a canonical paper result; preserve outside active results.
results/p6-levy-d8-s0.10.log,log,cf18bf21b7d5209ac81ced478f22120c56f07140,cf18bf21b7d5209ac81ced478f22120c56f07140,DESIGN_SPACE_PRE_SPADE,Historical or non-paper work,HISTORICAL,NONE,historical record,"NONE — non-canonical run artifact; canonical JSON, manifest, or producing script retained",CANONICAL OUTPUT OR MANIFEST PREFERRED,GENERATED/DISPOSABLE,archive/generated/results/p6-levy-d8-s0.10.log,Run log or checkpoint is not a canonical paper result; preserve outside active results.
results/p6-levy-d8-s0.25.log,log,cf18bf21b7d5209ac81ced478f22120c56f07140,cf18bf21b7d5209ac81ced478f22120c56f07140,DESIGN_SPACE_PRE_SPADE,Historical or non-paper work,HISTORICAL,NONE,historical record,"NONE — non-canonical run artifact; canonical JSON, manifest, or producing script retained",CANONICAL OUTPUT OR MANIFEST PREFERRED,GENERATED/DISPOSABLE,archive/generated/results/p6-levy-d8-s0.25.log,Run log or checkpoint is not a canonical paper result; preserve outside active results.
results/p6-merge-all16.log,log,fa0e19d55b4c3a3d0f3116a7c445c8e8f0a3a43f,fa0e19d55b4c3a3d0f3116a7c445c8e8f0a3a43f,DESIGN_SPACE_PRE_SPADE,Historical or non-paper work,HISTORICAL,NONE,historical record,"NONE — non-canonical run artifact; canonical JSON, manifest, or producing script retained",CANONICAL OUTPUT OR MANIFEST PREFERRED,GENERATED/DISPOSABLE,archive/generated/results/p6-merge-all16.log,Run log or checkpoint is not a canonical paper result; preserve outside active results.
results/p6-merge.log,log,d191d69f5fd10bffd1f55d94ccffc524fe5eddf0,d191d69f5fd10bffd1f55d94ccffc524fe5eddf0,DESIGN_SPACE_PRE_SPADE,Historical or non-paper work,HISTORICAL,NONE,historical record,"NONE — non-canonical run artifact; canonical JSON, manifest, or producing script retained",CANONICAL OUTPUT OR MANIFEST PREFERRED,GENERATED/DISPOSABLE,archive/generated/results/p6-merge.log,Run log or checkpoint is not a canonical paper result; preserve outside active results.
results/p6-rosenbrock-d6-s0.10.log,log,d191d69f5fd10bffd1f55d94ccffc524fe5eddf0,d191d69f5fd10bffd1f55d94ccffc524fe5eddf0,DESIGN_SPACE_PRE_SPADE,Historical or non-paper work,HISTORICAL,NONE,historical record,"NONE — non-canonical run artifact; canonical JSON, manifest, or producing script retained",CANONICAL OUTPUT OR MANIFEST PREFERRED,GENERATED/DISPOSABLE,archive/generated/results/p6-rosenbrock-d6-s0.10.log,Run log or checkpoint is not a canonical paper result; preserve outside active results.
results/p6-rosenbrock-d6-s0.25.log,log,d191d69f5fd10bffd1f55d94ccffc524fe5eddf0,d191d69f5fd10bffd1f55d94ccffc524fe5eddf0,DESIGN_SPACE_PRE_SPADE,Historical or non-paper work,HISTORICAL,NONE,historical record,"NONE — non-canonical run artifact; canonical JSON, manifest, or producing script retained",CANONICAL OUTPUT OR MANIFEST PREFERRED,GENERATED/DISPOSABLE,archive/generated/results/p6-rosenbrock-d6-s0.25.log,Run log or checkpoint is not a canonical paper result; preserve outside active results.
results/p6-rosenbrock-d8-s0.10.log,log,cf18bf21b7d5209ac81ced478f22120c56f07140,cf18bf21b7d5209ac81ced478f22120c56f07140,DESIGN_SPACE_PRE_SPADE,Historical or non-paper work,HISTORICAL,NONE,historical record,"NONE — non-canonical run artifact; canonical JSON, manifest, or producing script retained",CANONICAL OUTPUT OR MANIFEST PREFERRED,GENERATED/DISPOSABLE,archive/generated/results/p6-rosenbrock-d8-s0.10.log,Run log or checkpoint is not a canonical paper result; preserve outside active results.
results/p6-rosenbrock-d8-s0.25.log,log,cf18bf21b7d5209ac81ced478f22120c56f07140,cf18bf21b7d5209ac81ced478f22120c56f07140,DESIGN_SPACE_PRE_SPADE,Historical or non-paper work,HISTORICAL,NONE,historical record,"NONE — non-canonical run artifact; canonical JSON, manifest, or producing script retained",CANONICAL OUTPUT OR MANIFEST PREFERRED,GENERATED/DISPOSABLE,archive/generated/results/p6-rosenbrock-d8-s0.25.log,Run log or checkpoint is not a canonical paper result; preserve outside active results.
results/p7-murphy.json,json,90bf309056407be762aa6bdd52cac31f88027eee,90bf309056407be762aa6bdd52cac31f88027eee,DESIGN_SPACE_PRE_SPADE,Historical or non-paper work,HISTORICAL,NONE,historical record,NONE — no active claim consumer; preserved at archive/exploratory/results/p7-murphy.json,NOT USED BY FINAL PAPER,ARCHIVE-VALID,archive/exploratory/results/p7-murphy.json,Result is outside the active claim ledger and remains preserved for historical review.
results/p7-murphy.log,log,fdb8b3179aeada81d2d7adc0244f471594f24002,90bf309056407be762aa6bdd52cac31f88027eee,DESIGN_SPACE_PRE_SPADE,Historical or non-paper work,HISTORICAL,NONE,historical record,"NONE — non-canonical run artifact; canonical JSON, manifest, or producing script retained",CANONICAL OUTPUT OR MANIFEST PREFERRED,GENERATED/DISPOSABLE,archive/generated/results/p7-murphy.log,Run log or checkpoint is not a canonical paper result; preserve outside active results.
results/p8-certificate-families.json,json,2ce9652b25d3f031f61ca22a0f5dc8773624b868,2ce9652b25d3f031f61ca22a0f5dc8773624b868,DESIGN_SPACE_PRE_SPADE,Historical or non-paper work,HISTORICAL,NONE,historical record,NONE — no active claim consumer; preserved at archive/exploratory/results/p8-certificate-families.json,NOT USED BY FINAL PAPER,ARCHIVE-VALID,archive/exploratory/results/p8-certificate-families.json,Result is outside the active claim ledger and remains preserved for historical review.
results/p8-certificate-families.log,log,2ce9652b25d3f031f61ca22a0f5dc8773624b868,2ce9652b25d3f031f61ca22a0f5dc8773624b868,DESIGN_SPACE_PRE_SPADE,Historical or non-paper work,HISTORICAL,NONE,historical record,"NONE — non-canonical run artifact; canonical JSON, manifest, or producing script retained",CANONICAL OUTPUT OR MANIFEST PREFERRED,GENERATED/DISPOSABLE,archive/generated/results/p8-certificate-families.log,Run log or checkpoint is not a canonical paper result; preserve outside active results.
results/p8-predictions.json,json,2ce9652b25d3f031f61ca22a0f5dc8773624b868,2ce9652b25d3f031f61ca22a0f5dc8773624b868,DESIGN_SPACE_PRE_SPADE,Historical or non-paper work,HISTORICAL,NONE,historical record,NONE — no active claim consumer; preserved at archive/exploratory/results/p8-predictions.json,NOT USED BY FINAL PAPER,ARCHIVE-VALID,archive/exploratory/results/p8-predictions.json,Result is outside the active claim ledger and remains preserved for historical review.
results/paper-figures/build-manifest.json,json,08df039ab16e36889a60d7e454873458f1cec433,6e4f22edd25ca080dab081f416bada10fccb7418,SPADE_CONFIRMATION_AND_PAPER,Preserve earlier paper provenance,HISTORICAL,NONE,superseded publication output,Claims NONE; consumed by scripts/supporting real-data or publication-figure script and paper/CLAIMS-AND-SOURCES.md,NOT A SPADE MANUSCRIPT FIGURE,SUPPORT,research/results/figures/terminal-rule-publication/build-manifest.json,"Figure belongs to the earlier terminal-rule paper, not the consolidated SPADE manuscript."
results/paper-figures/paper-figures-contact-sheet.png,png,08df039ab16e36889a60d7e454873458f1cec433,6e4f22edd25ca080dab081f416bada10fccb7418,SPADE_CONFIRMATION_AND_PAPER,Preserve earlier paper provenance,HISTORICAL,NONE,superseded publication output,Claims NONE; consumed by scripts/supporting real-data or publication-figure script and paper/CLAIMS-AND-SOURCES.md,NOT A SPADE MANUSCRIPT FIGURE,SUPPORT,research/results/figures/terminal-rule-publication/paper-figures-contact-sheet.png,"Figure belongs to the earlier terminal-rule paper, not the consolidated SPADE manuscript."
results/paper-figures/paper-figures-deuteranopia-review.png,png,ffa095d0d819be319ca3c91c8882c301741172a6,6e4f22edd25ca080dab081f416bada10fccb7418,SPADE_CONFIRMATION_AND_PAPER,Preserve earlier paper provenance,HISTORICAL,NONE,superseded publication output,Claims NONE; consumed by scripts/supporting real-data or publication-figure script and paper/CLAIMS-AND-SOURCES.md,NOT A SPADE MANUSCRIPT FIGURE,SUPPORT,research/results/figures/terminal-rule-publication/paper-figures-deuteranopia-review.png,"Figure belongs to the earlier terminal-rule paper, not the consolidated SPADE manuscript."
results/paper-figures/paper-figures-grayscale-review.png,png,ffa095d0d819be319ca3c91c8882c301741172a6,6e4f22edd25ca080dab081f416bada10fccb7418,SPADE_CONFIRMATION_AND_PAPER,Preserve earlier paper provenance,HISTORICAL,NONE,superseded publication output,Claims NONE; consumed by scripts/supporting real-data or publication-figure script and paper/CLAIMS-AND-SOURCES.md,NOT A SPADE MANUSCRIPT FIGURE,SUPPORT,research/results/figures/terminal-rule-publication/paper-figures-grayscale-review.png,"Figure belongs to the earlier terminal-rule paper, not the consolidated SPADE manuscript."
results/paper-figures/portable/fig1.alt.txt,txt,08df039ab16e36889a60d7e454873458f1cec433,08df039ab16e36889a60d7e454873458f1cec433,SPADE_DEVELOPMENT_AND_LOCKBOX,Preserve earlier paper provenance,HISTORICAL,NONE,superseded publication output,Claims NONE; consumed by scripts/supporting real-data or publication-figure script and paper/CLAIMS-AND-SOURCES.md,NOT A SPADE MANUSCRIPT FIGURE,SUPPORT,research/results/figures/terminal-rule-publication/portable/fig1.alt.txt,"Figure belongs to the earlier terminal-rule paper, not the consolidated SPADE manuscript."
results/paper-figures/portable/fig1.caption.txt,txt,ffa095d0d819be319ca3c91c8882c301741172a6,ffa095d0d819be319ca3c91c8882c301741172a6,SPADE_DEVELOPMENT_AND_LOCKBOX,Preserve earlier paper provenance,HISTORICAL,NONE,superseded publication output,Claims NONE; consumed by scripts/supporting real-data or publication-figure script and paper/CLAIMS-AND-SOURCES.md,NOT A SPADE MANUSCRIPT FIGURE,SUPPORT,research/results/figures/terminal-rule-publication/portable/fig1.caption.txt,"Figure belongs to the earlier terminal-rule paper, not the consolidated SPADE manuscript."
results/paper-figures/portable/fig1.data.json,json,08df039ab16e36889a60d7e454873458f1cec433,08df039ab16e36889a60d7e454873458f1cec433,SPADE_DEVELOPMENT_AND_LOCKBOX,Preserve earlier paper provenance,HISTORICAL,NONE,superseded publication output,Claims NONE; consumed by scripts/supporting real-data or publication-figure script and paper/CLAIMS-AND-SOURCES.md,NOT A SPADE MANUSCRIPT FIGURE,SUPPORT,research/results/figures/terminal-rule-publication/portable/fig1.data.json,"Figure belongs to the earlier terminal-rule paper, not the consolidated SPADE manuscript."
results/paper-figures/portable/fig1.description.txt,txt,ffa095d0d819be319ca3c91c8882c301741172a6,ffa095d0d819be319ca3c91c8882c301741172a6,SPADE_DEVELOPMENT_AND_LOCKBOX,Preserve earlier paper provenance,HISTORICAL,NONE,superseded publication output,Claims NONE; consumed by scripts/supporting real-data or publication-figure script and paper/CLAIMS-AND-SOURCES.md,NOT A SPADE MANUSCRIPT FIGURE,SUPPORT,research/results/figures/terminal-rule-publication/portable/fig1.description.txt,"Figure belongs to the earlier terminal-rule paper, not the consolidated SPADE manuscript."
results/paper-figures/portable/fig1.pdf,pdf,08df039ab16e36889a60d7e454873458f1cec433,ffa095d0d819be319ca3c91c8882c301741172a6,SPADE_DEVELOPMENT_AND_LOCKBOX,Preserve earlier paper provenance,HISTORICAL,NONE,superseded publication output,Claims NONE; consumed by scripts/supporting real-data or publication-figure script and paper/CLAIMS-AND-SOURCES.md,NOT A SPADE MANUSCRIPT FIGURE,SUPPORT,research/results/figures/terminal-rule-publication/portable/fig1.pdf,"Figure belongs to the earlier terminal-rule paper, not the consolidated SPADE manuscript."
results/paper-figures/portable/fig1.png,png,08df039ab16e36889a60d7e454873458f1cec433,ffa095d0d819be319ca3c91c8882c301741172a6,SPADE_DEVELOPMENT_AND_LOCKBOX,Preserve earlier paper provenance,HISTORICAL,NONE,superseded publication output,Claims NONE; consumed by scripts/supporting real-data or publication-figure script and paper/CLAIMS-AND-SOURCES.md,NOT A SPADE MANUSCRIPT FIGURE,SUPPORT,research/results/figures/terminal-rule-publication/portable/fig1.png,"Figure belongs to the earlier terminal-rule paper, not the consolidated SPADE manuscript."
results/paper-figures/portable/fig1.svg,svg,08df039ab16e36889a60d7e454873458f1cec433,ffa095d0d819be319ca3c91c8882c301741172a6,SPADE_DEVELOPMENT_AND_LOCKBOX,Preserve earlier paper provenance,HISTORICAL,NONE,superseded publication output,Claims NONE; consumed by scripts/supporting real-data or publication-figure script and paper/CLAIMS-AND-SOURCES.md,NOT A SPADE MANUSCRIPT FIGURE,SUPPORT,research/results/figures/terminal-rule-publication/portable/fig1.svg,"Figure belongs to the earlier terminal-rule paper, not the consolidated SPADE manuscript."
results/paper-figures/portable/fig1.tiff,tiff,08df039ab16e36889a60d7e454873458f1cec433,ffa095d0d819be319ca3c91c8882c301741172a6,SPADE_DEVELOPMENT_AND_LOCKBOX,Preserve earlier paper provenance,HISTORICAL,NONE,superseded publication output,Claims NONE; consumed by scripts/supporting real-data or publication-figure script and paper/CLAIMS-AND-SOURCES.md,NOT A SPADE MANUSCRIPT FIGURE,SUPPORT,research/results/figures/terminal-rule-publication/portable/fig1.tiff,"Figure belongs to the earlier terminal-rule paper, not the consolidated SPADE manuscript."
results/paper-figures/portable/fig2.alt.txt,txt,08df039ab16e36889a60d7e454873458f1cec433,ffa095d0d819be319ca3c91c8882c301741172a6,SPADE_DEVELOPMENT_AND_LOCKBOX,Preserve earlier paper provenance,HISTORICAL,NONE,superseded publication output,Claims NONE; consumed by scripts/supporting real-data or publication-figure script and paper/CLAIMS-AND-SOURCES.md,NOT A SPADE MANUSCRIPT FIGURE,SUPPORT,research/results/figures/terminal-rule-publication/portable/fig2.alt.txt,"Figure belongs to the earlier terminal-rule paper, not the consolidated SPADE manuscript."
results/paper-figures/portable/fig2.caption.txt,txt,ffa095d0d819be319ca3c91c8882c301741172a6,ffa095d0d819be319ca3c91c8882c301741172a6,SPADE_DEVELOPMENT_AND_LOCKBOX,Preserve earlier paper provenance,HISTORICAL,NONE,superseded publication output,Claims NONE; consumed by scripts/supporting real-data or publication-figure script and paper/CLAIMS-AND-SOURCES.md,NOT A SPADE MANUSCRIPT FIGURE,SUPPORT,research/results/figures/terminal-rule-publication/portable/fig2.caption.txt,"Figure belongs to the earlier terminal-rule paper, not the consolidated SPADE manuscript."
results/paper-figures/portable/fig2.data.json,json,08df039ab16e36889a60d7e454873458f1cec433,ffa095d0d819be319ca3c91c8882c301741172a6,SPADE_DEVELOPMENT_AND_LOCKBOX,Preserve earlier paper provenance,HISTORICAL,NONE,superseded publication output,Claims NONE; consumed by scripts/supporting real-data or publication-figure script and paper/CLAIMS-AND-SOURCES.md,NOT A SPADE MANUSCRIPT FIGURE,SUPPORT,research/results/figures/terminal-rule-publication/portable/fig2.data.json,"Figure belongs to the earlier terminal-rule paper, not the consolidated SPADE manuscript."
results/paper-figures/portable/fig2.description.txt,txt,ffa095d0d819be319ca3c91c8882c301741172a6,ffa095d0d819be319ca3c91c8882c301741172a6,SPADE_DEVELOPMENT_AND_LOCKBOX,Preserve earlier paper provenance,HISTORICAL,NONE,superseded publication output,Claims NONE; consumed by scripts/supporting real-data or publication-figure script and paper/CLAIMS-AND-SOURCES.md,NOT A SPADE MANUSCRIPT FIGURE,SUPPORT,research/results/figures/terminal-rule-publication/portable/fig2.description.txt,"Figure belongs to the earlier terminal-rule paper, not the consolidated SPADE manuscript."
results/paper-figures/portable/fig2.pdf,pdf,08df039ab16e36889a60d7e454873458f1cec433,ffa095d0d819be319ca3c91c8882c301741172a6,SPADE_DEVELOPMENT_AND_LOCKBOX,Preserve earlier paper provenance,HISTORICAL,NONE,superseded publication output,Claims NONE; consumed by scripts/supporting real-data or publication-figure script and paper/CLAIMS-AND-SOURCES.md,NOT A SPADE MANUSCRIPT FIGURE,SUPPORT,research/results/figures/terminal-rule-publication/portable/fig2.pdf,"Figure belongs to the earlier terminal-rule paper, not the consolidated SPADE manuscript."
results/paper-figures/portable/fig2.png,png,08df039ab16e36889a60d7e454873458f1cec433,ffa095d0d819be319ca3c91c8882c301741172a6,SPADE_DEVELOPMENT_AND_LOCKBOX,Preserve earlier paper provenance,HISTORICAL,NONE,superseded publication output,Claims NONE; consumed by scripts/supporting real-data or publication-figure script and paper/CLAIMS-AND-SOURCES.md,NOT A SPADE MANUSCRIPT FIGURE,SUPPORT,research/results/figures/terminal-rule-publication/portable/fig2.png,"Figure belongs to the earlier terminal-rule paper, not the consolidated SPADE manuscript."
results/paper-figures/portable/fig2.svg,svg,08df039ab16e36889a60d7e454873458f1cec433,ffa095d0d819be319ca3c91c8882c301741172a6,SPADE_DEVELOPMENT_AND_LOCKBOX,Preserve earlier paper provenance,HISTORICAL,NONE,superseded publication output,Claims NONE; consumed by scripts/supporting real-data or publication-figure script and paper/CLAIMS-AND-SOURCES.md,NOT A SPADE MANUSCRIPT FIGURE,SUPPORT,research/results/figures/terminal-rule-publication/portable/fig2.svg,"Figure belongs to the earlier terminal-rule paper, not the consolidated SPADE manuscript."
results/paper-figures/portable/fig2.tiff,tiff,08df039ab16e36889a60d7e454873458f1cec433,ffa095d0d819be319ca3c91c8882c301741172a6,SPADE_DEVELOPMENT_AND_LOCKBOX,Preserve earlier paper provenance,HISTORICAL,NONE,superseded publication output,Claims NONE; consumed by scripts/supporting real-data or publication-figure script and paper/CLAIMS-AND-SOURCES.md,NOT A SPADE MANUSCRIPT FIGURE,SUPPORT,research/results/figures/terminal-rule-publication/portable/fig2.tiff,"Figure belongs to the earlier terminal-rule paper, not the consolidated SPADE manuscript."
results/paper-figures/portable/fig3.alt.txt,txt,08df039ab16e36889a60d7e454873458f1cec433,ffa095d0d819be319ca3c91c8882c301741172a6,SPADE_DEVELOPMENT_AND_LOCKBOX,Preserve earlier paper provenance,HISTORICAL,NONE,superseded publication output,Claims NONE; consumed by scripts/supporting real-data or publication-figure script and paper/CLAIMS-AND-SOURCES.md,NOT A SPADE MANUSCRIPT FIGURE,SUPPORT,research/results/figures/terminal-rule-publication/portable/fig3.alt.txt,"Figure belongs to the earlier terminal-rule paper, not the consolidated SPADE manuscript."
results/paper-figures/portable/fig3.caption.txt,txt,ffa095d0d819be319ca3c91c8882c301741172a6,ffa095d0d819be319ca3c91c8882c301741172a6,SPADE_DEVELOPMENT_AND_LOCKBOX,Preserve earlier paper provenance,HISTORICAL,NONE,superseded publication output,Claims NONE; consumed by scripts/supporting real-data or publication-figure script and paper/CLAIMS-AND-SOURCES.md,NOT A SPADE MANUSCRIPT FIGURE,SUPPORT,research/results/figures/terminal-rule-publication/portable/fig3.caption.txt,"Figure belongs to the earlier terminal-rule paper, not the consolidated SPADE manuscript."
results/paper-figures/portable/fig3.data.json,json,08df039ab16e36889a60d7e454873458f1cec433,d5f0a58b2302bb8780f3ad53d9c5e63782e3ad8f,SPADE_DEVELOPMENT_AND_LOCKBOX,Preserve earlier paper provenance,HISTORICAL,NONE,superseded publication output,Claims NONE; consumed by scripts/supporting real-data or publication-figure script and paper/CLAIMS-AND-SOURCES.md,NOT A SPADE MANUSCRIPT FIGURE,SUPPORT,research/results/figures/terminal-rule-publication/portable/fig3.data.json,"Figure belongs to the earlier terminal-rule paper, not the consolidated SPADE manuscript."
results/paper-figures/portable/fig3.description.txt,txt,ffa095d0d819be319ca3c91c8882c301741172a6,ffa095d0d819be319ca3c91c8882c301741172a6,SPADE_DEVELOPMENT_AND_LOCKBOX,Preserve earlier paper provenance,HISTORICAL,NONE,superseded publication output,Claims NONE; consumed by scripts/supporting real-data or publication-figure script and paper/CLAIMS-AND-SOURCES.md,NOT A SPADE MANUSCRIPT FIGURE,SUPPORT,research/results/figures/terminal-rule-publication/portable/fig3.description.txt,"Figure belongs to the earlier terminal-rule paper, not the consolidated SPADE manuscript."
results/paper-figures/portable/fig3.pdf,pdf,08df039ab16e36889a60d7e454873458f1cec433,d5f0a58b2302bb8780f3ad53d9c5e63782e3ad8f,SPADE_DEVELOPMENT_AND_LOCKBOX,Preserve earlier paper provenance,HISTORICAL,NONE,superseded publication output,Claims NONE; consumed by scripts/supporting real-data or publication-figure script and paper/CLAIMS-AND-SOURCES.md,NOT A SPADE MANUSCRIPT FIGURE,SUPPORT,research/results/figures/terminal-rule-publication/portable/fig3.pdf,"Figure belongs to the earlier terminal-rule paper, not the consolidated SPADE manuscript."
results/paper-figures/portable/fig3.png,png,08df039ab16e36889a60d7e454873458f1cec433,d5f0a58b2302bb8780f3ad53d9c5e63782e3ad8f,SPADE_DEVELOPMENT_AND_LOCKBOX,Preserve earlier paper provenance,HISTORICAL,NONE,superseded publication output,Claims NONE; consumed by scripts/supporting real-data or publication-figure script and paper/CLAIMS-AND-SOURCES.md,NOT A SPADE MANUSCRIPT FIGURE,SUPPORT,research/results/figures/terminal-rule-publication/portable/fig3.png,"Figure belongs to the earlier terminal-rule paper, not the consolidated SPADE manuscript."
results/paper-figures/portable/fig3.svg,svg,08df039ab16e36889a60d7e454873458f1cec433,d5f0a58b2302bb8780f3ad53d9c5e63782e3ad8f,SPADE_DEVELOPMENT_AND_LOCKBOX,Preserve earlier paper provenance,HISTORICAL,NONE,superseded publication output,Claims NONE; consumed by scripts/supporting real-data or publication-figure script and paper/CLAIMS-AND-SOURCES.md,NOT A SPADE MANUSCRIPT FIGURE,SUPPORT,research/results/figures/terminal-rule-publication/portable/fig3.svg,"Figure belongs to the earlier terminal-rule paper, not the consolidated SPADE manuscript."
results/paper-figures/portable/fig3.tiff,tiff,08df039ab16e36889a60d7e454873458f1cec433,d5f0a58b2302bb8780f3ad53d9c5e63782e3ad8f,SPADE_DEVELOPMENT_AND_LOCKBOX,Preserve earlier paper provenance,HISTORICAL,NONE,superseded publication output,Claims NONE; consumed by scripts/supporting real-data or publication-figure script and paper/CLAIMS-AND-SOURCES.md,NOT A SPADE MANUSCRIPT FIGURE,SUPPORT,research/results/figures/terminal-rule-publication/portable/fig3.tiff,"Figure belongs to the earlier terminal-rule paper, not the consolidated SPADE manuscript."
results/paper-figures/portable/fig4.alt.txt,txt,08df039ab16e36889a60d7e454873458f1cec433,ffa095d0d819be319ca3c91c8882c301741172a6,SPADE_DEVELOPMENT_AND_LOCKBOX,Preserve earlier paper provenance,HISTORICAL,NONE,superseded publication output,Claims NONE; consumed by scripts/supporting real-data or publication-figure script and paper/CLAIMS-AND-SOURCES.md,NOT A SPADE MANUSCRIPT FIGURE,SUPPORT,research/results/figures/terminal-rule-publication/portable/fig4.alt.txt,"Figure belongs to the earlier terminal-rule paper, not the consolidated SPADE manuscript."
results/paper-figures/portable/fig4.caption.txt,txt,ffa095d0d819be319ca3c91c8882c301741172a6,ffa095d0d819be319ca3c91c8882c301741172a6,SPADE_DEVELOPMENT_AND_LOCKBOX,Preserve earlier paper provenance,HISTORICAL,NONE,superseded publication output,Claims NONE; consumed by scripts/supporting real-data or publication-figure script and paper/CLAIMS-AND-SOURCES.md,NOT A SPADE MANUSCRIPT FIGURE,SUPPORT,research/results/figures/terminal-rule-publication/portable/fig4.caption.txt,"Figure belongs to the earlier terminal-rule paper, not the consolidated SPADE manuscript."
results/paper-figures/portable/fig4.data.json,json,08df039ab16e36889a60d7e454873458f1cec433,ffa095d0d819be319ca3c91c8882c301741172a6,SPADE_DEVELOPMENT_AND_LOCKBOX,Preserve earlier paper provenance,HISTORICAL,NONE,superseded publication output,Claims NONE; consumed by scripts/supporting real-data or publication-figure script and paper/CLAIMS-AND-SOURCES.md,NOT A SPADE MANUSCRIPT FIGURE,SUPPORT,research/results/figures/terminal-rule-publication/portable/fig4.data.json,"Figure belongs to the earlier terminal-rule paper, not the consolidated SPADE manuscript."
results/paper-figures/portable/fig4.description.txt,txt,ffa095d0d819be319ca3c91c8882c301741172a6,ffa095d0d819be319ca3c91c8882c301741172a6,SPADE_DEVELOPMENT_AND_LOCKBOX,Preserve earlier paper provenance,HISTORICAL,NONE,superseded publication output,Claims NONE; consumed by scripts/supporting real-data or publication-figure script and paper/CLAIMS-AND-SOURCES.md,NOT A SPADE MANUSCRIPT FIGURE,SUPPORT,research/results/figures/terminal-rule-publication/portable/fig4.description.txt,"Figure belongs to the earlier terminal-rule paper, not the consolidated SPADE manuscript."
results/paper-figures/portable/fig4.pdf,pdf,08df039ab16e36889a60d7e454873458f1cec433,ffa095d0d819be319ca3c91c8882c301741172a6,SPADE_DEVELOPMENT_AND_LOCKBOX,Preserve earlier paper provenance,HISTORICAL,NONE,superseded publication output,Claims NONE; consumed by scripts/supporting real-data or publication-figure script and paper/CLAIMS-AND-SOURCES.md,NOT A SPADE MANUSCRIPT FIGURE,SUPPORT,research/results/figures/terminal-rule-publication/portable/fig4.pdf,"Figure belongs to the earlier terminal-rule paper, not the consolidated SPADE manuscript."
results/paper-figures/portable/fig4.png,png,08df039ab16e36889a60d7e454873458f1cec433,ffa095d0d819be319ca3c91c8882c301741172a6,SPADE_DEVELOPMENT_AND_LOCKBOX,Preserve earlier paper provenance,HISTORICAL,NONE,superseded publication output,Claims NONE; consumed by scripts/supporting real-data or publication-figure script and paper/CLAIMS-AND-SOURCES.md,NOT A SPADE MANUSCRIPT FIGURE,SUPPORT,research/results/figures/terminal-rule-publication/portable/fig4.png,"Figure belongs to the earlier terminal-rule paper, not the consolidated SPADE manuscript."
results/paper-figures/portable/fig4.svg,svg,08df039ab16e36889a60d7e454873458f1cec433,ffa095d0d819be319ca3c91c8882c301741172a6,SPADE_DEVELOPMENT_AND_LOCKBOX,Preserve earlier paper provenance,HISTORICAL,NONE,superseded publication output,Claims NONE; consumed by scripts/supporting real-data or publication-figure script and paper/CLAIMS-AND-SOURCES.md,NOT A SPADE MANUSCRIPT FIGURE,SUPPORT,research/results/figures/terminal-rule-publication/portable/fig4.svg,"Figure belongs to the earlier terminal-rule paper, not the consolidated SPADE manuscript."
results/paper-figures/portable/fig4.tiff,tiff,08df039ab16e36889a60d7e454873458f1cec433,ffa095d0d819be319ca3c91c8882c301741172a6,SPADE_DEVELOPMENT_AND_LOCKBOX,Preserve earlier paper provenance,HISTORICAL,NONE,superseded publication output,Claims NONE; consumed by scripts/supporting real-data or publication-figure script and paper/CLAIMS-AND-SOURCES.md,NOT A SPADE MANUSCRIPT FIGURE,SUPPORT,research/results/figures/terminal-rule-publication/portable/fig4.tiff,"Figure belongs to the earlier terminal-rule paper, not the consolidated SPADE manuscript."
results/pf1-coverage.log,log,b9f71f5002b7effbbcb71243284f75f9754a7fe0,b9f71f5002b7effbbcb71243284f75f9754a7fe0,BO_VS_DOE_TERMINAL_RULE,Historical or non-paper work,HISTORICAL,NONE,historical record,"NONE — non-canonical run artifact; canonical JSON, manifest, or producing script retained",CANONICAL OUTPUT OR MANIFEST PREFERRED,GENERATED/DISPOSABLE,archive/generated/results/pf1-coverage.log,Run log or checkpoint is not a canonical paper result; preserve outside active results.
results/pf1-grid.log,log,0178afbada643472c72d2a3a77692952733fee84,0178afbada643472c72d2a3a77692952733fee84,BO_VS_DOE_TERMINAL_RULE,Historical or non-paper work,HISTORICAL,NONE,historical record,"NONE — non-canonical run artifact; canonical JSON, manifest, or producing script retained",CANONICAL OUTPUT OR MANIFEST PREFERRED,GENERATED/DISPOSABLE,archive/generated/results/pf1-grid.log,Run log or checkpoint is not a canonical paper result; preserve outside active results.
results/probe-hypermix-30seed.json,json,11e041c493e2edbc5fb7b4d74b34e4a532639c95,11e041c493e2edbc5fb7b4d74b34e4a532639c95,SPADE_MANUFACTURING_RECOVERY,Historical or non-paper work,HISTORICAL,NONE,historical record,NONE — no active claim consumer; preserved at archive/exploratory/results/probe-hypermix-30seed.json,NOT USED BY FINAL PAPER,ARCHIVE-VALID,archive/exploratory/results/probe-hypermix-30seed.json,Result is outside the active claim ledger and remains preserved for historical review.
results/probe-hypermix-6seed.json,json,60f32bb7ad034b3f9a208df1106fe0aa2608b097,60f32bb7ad034b3f9a208df1106fe0aa2608b097,SPADE_MANUFACTURING_RECOVERY,Historical or non-paper work,HISTORICAL,NONE,historical record,NONE — no active claim consumer; preserved at archive/exploratory/results/probe-hypermix-6seed.json,NOT USED BY FINAL PAPER,ARCHIVE-VALID,archive/exploratory/results/probe-hypermix-6seed.json,Result is outside the active claim ledger and remains preserved for historical review.
results/probe-kz-realistic-noise.json,json,60f32bb7ad034b3f9a208df1106fe0aa2608b097,60f32bb7ad034b3f9a208df1106fe0aa2608b097,SPADE_MANUFACTURING_RECOVERY,Historical or non-paper work,HISTORICAL,NONE,historical record,NONE — no active claim consumer; preserved at archive/exploratory/results/probe-kz-realistic-noise.json,NOT USED BY FINAL PAPER,ARCHIVE-VALID,archive/exploratory/results/probe-kz-realistic-noise.json,Result is outside the active claim ledger and remains preserved for historical review.
results/probe-kz2-finite-set-noise.json,json,f0917ac2b18402ad0b4cb7d2758f793dfc0d63bb,f0917ac2b18402ad0b4cb7d2758f793dfc0d63bb,SPADE_MANUFACTURING_RECOVERY,Historical or non-paper work,HISTORICAL,NONE,historical record,NONE — no active claim consumer; preserved at archive/exploratory/results/probe-kz2-finite-set-noise.json,NOT USED BY FINAL PAPER,ARCHIVE-VALID,archive/exploratory/results/probe-kz2-finite-set-noise.json,Result is outside the active claim ledger and remains preserved for historical review.
results/probe-meanmarg-benchmarks.json,json,60f32bb7ad034b3f9a208df1106fe0aa2608b097,60f32bb7ad034b3f9a208df1106fe0aa2608b097,SPADE_MANUFACTURING_RECOVERY,Historical or non-paper work,HISTORICAL,NONE,historical record,NONE — no active claim consumer; preserved at archive/exploratory/results/probe-meanmarg-benchmarks.json,NOT USED BY FINAL PAPER,ARCHIVE-VALID,archive/exploratory/results/probe-meanmarg-benchmarks.json,Result is outside the active claim ledger and remains preserved for historical review.
results/probe-sur-vs-straddle.json,json,2cad89f8f46f045e60b0565bbf328f4ae72a4422,2cad89f8f46f045e60b0565bbf328f4ae72a4422,SPADE_CONFIRMATION_AND_PAPER,Historical or non-paper work,HISTORICAL,NONE,historical record,NONE — no active claim consumer; preserved at archive/exploratory/results/probe-sur-vs-straddle.json,NOT USED BY FINAL PAPER,ARCHIVE-VALID,archive/exploratory/results/probe-sur-vs-straddle.json,Result is outside the active claim ledger and remains preserved for historical review.
results/probe-topk-finite-set.json,json,60f32bb7ad034b3f9a208df1106fe0aa2608b097,60f32bb7ad034b3f9a208df1106fe0aa2608b097,SPADE_MANUFACTURING_RECOVERY,Historical or non-paper work,HISTORICAL,NONE,historical record,NONE — no active claim consumer; preserved at archive/exploratory/results/probe-topk-finite-set.json,NOT USED BY FINAL PAPER,ARCHIVE-VALID,archive/exploratory/results/probe-topk-finite-set.json,Result is outside the active claim ledger and remains preserved for historical review.
results/q29-symmetric-allcells.log,log,f2ac6758a14458b4dac140521358af20c936b59a,f2ac6758a14458b4dac140521358af20c936b59a,BO_VS_DOE_TERMINAL_RULE,Historical or non-paper work,HISTORICAL,NONE,historical record,"NONE — non-canonical run artifact; canonical JSON, manifest, or producing script retained",CANONICAL OUTPUT OR MANIFEST PREFERRED,GENERATED/DISPOSABLE,archive/generated/results/q29-symmetric-allcells.log,Run log or checkpoint is not a canonical paper result; preserve outside active results.
results/q29-symmetric.log,log,b02c63d92793dde204ba2ee62e29fb20c1814683,b02c63d92793dde204ba2ee62e29fb20c1814683,BO_VS_DOE_TERMINAL_RULE,Historical or non-paper work,HISTORICAL,NONE,historical record,"NONE — non-canonical run artifact; canonical JSON, manifest, or producing script retained",CANONICAL OUTPUT OR MANIFEST PREFERRED,GENERATED/DISPOSABLE,archive/generated/results/q29-symmetric.log,Run log or checkpoint is not a canonical paper result; preserve outside active results.
results/q30-additive.json,json,2e66f88bcf72baef5a037e3bbe68f51ac32e6df5,2e66f88bcf72baef5a037e3bbe68f51ac32e6df5,DESIGN_SPACE_PRE_SPADE,Historical or non-paper work,HISTORICAL,NONE,historical record,NONE — no active claim consumer; preserved at archive/exploratory/results/q30-additive.json,NOT USED BY FINAL PAPER,ARCHIVE-VALID,archive/exploratory/results/q30-additive.json,Result is outside the active claim ledger and remains preserved for historical review.
results/q30-additive.log,log,daceb6be52b8484187e7bf7584a7d6ca3d834993,daceb6be52b8484187e7bf7584a7d6ca3d834993,BO_VS_DOE_TERMINAL_RULE,Historical or non-paper work,HISTORICAL,NONE,historical record,"NONE — non-canonical run artifact; canonical JSON, manifest, or producing script retained",CANONICAL OUTPUT OR MANIFEST PREFERRED,GENERATED/DISPOSABLE,archive/generated/results/q30-additive.log,Run log or checkpoint is not a canonical paper result; preserve outside active results.
results/q33-extrapolation.log,log,3b8f82f8687cd926555c8c42cbd080141dda9e53,3b8f82f8687cd926555c8c42cbd080141dda9e53,BO_VS_DOE_TERMINAL_RULE,Historical or non-paper work,HISTORICAL,NONE,historical record,"NONE — non-canonical run artifact; canonical JSON, manifest, or producing script retained",CANONICAL OUTPUT OR MANIFEST PREFERRED,GENERATED/DISPOSABLE,archive/generated/results/q33-extrapolation.log,Run log or checkpoint is not a canonical paper result; preserve outside active results.
results/q34-factorial.json,json,cbbff6661953f8815b99c6c071512c093f671d49,cbbff6661953f8815b99c6c071512c093f671d49,BO_VS_DOE_TERMINAL_RULE,Historical or non-paper work,HISTORICAL,NONE,historical record,NONE — no active claim consumer; preserved at archive/exploratory/results/q34-factorial.json,NOT USED BY FINAL PAPER,ARCHIVE-VALID,archive/exploratory/results/q34-factorial.json,Result is outside the active claim ledger and remains preserved for historical review.
results/q34-factorial.log,log,cbbff6661953f8815b99c6c071512c093f671d49,cbbff6661953f8815b99c6c071512c093f671d49,BO_VS_DOE_TERMINAL_RULE,Historical or non-paper work,HISTORICAL,NONE,historical record,"NONE — non-canonical run artifact; canonical JSON, manifest, or producing script retained",CANONICAL OUTPUT OR MANIFEST PREFERRED,GENERATED/DISPOSABLE,archive/generated/results/q34-factorial.log,Run log or checkpoint is not a canonical paper result; preserve outside active results.
results/q35-constrained-rsm.json,json,0cb258047dc302a17aa82fc7bdf21042016366d9,0cb258047dc302a17aa82fc7bdf21042016366d9,BO_VS_DOE_TERMINAL_RULE,Historical or non-paper work,HISTORICAL,NONE,historical record,NONE — no active claim consumer; preserved at archive/exploratory/results/q35-constrained-rsm.json,NOT USED BY FINAL PAPER,ARCHIVE-VALID,archive/exploratory/results/q35-constrained-rsm.json,Result is outside the active claim ledger and remains preserved for historical review.
results/q35-constrained-rsm.log,log,0cb258047dc302a17aa82fc7bdf21042016366d9,0cb258047dc302a17aa82fc7bdf21042016366d9,BO_VS_DOE_TERMINAL_RULE,Historical or non-paper work,HISTORICAL,NONE,historical record,"NONE — non-canonical run artifact; canonical JSON, manifest, or producing script retained",CANONICAL OUTPUT OR MANIFEST PREFERRED,GENERATED/DISPOSABLE,archive/generated/results/q35-constrained-rsm.log,Run log or checkpoint is not a canonical paper result; preserve outside active results.
results/q36-generality.json,json,9c7c96877c7dd698cb3b0eadbf5c4940c8a4f656,9c7c96877c7dd698cb3b0eadbf5c4940c8a4f656,BO_VS_DOE_TERMINAL_RULE,Historical or non-paper work,HISTORICAL,NONE,historical record,NONE — no active claim consumer; preserved at archive/exploratory/results/q36-generality.json,NOT USED BY FINAL PAPER,ARCHIVE-VALID,archive/exploratory/results/q36-generality.json,Result is outside the active claim ledger and remains preserved for historical review.
results/q36-generality.log,log,9c7c96877c7dd698cb3b0eadbf5c4940c8a4f656,9c7c96877c7dd698cb3b0eadbf5c4940c8a4f656,BO_VS_DOE_TERMINAL_RULE,Historical or non-paper work,HISTORICAL,NONE,historical record,"NONE — non-canonical run artifact; canonical JSON, manifest, or producing script retained",CANONICAL OUTPUT OR MANIFEST PREFERRED,GENERATED/DISPOSABLE,archive/generated/results/q36-generality.log,Run log or checkpoint is not a canonical paper result; preserve outside active results.
results/q37-replay-power.json,json,ab3fcd51ae68e9cbc5c266848227279aaee2b90e,ab3fcd51ae68e9cbc5c266848227279aaee2b90e,BO_VS_DOE_TERMINAL_RULE,Historical or non-paper work,HISTORICAL,NONE,historical record,NONE — no active claim consumer; preserved at archive/exploratory/results/q37-replay-power.json,NOT USED BY FINAL PAPER,ARCHIVE-VALID,archive/exploratory/results/q37-replay-power.json,Result is outside the active claim ledger and remains preserved for historical review.
results/q37-replay-power.log,log,ab3fcd51ae68e9cbc5c266848227279aaee2b90e,ab3fcd51ae68e9cbc5c266848227279aaee2b90e,BO_VS_DOE_TERMINAL_RULE,Historical or non-paper work,HISTORICAL,NONE,historical record,"NONE — non-canonical run artifact; canonical JSON, manifest, or producing script retained",CANONICAL OUTPUT OR MANIFEST PREFERRED,GENERATED/DISPOSABLE,archive/generated/results/q37-replay-power.log,Run log or checkpoint is not a canonical paper result; preserve outside active results.
results/q38-cost-model.json,json,65d3c187b5545f68741b329745bbfc90ea686487,65d3c187b5545f68741b329745bbfc90ea686487,BO_VS_DOE_TERMINAL_RULE,Historical or non-paper work,HISTORICAL,NONE,historical record,NONE — no active claim consumer; preserved at archive/exploratory/results/q38-cost-model.json,NOT USED BY FINAL PAPER,ARCHIVE-VALID,archive/exploratory/results/q38-cost-model.json,Result is outside the active claim ledger and remains preserved for historical review.
results/q38-cost-model.log,log,65d3c187b5545f68741b329745bbfc90ea686487,65d3c187b5545f68741b329745bbfc90ea686487,BO_VS_DOE_TERMINAL_RULE,Historical or non-paper work,HISTORICAL,NONE,historical record,"NONE — non-canonical run artifact; canonical JSON, manifest, or producing script retained",CANONICAL OUTPUT OR MANIFEST PREFERRED,GENERATED/DISPOSABLE,archive/generated/results/q38-cost-model.log,Run log or checkpoint is not a canonical paper result; preserve outside active results.
results/q39-multiplicity.json,json,0fbde3d9b7912f6d9949f7af04ae54c51ab80f97,cbbff6661953f8815b99c6c071512c093f671d49,BO_VS_DOE_TERMINAL_RULE,Historical or non-paper work,HISTORICAL,NONE,historical record,NONE — no active claim consumer; preserved at archive/exploratory/results/q39-multiplicity.json,NOT USED BY FINAL PAPER,ARCHIVE-VALID,archive/exploratory/results/q39-multiplicity.json,Result is outside the active claim ledger and remains preserved for historical review.
results/q39-multiplicity.log,log,0fbde3d9b7912f6d9949f7af04ae54c51ab80f97,cbbff6661953f8815b99c6c071512c093f671d49,BO_VS_DOE_TERMINAL_RULE,Historical or non-paper work,HISTORICAL,NONE,historical record,"NONE — non-canonical run artifact; canonical JSON, manifest, or producing script retained",CANONICAL OUTPUT OR MANIFEST PREFERRED,GENERATED/DISPOSABLE,archive/generated/results/q39-multiplicity.log,Run log or checkpoint is not a canonical paper result; preserve outside active results.
results/q40-critical-difference.json,json,46241b5788807e27602bdff542860464212708cd,46241b5788807e27602bdff542860464212708cd,BO_VS_DOE_TERMINAL_RULE,Historical or non-paper work,HISTORICAL,NONE,historical record,NONE — no active claim consumer; preserved at archive/exploratory/results/q40-critical-difference.json,NOT USED BY FINAL PAPER,ARCHIVE-VALID,archive/exploratory/results/q40-critical-difference.json,Result is outside the active claim ledger and remains preserved for historical review.
results/q40-critical-difference.log,log,46241b5788807e27602bdff542860464212708cd,46241b5788807e27602bdff542860464212708cd,BO_VS_DOE_TERMINAL_RULE,Historical or non-paper work,HISTORICAL,NONE,historical record,"NONE — non-canonical run artifact; canonical JSON, manifest, or producing script retained",CANONICAL OUTPUT OR MANIFEST PREFERRED,GENERATED/DISPOSABLE,archive/generated/results/q40-critical-difference.log,Run log or checkpoint is not a canonical paper result; preserve outside active results.
results/q42-ackley.log,log,74d0b4d86b4ad0db5dca7362e77ae7f08dde8c3f,74d0b4d86b4ad0db5dca7362e77ae7f08dde8c3f,BO_VS_DOE_TERMINAL_RULE,Historical or non-paper work,HISTORICAL,NONE,historical record,"NONE — non-canonical run artifact; canonical JSON, manifest, or producing script retained",CANONICAL OUTPUT OR MANIFEST PREFERRED,GENERATED/DISPOSABLE,archive/generated/results/q42-ackley.log,Run log or checkpoint is not a canonical paper result; preserve outside active results.
results/q42-families-ackley.json,json,74d0b4d86b4ad0db5dca7362e77ae7f08dde8c3f,74d0b4d86b4ad0db5dca7362e77ae7f08dde8c3f,BO_VS_DOE_TERMINAL_RULE,Historical or non-paper work,HISTORICAL,NONE,historical record,NONE — no active claim consumer; preserved at archive/exploratory/results/q42-families-ackley.json,NOT USED BY FINAL PAPER,ARCHIVE-VALID,archive/exploratory/results/q42-families-ackley.json,Result is outside the active claim ledger and remains preserved for historical review.
results/q42-families-hartmann6.json,json,74d0b4d86b4ad0db5dca7362e77ae7f08dde8c3f,9c953f26492233b1079a8330ad456ede9ff9883e,BO_VS_DOE_TERMINAL_RULE,Historical or non-paper work,HISTORICAL,NONE,historical record,NONE — no active claim consumer; preserved at archive/exploratory/results/q42-families-hartmann6.json,NOT USED BY FINAL PAPER,ARCHIVE-VALID,archive/exploratory/results/q42-families-hartmann6.json,Result is outside the active claim ledger and remains preserved for historical review.
results/q42-families-levy.json,json,74d0b4d86b4ad0db5dca7362e77ae7f08dde8c3f,74d0b4d86b4ad0db5dca7362e77ae7f08dde8c3f,BO_VS_DOE_TERMINAL_RULE,Historical or non-paper work,HISTORICAL,NONE,historical record,NONE — no active claim consumer; preserved at archive/exploratory/results/q42-families-levy.json,NOT USED BY FINAL PAPER,ARCHIVE-VALID,archive/exploratory/results/q42-families-levy.json,Result is outside the active claim ledger and remains preserved for historical review.
results/q42-families-rerun.log,log,9c953f26492233b1079a8330ad456ede9ff9883e,9c953f26492233b1079a8330ad456ede9ff9883e,BO_VS_DOE_TERMINAL_RULE,Historical or non-paper work,HISTORICAL,NONE,historical record,"NONE — non-canonical run artifact; canonical JSON, manifest, or producing script retained",CANONICAL OUTPUT OR MANIFEST PREFERRED,GENERATED/DISPOSABLE,archive/generated/results/q42-families-rerun.log,Run log or checkpoint is not a canonical paper result; preserve outside active results.
results/q42-families-rosenbrock.json,json,74d0b4d86b4ad0db5dca7362e77ae7f08dde8c3f,74d0b4d86b4ad0db5dca7362e77ae7f08dde8c3f,BO_VS_DOE_TERMINAL_RULE,Historical or non-paper work,HISTORICAL,NONE,historical record,NONE — no active claim consumer; preserved at archive/exploratory/results/q42-families-rosenbrock.json,NOT USED BY FINAL PAPER,ARCHIVE-VALID,archive/exploratory/results/q42-families-rosenbrock.json,Result is outside the active claim ledger and remains preserved for historical review.
results/q42-families.json,json,74d0b4d86b4ad0db5dca7362e77ae7f08dde8c3f,9c953f26492233b1079a8330ad456ede9ff9883e,BO_VS_DOE_TERMINAL_RULE,Historical or non-paper work,HISTORICAL,NONE,historical record,NONE — no active claim consumer; preserved at archive/exploratory/results/q42-families.json,NOT USED BY FINAL PAPER,ARCHIVE-VALID,archive/exploratory/results/q42-families.json,Result is outside the active claim ledger and remains preserved for historical review.
results/q42-families.log,log,74d0b4d86b4ad0db5dca7362e77ae7f08dde8c3f,74d0b4d86b4ad0db5dca7362e77ae7f08dde8c3f,BO_VS_DOE_TERMINAL_RULE,Historical or non-paper work,HISTORICAL,NONE,historical record,"NONE — non-canonical run artifact; canonical JSON, manifest, or producing script retained",CANONICAL OUTPUT OR MANIFEST PREFERRED,GENERATED/DISPOSABLE,archive/generated/results/q42-families.log,Run log or checkpoint is not a canonical paper result; preserve outside active results.
results/q42-hartmann6.log,log,74d0b4d86b4ad0db5dca7362e77ae7f08dde8c3f,74d0b4d86b4ad0db5dca7362e77ae7f08dde8c3f,BO_VS_DOE_TERMINAL_RULE,Historical or non-paper work,HISTORICAL,NONE,historical record,"NONE — non-canonical run artifact; canonical JSON, manifest, or producing script retained",CANONICAL OUTPUT OR MANIFEST PREFERRED,GENERATED/DISPOSABLE,archive/generated/results/q42-hartmann6.log,Run log or checkpoint is not a canonical paper result; preserve outside active results.
results/q42-levy.log,log,74d0b4d86b4ad0db5dca7362e77ae7f08dde8c3f,74d0b4d86b4ad0db5dca7362e77ae7f08dde8c3f,BO_VS_DOE_TERMINAL_RULE,Historical or non-paper work,HISTORICAL,NONE,historical record,"NONE — non-canonical run artifact; canonical JSON, manifest, or producing script retained",CANONICAL OUTPUT OR MANIFEST PREFERRED,GENERATED/DISPOSABLE,archive/generated/results/q42-levy.log,Run log or checkpoint is not a canonical paper result; preserve outside active results.
results/q42-rosenbrock.log,log,74d0b4d86b4ad0db5dca7362e77ae7f08dde8c3f,74d0b4d86b4ad0db5dca7362e77ae7f08dde8c3f,BO_VS_DOE_TERMINAL_RULE,Historical or non-paper work,HISTORICAL,NONE,historical record,"NONE — non-canonical run artifact; canonical JSON, manifest, or producing script retained",CANONICAL OUTPUT OR MANIFEST PREFERRED,GENERATED/DISPOSABLE,archive/generated/results/q42-rosenbrock.log,Run log or checkpoint is not a canonical paper result; preserve outside active results.
results/q43-attribution.json,json,58785c9b66df84b6bbb5b9797f6579b30a237eae,58785c9b66df84b6bbb5b9797f6579b30a237eae,BO_VS_DOE_TERMINAL_RULE,Historical or non-paper work,HISTORICAL,NONE,historical record,NONE — no active claim consumer; preserved at archive/exploratory/results/q43-attribution.json,NOT USED BY FINAL PAPER,ARCHIVE-VALID,archive/exploratory/results/q43-attribution.json,Result is outside the active claim ledger and remains preserved for historical review.
results/q43-attribution.log,log,58785c9b66df84b6bbb5b9797f6579b30a237eae,58785c9b66df84b6bbb5b9797f6579b30a237eae,BO_VS_DOE_TERMINAL_RULE,Historical or non-paper work,HISTORICAL,NONE,historical record,"NONE — non-canonical run artifact; canonical JSON, manifest, or producing script retained",CANONICAL OUTPUT OR MANIFEST PREFERRED,GENERATED/DISPOSABLE,archive/generated/results/q43-attribution.log,Run log or checkpoint is not a canonical paper result; preserve outside active results.
results/q45-fourfactor-refit.json,json,47045126fc7191fad084bc76ec63acfa7ff77c29,47045126fc7191fad084bc76ec63acfa7ff77c29,BO_VS_DOE_TERMINAL_RULE,Historical or non-paper work,HISTORICAL,NONE,historical record,NONE — no active claim consumer; preserved at archive/exploratory/results/q45-fourfactor-refit.json,NOT USED BY FINAL PAPER,ARCHIVE-VALID,archive/exploratory/results/q45-fourfactor-refit.json,Result is outside the active claim ledger and remains preserved for historical review.
results/q45-fourfactor-refit.log,log,47045126fc7191fad084bc76ec63acfa7ff77c29,47045126fc7191fad084bc76ec63acfa7ff77c29,BO_VS_DOE_TERMINAL_RULE,Historical or non-paper work,HISTORICAL,NONE,historical record,"NONE — non-canonical run artifact; canonical JSON, manifest, or producing script retained",CANONICAL OUTPUT OR MANIFEST PREFERRED,GENERATED/DISPOSABLE,archive/generated/results/q45-fourfactor-refit.log,Run log or checkpoint is not a canonical paper result; preserve outside active results.
results/q47-analysis.log,log,45f1a2e987eb42227d61154768e68bbf49459707,45f1a2e987eb42227d61154768e68bbf49459707,BO_VS_DOE_TERMINAL_RULE,Historical or non-paper work,HISTORICAL,NONE,historical record,"NONE — non-canonical run artifact; canonical JSON, manifest, or producing script retained",CANONICAL OUTPUT OR MANIFEST PREFERRED,GENERATED/DISPOSABLE,archive/generated/results/q47-analysis.log,Run log or checkpoint is not a canonical paper result; preserve outside active results.
results/q47-mf-6-0.1-10.json,json,45f1a2e987eb42227d61154768e68bbf49459707,45f1a2e987eb42227d61154768e68bbf49459707,BO_VS_DOE_TERMINAL_RULE,Historical or non-paper work,HISTORICAL,NONE,historical record,NONE — no active claim consumer; preserved at archive/exploratory/results/q47-mf-6-0.1-10.json,NOT USED BY FINAL PAPER,ARCHIVE-VALID,archive/exploratory/results/q47-mf-6-0.1-10.json,Result is outside the active claim ledger and remains preserved for historical review.
results/q47-mf-6-0.1-20.json,json,45f1a2e987eb42227d61154768e68bbf49459707,45f1a2e987eb42227d61154768e68bbf49459707,BO_VS_DOE_TERMINAL_RULE,Historical or non-paper work,HISTORICAL,NONE,historical record,NONE — no active claim consumer; preserved at archive/exploratory/results/q47-mf-6-0.1-20.json,NOT USED BY FINAL PAPER,ARCHIVE-VALID,archive/exploratory/results/q47-mf-6-0.1-20.json,Result is outside the active claim ledger and remains preserved for historical review.
results/q47-mf-6-0.1-3.json,json,45f1a2e987eb42227d61154768e68bbf49459707,45f1a2e987eb42227d61154768e68bbf49459707,BO_VS_DOE_TERMINAL_RULE,Historical or non-paper work,HISTORICAL,NONE,historical record,NONE — no active claim consumer; preserved at archive/exploratory/results/q47-mf-6-0.1-3.json,NOT USED BY FINAL PAPER,ARCHIVE-VALID,archive/exploratory/results/q47-mf-6-0.1-3.json,Result is outside the active claim ledger and remains preserved for historical review.
results/q47-mf-6-0.1-5.json,json,45f1a2e987eb42227d61154768e68bbf49459707,45f1a2e987eb42227d61154768e68bbf49459707,BO_VS_DOE_TERMINAL_RULE,Historical or non-paper work,HISTORICAL,NONE,historical record,NONE — no active claim consumer; preserved at archive/exploratory/results/q47-mf-6-0.1-5.json,NOT USED BY FINAL PAPER,ARCHIVE-VALID,archive/exploratory/results/q47-mf-6-0.1-5.json,Result is outside the active claim ledger and remains preserved for historical review.
results/q47-mf-6-0.25-10.json,json,45f1a2e987eb42227d61154768e68bbf49459707,45f1a2e987eb42227d61154768e68bbf49459707,BO_VS_DOE_TERMINAL_RULE,Historical or non-paper work,HISTORICAL,NONE,historical record,NONE — no active claim consumer; preserved at archive/exploratory/results/q47-mf-6-0.25-10.json,NOT USED BY FINAL PAPER,ARCHIVE-VALID,archive/exploratory/results/q47-mf-6-0.25-10.json,Result is outside the active claim ledger and remains preserved for historical review.
results/q47-mf-6-0.25-20-fixedcal.json,json,45f1a2e987eb42227d61154768e68bbf49459707,45f1a2e987eb42227d61154768e68bbf49459707,BO_VS_DOE_TERMINAL_RULE,Historical or non-paper work,HISTORICAL,NONE,historical record,NONE — no active claim consumer; preserved at archive/exploratory/results/q47-mf-6-0.25-20-fixedcal.json,NOT USED BY FINAL PAPER,ARCHIVE-VALID,archive/exploratory/results/q47-mf-6-0.25-20-fixedcal.json,Result is outside the active claim ledger and remains preserved for historical review.
results/q47-mf-6-0.25-20-phi0.25.json,json,45f1a2e987eb42227d61154768e68bbf49459707,45f1a2e987eb42227d61154768e68bbf49459707,BO_VS_DOE_TERMINAL_RULE,Historical or non-paper work,HISTORICAL,NONE,historical record,NONE — no active claim consumer; preserved at archive/exploratory/results/q47-mf-6-0.25-20-phi0.25.json,NOT USED BY FINAL PAPER,ARCHIVE-VALID,archive/exploratory/results/q47-mf-6-0.25-20-phi0.25.json,Result is outside the active claim ledger and remains preserved for historical review.
results/q47-mf-6-0.25-20-phi0.50.json,json,45f1a2e987eb42227d61154768e68bbf49459707,45f1a2e987eb42227d61154768e68bbf49459707,BO_VS_DOE_TERMINAL_RULE,Historical or non-paper work,HISTORICAL,NONE,historical record,NONE — no active claim consumer; preserved at archive/exploratory/results/q47-mf-6-0.25-20-phi0.50.json,NOT USED BY FINAL PAPER,ARCHIVE-VALID,archive/exploratory/results/q47-mf-6-0.25-20-phi0.50.json,Result is outside the active claim ledger and remains preserved for historical review.
results/q47-mf-6-0.25-20.json,json,45f1a2e987eb42227d61154768e68bbf49459707,45f1a2e987eb42227d61154768e68bbf49459707,BO_VS_DOE_TERMINAL_RULE,Historical or non-paper work,HISTORICAL,NONE,historical record,NONE — no active claim consumer; preserved at archive/exploratory/results/q47-mf-6-0.25-20.json,NOT USED BY FINAL PAPER,ARCHIVE-VALID,archive/exploratory/results/q47-mf-6-0.25-20.json,Result is outside the active claim ledger and remains preserved for historical review.
results/q47-mf-6-0.25-3.json,json,45f1a2e987eb42227d61154768e68bbf49459707,45f1a2e987eb42227d61154768e68bbf49459707,BO_VS_DOE_TERMINAL_RULE,Historical or non-paper work,HISTORICAL,NONE,historical record,NONE — no active claim consumer; preserved at archive/exploratory/results/q47-mf-6-0.25-3.json,NOT USED BY FINAL PAPER,ARCHIVE-VALID,archive/exploratory/results/q47-mf-6-0.25-3.json,Result is outside the active claim ledger and remains preserved for historical review.
results/q47-mf-6-0.25-5-fixedcal.json,json,45f1a2e987eb42227d61154768e68bbf49459707,45f1a2e987eb42227d61154768e68bbf49459707,BO_VS_DOE_TERMINAL_RULE,Historical or non-paper work,HISTORICAL,NONE,historical record,NONE — no active claim consumer; preserved at archive/exploratory/results/q47-mf-6-0.25-5-fixedcal.json,NOT USED BY FINAL PAPER,ARCHIVE-VALID,archive/exploratory/results/q47-mf-6-0.25-5-fixedcal.json,Result is outside the active claim ledger and remains preserved for historical review.
results/q47-mf-6-0.25-5-phi0.25.json,json,45f1a2e987eb42227d61154768e68bbf49459707,45f1a2e987eb42227d61154768e68bbf49459707,BO_VS_DOE_TERMINAL_RULE,Historical or non-paper work,HISTORICAL,NONE,historical record,NONE — no active claim consumer; preserved at archive/exploratory/results/q47-mf-6-0.25-5-phi0.25.json,NOT USED BY FINAL PAPER,ARCHIVE-VALID,archive/exploratory/results/q47-mf-6-0.25-5-phi0.25.json,Result is outside the active claim ledger and remains preserved for historical review.
results/q47-mf-6-0.25-5-phi0.50.json,json,45f1a2e987eb42227d61154768e68bbf49459707,45f1a2e987eb42227d61154768e68bbf49459707,BO_VS_DOE_TERMINAL_RULE,Historical or non-paper work,HISTORICAL,NONE,historical record,NONE — no active claim consumer; preserved at archive/exploratory/results/q47-mf-6-0.25-5-phi0.50.json,NOT USED BY FINAL PAPER,ARCHIVE-VALID,archive/exploratory/results/q47-mf-6-0.25-5-phi0.50.json,Result is outside the active claim ledger and remains preserved for historical review.
results/q47-mf-6-0.25-5.json,json,45f1a2e987eb42227d61154768e68bbf49459707,45f1a2e987eb42227d61154768e68bbf49459707,BO_VS_DOE_TERMINAL_RULE,Historical or non-paper work,HISTORICAL,NONE,historical record,NONE — no active claim consumer; preserved at archive/exploratory/results/q47-mf-6-0.25-5.json,NOT USED BY FINAL PAPER,ARCHIVE-VALID,archive/exploratory/results/q47-mf-6-0.25-5.json,Result is outside the active claim ledger and remains preserved for historical review.
results/q47-mf-8-0.1-10.json,json,45f1a2e987eb42227d61154768e68bbf49459707,45f1a2e987eb42227d61154768e68bbf49459707,BO_VS_DOE_TERMINAL_RULE,Historical or non-paper work,HISTORICAL,NONE,historical record,NONE — no active claim consumer; preserved at archive/exploratory/results/q47-mf-8-0.1-10.json,NOT USED BY FINAL PAPER,ARCHIVE-VALID,archive/exploratory/results/q47-mf-8-0.1-10.json,Result is outside the active claim ledger and remains preserved for historical review.
results/q47-mf-8-0.1-20.json,json,45f1a2e987eb42227d61154768e68bbf49459707,45f1a2e987eb42227d61154768e68bbf49459707,BO_VS_DOE_TERMINAL_RULE,Historical or non-paper work,HISTORICAL,NONE,historical record,NONE — no active claim consumer; preserved at archive/exploratory/results/q47-mf-8-0.1-20.json,NOT USED BY FINAL PAPER,ARCHIVE-VALID,archive/exploratory/results/q47-mf-8-0.1-20.json,Result is outside the active claim ledger and remains preserved for historical review.
results/q47-mf-8-0.1-3.json,json,45f1a2e987eb42227d61154768e68bbf49459707,45f1a2e987eb42227d61154768e68bbf49459707,BO_VS_DOE_TERMINAL_RULE,Historical or non-paper work,HISTORICAL,NONE,historical record,NONE — no active claim consumer; preserved at archive/exploratory/results/q47-mf-8-0.1-3.json,NOT USED BY FINAL PAPER,ARCHIVE-VALID,archive/exploratory/results/q47-mf-8-0.1-3.json,Result is outside the active claim ledger and remains preserved for historical review.
results/q47-mf-8-0.1-5.json,json,45f1a2e987eb42227d61154768e68bbf49459707,45f1a2e987eb42227d61154768e68bbf49459707,BO_VS_DOE_TERMINAL_RULE,Historical or non-paper work,HISTORICAL,NONE,historical record,NONE — no active claim consumer; preserved at archive/exploratory/results/q47-mf-8-0.1-5.json,NOT USED BY FINAL PAPER,ARCHIVE-VALID,archive/exploratory/results/q47-mf-8-0.1-5.json,Result is outside the active claim ledger and remains preserved for historical review.
results/q47-mf-8-0.25-10.json,json,45f1a2e987eb42227d61154768e68bbf49459707,45f1a2e987eb42227d61154768e68bbf49459707,BO_VS_DOE_TERMINAL_RULE,Historical or non-paper work,HISTORICAL,NONE,historical record,NONE — no active claim consumer; preserved at archive/exploratory/results/q47-mf-8-0.25-10.json,NOT USED BY FINAL PAPER,ARCHIVE-VALID,archive/exploratory/results/q47-mf-8-0.25-10.json,Result is outside the active claim ledger and remains preserved for historical review.
results/q47-mf-8-0.25-20.json,json,45f1a2e987eb42227d61154768e68bbf49459707,45f1a2e987eb42227d61154768e68bbf49459707,BO_VS_DOE_TERMINAL_RULE,Historical or non-paper work,HISTORICAL,NONE,historical record,NONE — no active claim consumer; preserved at archive/exploratory/results/q47-mf-8-0.25-20.json,NOT USED BY FINAL PAPER,ARCHIVE-VALID,archive/exploratory/results/q47-mf-8-0.25-20.json,Result is outside the active claim ledger and remains preserved for historical review.
results/q47-mf-8-0.25-3.json,json,45f1a2e987eb42227d61154768e68bbf49459707,45f1a2e987eb42227d61154768e68bbf49459707,BO_VS_DOE_TERMINAL_RULE,Historical or non-paper work,HISTORICAL,NONE,historical record,NONE — no active claim consumer; preserved at archive/exploratory/results/q47-mf-8-0.25-3.json,NOT USED BY FINAL PAPER,ARCHIVE-VALID,archive/exploratory/results/q47-mf-8-0.25-3.json,Result is outside the active claim ledger and remains preserved for historical review.
results/q47-mf-8-0.25-5.json,json,45f1a2e987eb42227d61154768e68bbf49459707,45f1a2e987eb42227d61154768e68bbf49459707,BO_VS_DOE_TERMINAL_RULE,Historical or non-paper work,HISTORICAL,NONE,historical record,NONE — no active claim consumer; preserved at archive/exploratory/results/q47-mf-8-0.25-5.json,NOT USED BY FINAL PAPER,ARCHIVE-VALID,archive/exploratory/results/q47-mf-8-0.25-5.json,Result is outside the active claim ledger and remains preserved for historical review.
results/q47-multifidelity.json,json,45f1a2e987eb42227d61154768e68bbf49459707,45f1a2e987eb42227d61154768e68bbf49459707,BO_VS_DOE_TERMINAL_RULE,Historical or non-paper work,HISTORICAL,NONE,historical record,NONE — no active claim consumer; preserved at archive/exploratory/results/q47-multifidelity.json,NOT USED BY FINAL PAPER,ARCHIVE-VALID,archive/exploratory/results/q47-multifidelity.json,Result is outside the active claim ledger and remains preserved for historical review.
results/q47-multifidelity.log,log,45f1a2e987eb42227d61154768e68bbf49459707,45f1a2e987eb42227d61154768e68bbf49459707,BO_VS_DOE_TERMINAL_RULE,Historical or non-paper work,HISTORICAL,NONE,historical record,"NONE — non-canonical run artifact; canonical JSON, manifest, or producing script retained",CANONICAL OUTPUT OR MANIFEST PREFERRED,GENERATED/DISPOSABLE,archive/generated/results/q47-multifidelity.log,Run log or checkpoint is not a canonical paper result; preserve outside active results.
results/q47-prediction.log,log,89a2a0281adcef195679ec233a812b36fa2d33be,89a2a0281adcef195679ec233a812b36fa2d33be,BO_VS_DOE_TERMINAL_RULE,Historical or non-paper work,HISTORICAL,NONE,historical record,"NONE — non-canonical run artifact; canonical JSON, manifest, or producing script retained",CANONICAL OUTPUT OR MANIFEST PREFERRED,GENERATED/DISPOSABLE,archive/generated/results/q47-prediction.log,Run log or checkpoint is not a canonical paper result; preserve outside active results.
results/q47-shards.log,log,45f1a2e987eb42227d61154768e68bbf49459707,45f1a2e987eb42227d61154768e68bbf49459707,BO_VS_DOE_TERMINAL_RULE,Historical or non-paper work,HISTORICAL,NONE,historical record,"NONE — non-canonical run artifact; canonical JSON, manifest, or producing script retained",CANONICAL OUTPUT OR MANIFEST PREFERRED,GENERATED/DISPOSABLE,archive/generated/results/q47-shards.log,Run log or checkpoint is not a canonical paper result; preserve outside active results.
results/q48-design-variance.json,json,a2ff573fed7b68971eea156b0e0c5d7663b78ea4,b576491eac86c7d9e6dc81b8a8c51e355efdc43b,BO_VS_DOE_TERMINAL_RULE,Historical or non-paper work,HISTORICAL,NONE,historical record,NONE — no active claim consumer; preserved at archive/exploratory/results/q48-design-variance.json,NOT USED BY FINAL PAPER,ARCHIVE-VALID,archive/exploratory/results/q48-design-variance.json,Result is outside the active claim ledger and remains preserved for historical review.
results/q48-design-variance.log,log,a2ff573fed7b68971eea156b0e0c5d7663b78ea4,a2ff573fed7b68971eea156b0e0c5d7663b78ea4,BO_VS_DOE_TERMINAL_RULE,Historical or non-paper work,HISTORICAL,NONE,historical record,"NONE — non-canonical run artifact; canonical JSON, manifest, or producing script retained",CANONICAL OUTPUT OR MANIFEST PREFERRED,GENERATED/DISPOSABLE,archive/generated/results/q48-design-variance.log,Run log or checkpoint is not a canonical paper result; preserve outside active results.
results/q49-noise-threshold.json,json,3fdb618dbbbc9556c3a95292ca91d6c9b27490eb,3fdb618dbbbc9556c3a95292ca91d6c9b27490eb,BO_VS_DOE_TERMINAL_RULE,Historical or non-paper work,HISTORICAL,NONE,historical record,NONE — no active claim consumer; preserved at archive/exploratory/results/q49-noise-threshold.json,NOT USED BY FINAL PAPER,ARCHIVE-VALID,archive/exploratory/results/q49-noise-threshold.json,Result is outside the active claim ledger and remains preserved for historical review.
results/q49-noise-threshold.log,log,3fdb618dbbbc9556c3a95292ca91d6c9b27490eb,3fdb618dbbbc9556c3a95292ca91d6c9b27490eb,BO_VS_DOE_TERMINAL_RULE,Historical or non-paper work,HISTORICAL,NONE,historical record,"NONE — non-canonical run artifact; canonical JSON, manifest, or producing script retained",CANONICAL OUTPUT OR MANIFEST PREFERRED,GENERATED/DISPOSABLE,archive/generated/results/q49-noise-threshold.log,Run log or checkpoint is not a canonical paper result; preserve outside active results.
results/q50-paired.json,json,9a2161ba162ccdc947eb7a96f58fb0405e2cacd6,b576491eac86c7d9e6dc81b8a8c51e355efdc43b,BO_VS_DOE_TERMINAL_RULE,Historical or non-paper work,HISTORICAL,NONE,historical record,NONE — no active claim consumer; preserved at archive/exploratory/results/q50-paired.json,NOT USED BY FINAL PAPER,ARCHIVE-VALID,archive/exploratory/results/q50-paired.json,Result is outside the active claim ledger and remains preserved for historical review.
results/q50-qlogei-g00.json,json,44d85bffbac84a87ef1025e34b211579e52369ad,44d85bffbac84a87ef1025e34b211579e52369ad,BO_VS_DOE_TERMINAL_RULE,Historical or non-paper work,HISTORICAL,NONE,historical record,NONE — no active claim consumer; preserved at archive/exploratory/results/q50-qlogei-g00.json,NOT USED BY FINAL PAPER,ARCHIVE-VALID,archive/exploratory/results/q50-qlogei-g00.json,Result is outside the active claim ledger and remains preserved for historical review.
results/q50-qlogei-g01.json,json,44d85bffbac84a87ef1025e34b211579e52369ad,44d85bffbac84a87ef1025e34b211579e52369ad,BO_VS_DOE_TERMINAL_RULE,Historical or non-paper work,HISTORICAL,NONE,historical record,NONE — no active claim consumer; preserved at archive/exploratory/results/q50-qlogei-g01.json,NOT USED BY FINAL PAPER,ARCHIVE-VALID,archive/exploratory/results/q50-qlogei-g01.json,Result is outside the active claim ledger and remains preserved for historical review.
results/q50-qlogei-g02.json,json,44d85bffbac84a87ef1025e34b211579e52369ad,44d85bffbac84a87ef1025e34b211579e52369ad,BO_VS_DOE_TERMINAL_RULE,Historical or non-paper work,HISTORICAL,NONE,historical record,NONE — no active claim consumer; preserved at archive/exploratory/results/q50-qlogei-g02.json,NOT USED BY FINAL PAPER,ARCHIVE-VALID,archive/exploratory/results/q50-qlogei-g02.json,Result is outside the active claim ledger and remains preserved for historical review.
results/q50-qlogei-g03.json,json,44d85bffbac84a87ef1025e34b211579e52369ad,44d85bffbac84a87ef1025e34b211579e52369ad,BO_VS_DOE_TERMINAL_RULE,Historical or non-paper work,HISTORICAL,NONE,historical record,NONE — no active claim consumer; preserved at archive/exploratory/results/q50-qlogei-g03.json,NOT USED BY FINAL PAPER,ARCHIVE-VALID,archive/exploratory/results/q50-qlogei-g03.json,Result is outside the active claim ledger and remains preserved for historical review.
results/q50-qlogei-g04.json,json,44d85bffbac84a87ef1025e34b211579e52369ad,44d85bffbac84a87ef1025e34b211579e52369ad,BO_VS_DOE_TERMINAL_RULE,Historical or non-paper work,HISTORICAL,NONE,historical record,NONE — no active claim consumer; preserved at archive/exploratory/results/q50-qlogei-g04.json,NOT USED BY FINAL PAPER,ARCHIVE-VALID,archive/exploratory/results/q50-qlogei-g04.json,Result is outside the active claim ledger and remains preserved for historical review.
results/q50-qlogei-g05.json,json,44d85bffbac84a87ef1025e34b211579e52369ad,44d85bffbac84a87ef1025e34b211579e52369ad,BO_VS_DOE_TERMINAL_RULE,Historical or non-paper work,HISTORICAL,NONE,historical record,NONE — no active claim consumer; preserved at archive/exploratory/results/q50-qlogei-g05.json,NOT USED BY FINAL PAPER,ARCHIVE-VALID,archive/exploratory/results/q50-qlogei-g05.json,Result is outside the active claim ledger and remains preserved for historical review.
results/q50-qlogei-g06.json,json,44d85bffbac84a87ef1025e34b211579e52369ad,44d85bffbac84a87ef1025e34b211579e52369ad,BO_VS_DOE_TERMINAL_RULE,Historical or non-paper work,HISTORICAL,NONE,historical record,NONE — no active claim consumer; preserved at archive/exploratory/results/q50-qlogei-g06.json,NOT USED BY FINAL PAPER,ARCHIVE-VALID,archive/exploratory/results/q50-qlogei-g06.json,Result is outside the active claim ledger and remains preserved for historical review.
results/q50-qlogei-g07.json,json,44d85bffbac84a87ef1025e34b211579e52369ad,44d85bffbac84a87ef1025e34b211579e52369ad,BO_VS_DOE_TERMINAL_RULE,Historical or non-paper work,HISTORICAL,NONE,historical record,NONE — no active claim consumer; preserved at archive/exploratory/results/q50-qlogei-g07.json,NOT USED BY FINAL PAPER,ARCHIVE-VALID,archive/exploratory/results/q50-qlogei-g07.json,Result is outside the active claim ledger and remains preserved for historical review.
results/q50-qlogei-g08.json,json,c31437f1143e08650488829d4d6bedb53e97b782,c31437f1143e08650488829d4d6bedb53e97b782,BO_VS_DOE_TERMINAL_RULE,Historical or non-paper work,HISTORICAL,NONE,historical record,NONE — no active claim consumer; preserved at archive/exploratory/results/q50-qlogei-g08.json,NOT USED BY FINAL PAPER,ARCHIVE-VALID,archive/exploratory/results/q50-qlogei-g08.json,Result is outside the active claim ledger and remains preserved for historical review.
results/q50-qlogei-g09.json,json,c31437f1143e08650488829d4d6bedb53e97b782,c31437f1143e08650488829d4d6bedb53e97b782,BO_VS_DOE_TERMINAL_RULE,Historical or non-paper work,HISTORICAL,NONE,historical record,NONE — no active claim consumer; preserved at archive/exploratory/results/q50-qlogei-g09.json,NOT USED BY FINAL PAPER,ARCHIVE-VALID,archive/exploratory/results/q50-qlogei-g09.json,Result is outside the active claim ledger and remains preserved for historical review.
results/q50-qlogei-g10.json,json,c31437f1143e08650488829d4d6bedb53e97b782,c31437f1143e08650488829d4d6bedb53e97b782,BO_VS_DOE_TERMINAL_RULE,Historical or non-paper work,HISTORICAL,NONE,historical record,NONE — no active claim consumer; preserved at archive/exploratory/results/q50-qlogei-g10.json,NOT USED BY FINAL PAPER,ARCHIVE-VALID,archive/exploratory/results/q50-qlogei-g10.json,Result is outside the active claim ledger and remains preserved for historical review.
results/q50-qlogei-g11.json,json,c31437f1143e08650488829d4d6bedb53e97b782,c31437f1143e08650488829d4d6bedb53e97b782,BO_VS_DOE_TERMINAL_RULE,Historical or non-paper work,HISTORICAL,NONE,historical record,NONE — no active claim consumer; preserved at archive/exploratory/results/q50-qlogei-g11.json,NOT USED BY FINAL PAPER,ARCHIVE-VALID,archive/exploratory/results/q50-qlogei-g11.json,Result is outside the active claim ledger and remains preserved for historical review.
results/q50-qlogei-g12.json,json,c31437f1143e08650488829d4d6bedb53e97b782,c31437f1143e08650488829d4d6bedb53e97b782,BO_VS_DOE_TERMINAL_RULE,Historical or non-paper work,HISTORICAL,NONE,historical record,NONE — no active claim consumer; preserved at archive/exploratory/results/q50-qlogei-g12.json,NOT USED BY FINAL PAPER,ARCHIVE-VALID,archive/exploratory/results/q50-qlogei-g12.json,Result is outside the active claim ledger and remains preserved for historical review.
results/q50-qlogei-g13.json,json,c31437f1143e08650488829d4d6bedb53e97b782,c31437f1143e08650488829d4d6bedb53e97b782,BO_VS_DOE_TERMINAL_RULE,Historical or non-paper work,HISTORICAL,NONE,historical record,NONE — no active claim consumer; preserved at archive/exploratory/results/q50-qlogei-g13.json,NOT USED BY FINAL PAPER,ARCHIVE-VALID,archive/exploratory/results/q50-qlogei-g13.json,Result is outside the active claim ledger and remains preserved for historical review.
results/q50-qlogei-g14.json,json,c31437f1143e08650488829d4d6bedb53e97b782,c31437f1143e08650488829d4d6bedb53e97b782,BO_VS_DOE_TERMINAL_RULE,Historical or non-paper work,HISTORICAL,NONE,historical record,NONE — no active claim consumer; preserved at archive/exploratory/results/q50-qlogei-g14.json,NOT USED BY FINAL PAPER,ARCHIVE-VALID,archive/exploratory/results/q50-qlogei-g14.json,Result is outside the active claim ledger and remains preserved for historical review.
results/q50-qlogei-g15.json,json,c31437f1143e08650488829d4d6bedb53e97b782,c31437f1143e08650488829d4d6bedb53e97b782,BO_VS_DOE_TERMINAL_RULE,Historical or non-paper work,HISTORICAL,NONE,historical record,NONE — no active claim consumer; preserved at archive/exploratory/results/q50-qlogei-g15.json,NOT USED BY FINAL PAPER,ARCHIVE-VALID,archive/exploratory/results/q50-qlogei-g15.json,Result is outside the active claim ledger and remains preserved for historical review.
results/q50-qlogei-g16.json,json,c31437f1143e08650488829d4d6bedb53e97b782,c31437f1143e08650488829d4d6bedb53e97b782,BO_VS_DOE_TERMINAL_RULE,Historical or non-paper work,HISTORICAL,NONE,historical record,NONE — no active claim consumer; preserved at archive/exploratory/results/q50-qlogei-g16.json,NOT USED BY FINAL PAPER,ARCHIVE-VALID,archive/exploratory/results/q50-qlogei-g16.json,Result is outside the active claim ledger and remains preserved for historical review.
results/q50-qlogei-g17.json,json,c31437f1143e08650488829d4d6bedb53e97b782,c31437f1143e08650488829d4d6bedb53e97b782,BO_VS_DOE_TERMINAL_RULE,Historical or non-paper work,HISTORICAL,NONE,historical record,NONE — no active claim consumer; preserved at archive/exploratory/results/q50-qlogei-g17.json,NOT USED BY FINAL PAPER,ARCHIVE-VALID,archive/exploratory/results/q50-qlogei-g17.json,Result is outside the active claim ledger and remains preserved for historical review.
results/q50-qlogei-g18.json,json,c31437f1143e08650488829d4d6bedb53e97b782,c31437f1143e08650488829d4d6bedb53e97b782,BO_VS_DOE_TERMINAL_RULE,Historical or non-paper work,HISTORICAL,NONE,historical record,NONE — no active claim consumer; preserved at archive/exploratory/results/q50-qlogei-g18.json,NOT USED BY FINAL PAPER,ARCHIVE-VALID,archive/exploratory/results/q50-qlogei-g18.json,Result is outside the active claim ledger and remains preserved for historical review.
results/q50-qlogei-g19.json,json,c31437f1143e08650488829d4d6bedb53e97b782,c31437f1143e08650488829d4d6bedb53e97b782,BO_VS_DOE_TERMINAL_RULE,Historical or non-paper work,HISTORICAL,NONE,historical record,NONE — no active claim consumer; preserved at archive/exploratory/results/q50-qlogei-g19.json,NOT USED BY FINAL PAPER,ARCHIVE-VALID,archive/exploratory/results/q50-qlogei-g19.json,Result is outside the active claim ledger and remains preserved for historical review.
results/q50-qlogei-seedsweep.json,json,44d85bffbac84a87ef1025e34b211579e52369ad,c31437f1143e08650488829d4d6bedb53e97b782,BO_VS_DOE_TERMINAL_RULE,Historical or non-paper work,HISTORICAL,NONE,historical record,NONE — no active claim consumer; preserved at archive/exploratory/results/q50-qlogei-seedsweep.json,NOT USED BY FINAL PAPER,ARCHIVE-VALID,archive/exploratory/results/q50-qlogei-seedsweep.json,Result is outside the active claim ledger and remains preserved for historical review.
results/q50-qlogei-seedsweep.log,log,44d85bffbac84a87ef1025e34b211579e52369ad,44d85bffbac84a87ef1025e34b211579e52369ad,BO_VS_DOE_TERMINAL_RULE,Historical or non-paper work,HISTORICAL,NONE,historical record,"NONE — non-canonical run artifact; canonical JSON, manifest, or producing script retained",CANONICAL OUTPUT OR MANIFEST PREFERRED,GENERATED/DISPOSABLE,archive/generated/results/q50-qlogei-seedsweep.log,Run log or checkpoint is not a canonical paper result; preserve outside active results.
results/q50-shards-run2.log,log,c31437f1143e08650488829d4d6bedb53e97b782,c31437f1143e08650488829d4d6bedb53e97b782,BO_VS_DOE_TERMINAL_RULE,Historical or non-paper work,HISTORICAL,NONE,historical record,"NONE — non-canonical run artifact; canonical JSON, manifest, or producing script retained",CANONICAL OUTPUT OR MANIFEST PREFERRED,GENERATED/DISPOSABLE,archive/generated/results/q50-shards-run2.log,Run log or checkpoint is not a canonical paper result; preserve outside active results.
results/q50-shards.log,log,44d85bffbac84a87ef1025e34b211579e52369ad,44d85bffbac84a87ef1025e34b211579e52369ad,BO_VS_DOE_TERMINAL_RULE,Historical or non-paper work,HISTORICAL,NONE,historical record,"NONE — non-canonical run artifact; canonical JSON, manifest, or producing script retained",CANONICAL OUTPUT OR MANIFEST PREFERRED,GENERATED/DISPOSABLE,archive/generated/results/q50-shards.log,Run log or checkpoint is not a canonical paper result; preserve outside active results.
results/q51-hartmann6-8d.log,log,9c953f26492233b1079a8330ad456ede9ff9883e,9c953f26492233b1079a8330ad456ede9ff9883e,BO_VS_DOE_TERMINAL_RULE,Historical or non-paper work,HISTORICAL,NONE,historical record,"NONE — non-canonical run artifact; canonical JSON, manifest, or producing script retained",CANONICAL OUTPUT OR MANIFEST PREFERRED,GENERATED/DISPOSABLE,archive/generated/results/q51-hartmann6-8d.log,Run log or checkpoint is not a canonical paper result; preserve outside active results.
results/q52-budget-to-target.json,json,aff36a9595ee3334a20ab1bdfe0bf869f612ca37,aff36a9595ee3334a20ab1bdfe0bf869f612ca37,BO_VS_DOE_TERMINAL_RULE,Historical or non-paper work,HISTORICAL,NONE,historical record,NONE — no active claim consumer; preserved at archive/exploratory/results/q52-budget-to-target.json,NOT USED BY FINAL PAPER,ARCHIVE-VALID,archive/exploratory/results/q52-budget-to-target.json,Result is outside the active claim ledger and remains preserved for historical review.
results/q52-budget-to-target.log,log,aff36a9595ee3334a20ab1bdfe0bf869f612ca37,aff36a9595ee3334a20ab1bdfe0bf869f612ca37,BO_VS_DOE_TERMINAL_RULE,Historical or non-paper work,HISTORICAL,NONE,historical record,"NONE — non-canonical run artifact; canonical JSON, manifest, or producing script retained",CANONICAL OUTPUT OR MANIFEST PREFERRED,GENERATED/DISPOSABLE,archive/generated/results/q52-budget-to-target.log,Run log or checkpoint is not a canonical paper result; preserve outside active results.
results/q52-flatten.json,json,01ba954a4157cac428028e035b0b6d8e180b86e8,01ba954a4157cac428028e035b0b6d8e180b86e8,BO_VS_DOE_TERMINAL_RULE,Historical or non-paper work,HISTORICAL,NONE,historical record,NONE — no active claim consumer; preserved at archive/exploratory/results/q52-flatten.json,NOT USED BY FINAL PAPER,ARCHIVE-VALID,archive/exploratory/results/q52-flatten.json,Result is outside the active claim ledger and remains preserved for historical review.
results/q52-flatten.log,log,01ba954a4157cac428028e035b0b6d8e180b86e8,3aa670184818b0b5d63d4848738873e2d65cc7c4,BO_VS_DOE_TERMINAL_RULE,Historical or non-paper work,HISTORICAL,NONE,historical record,"NONE — non-canonical run artifact; canonical JSON, manifest, or producing script retained",CANONICAL OUTPUT OR MANIFEST PREFERRED,GENERATED/DISPOSABLE,archive/generated/results/q52-flatten.log,Run log or checkpoint is not a canonical paper result; preserve outside active results.
results/q52-floor.json,json,f7555aee659438fc659eb66006020283050074f5,f7555aee659438fc659eb66006020283050074f5,BO_VS_DOE_TERMINAL_RULE,Historical or non-paper work,HISTORICAL,NONE,historical record,NONE — no active claim consumer; preserved at archive/exploratory/results/q52-floor.json,NOT USED BY FINAL PAPER,ARCHIVE-VALID,archive/exploratory/results/q52-floor.json,Result is outside the active claim ledger and remains preserved for historical review.
results/q52-floor.log,log,f7555aee659438fc659eb66006020283050074f5,f7555aee659438fc659eb66006020283050074f5,BO_VS_DOE_TERMINAL_RULE,Historical or non-paper work,HISTORICAL,NONE,historical record,"NONE — non-canonical run artifact; canonical JSON, manifest, or producing script retained",CANONICAL OUTPUT OR MANIFEST PREFERRED,GENERATED/DISPOSABLE,archive/generated/results/q52-floor.log,Run log or checkpoint is not a canonical paper result; preserve outside active results.
results/q52-rounds-to-arrival.json,json,1cdc4481d75c4c9236c47f24b94866d6834b4eba,1cdc4481d75c4c9236c47f24b94866d6834b4eba,BO_VS_DOE_TERMINAL_RULE,Historical or non-paper work,HISTORICAL,NONE,historical record,NONE — no active claim consumer; preserved at archive/exploratory/results/q52-rounds-to-arrival.json,NOT USED BY FINAL PAPER,ARCHIVE-VALID,archive/exploratory/results/q52-rounds-to-arrival.json,Result is outside the active claim ledger and remains preserved for historical review.
results/q53-ackley.log,log,fe04ec34b6ce80793fe431cf6a467678fce49765,fe04ec34b6ce80793fe431cf6a467678fce49765,BO_VS_DOE_TERMINAL_RULE,Historical or non-paper work,HISTORICAL,NONE,historical record,"NONE — non-canonical run artifact; canonical JSON, manifest, or producing script retained",CANONICAL OUTPUT OR MANIFEST PREFERRED,GENERATED/DISPOSABLE,archive/generated/results/q53-ackley.log,Run log or checkpoint is not a canonical paper result; preserve outside active results.
results/q53-fidelity-gate.json,json,fe04ec34b6ce80793fe431cf6a467678fce49765,fe04ec34b6ce80793fe431cf6a467678fce49765,BO_VS_DOE_TERMINAL_RULE,Historical or non-paper work,HISTORICAL,NONE,historical record,NONE — no active claim consumer; preserved at archive/exploratory/results/q53-fidelity-gate.json,NOT USED BY FINAL PAPER,ARCHIVE-VALID,archive/exploratory/results/q53-fidelity-gate.json,Result is outside the active claim ledger and remains preserved for historical review.
results/q53-hartmann6.log,log,fe04ec34b6ce80793fe431cf6a467678fce49765,fe04ec34b6ce80793fe431cf6a467678fce49765,BO_VS_DOE_TERMINAL_RULE,Historical or non-paper work,HISTORICAL,NONE,historical record,"NONE — non-canonical run artifact; canonical JSON, manifest, or producing script retained",CANONICAL OUTPUT OR MANIFEST PREFERRED,GENERATED/DISPOSABLE,archive/generated/results/q53-hartmann6.log,Run log or checkpoint is not a canonical paper result; preserve outside active results.
results/q53-levy.log,log,fe04ec34b6ce80793fe431cf6a467678fce49765,fe04ec34b6ce80793fe431cf6a467678fce49765,BO_VS_DOE_TERMINAL_RULE,Historical or non-paper work,HISTORICAL,NONE,historical record,"NONE — non-canonical run artifact; canonical JSON, manifest, or producing script retained",CANONICAL OUTPUT OR MANIFEST PREFERRED,GENERATED/DISPOSABLE,archive/generated/results/q53-levy.log,Run log or checkpoint is not a canonical paper result; preserve outside active results.
results/q53-rosenbrock.log,log,fe04ec34b6ce80793fe431cf6a467678fce49765,fe04ec34b6ce80793fe431cf6a467678fce49765,BO_VS_DOE_TERMINAL_RULE,Historical or non-paper work,HISTORICAL,NONE,historical record,"NONE — non-canonical run artifact; canonical JSON, manifest, or producing script retained",CANONICAL OUTPUT OR MANIFEST PREFERRED,GENERATED/DISPOSABLE,archive/generated/results/q53-rosenbrock.log,Run log or checkpoint is not a canonical paper result; preserve outside active results.
results/q53-sequential.log,log,fe04ec34b6ce80793fe431cf6a467678fce49765,fe04ec34b6ce80793fe431cf6a467678fce49765,BO_VS_DOE_TERMINAL_RULE,Historical or non-paper work,HISTORICAL,NONE,historical record,"NONE — non-canonical run artifact; canonical JSON, manifest, or producing script retained",CANONICAL OUTPUT OR MANIFEST PREFERRED,GENERATED/DISPOSABLE,archive/generated/results/q53-sequential.log,Run log or checkpoint is not a canonical paper result; preserve outside active results.
results/q53-spread-gp-ackley.json,json,fe04ec34b6ce80793fe431cf6a467678fce49765,fe04ec34b6ce80793fe431cf6a467678fce49765,BO_VS_DOE_TERMINAL_RULE,Historical or non-paper work,HISTORICAL,NONE,historical record,NONE — no active claim consumer; preserved at archive/exploratory/results/q53-spread-gp-ackley.json,NOT USED BY FINAL PAPER,ARCHIVE-VALID,archive/exploratory/results/q53-spread-gp-ackley.json,Result is outside the active claim ledger and remains preserved for historical review.
results/q53-spread-gp-families.json,json,fe04ec34b6ce80793fe431cf6a467678fce49765,fe04ec34b6ce80793fe431cf6a467678fce49765,BO_VS_DOE_TERMINAL_RULE,Historical or non-paper work,HISTORICAL,NONE,historical record,NONE — no active claim consumer; preserved at archive/exploratory/results/q53-spread-gp-families.json,NOT USED BY FINAL PAPER,ARCHIVE-VALID,archive/exploratory/results/q53-spread-gp-families.json,Result is outside the active claim ledger and remains preserved for historical review.
results/q53-spread-gp-hartmann6.json,json,fe04ec34b6ce80793fe431cf6a467678fce49765,fe04ec34b6ce80793fe431cf6a467678fce49765,BO_VS_DOE_TERMINAL_RULE,Historical or non-paper work,HISTORICAL,NONE,historical record,NONE — no active claim consumer; preserved at archive/exploratory/results/q53-spread-gp-hartmann6.json,NOT USED BY FINAL PAPER,ARCHIVE-VALID,archive/exploratory/results/q53-spread-gp-hartmann6.json,Result is outside the active claim ledger and remains preserved for historical review.
results/q53-spread-gp-levy.json,json,fe04ec34b6ce80793fe431cf6a467678fce49765,fe04ec34b6ce80793fe431cf6a467678fce49765,BO_VS_DOE_TERMINAL_RULE,Historical or non-paper work,HISTORICAL,NONE,historical record,NONE — no active claim consumer; preserved at archive/exploratory/results/q53-spread-gp-levy.json,NOT USED BY FINAL PAPER,ARCHIVE-VALID,archive/exploratory/results/q53-spread-gp-levy.json,Result is outside the active claim ledger and remains preserved for historical review.
results/q53-spread-gp-rosenbrock.json,json,fe04ec34b6ce80793fe431cf6a467678fce49765,fe04ec34b6ce80793fe431cf6a467678fce49765,BO_VS_DOE_TERMINAL_RULE,Historical or non-paper work,HISTORICAL,NONE,historical record,NONE — no active claim consumer; preserved at archive/exploratory/results/q53-spread-gp-rosenbrock.json,NOT USED BY FINAL PAPER,ARCHIVE-VALID,archive/exploratory/results/q53-spread-gp-rosenbrock.json,Result is outside the active claim ledger and remains preserved for historical review.
results/q54-hill-spread-gp-draws.json,json,3ecfe6df2e6d83fdb58b3a461a18cc81a857172f,3ecfe6df2e6d83fdb58b3a461a18cc81a857172f,BO_VS_DOE_TERMINAL_RULE,Historical or non-paper work,HISTORICAL,NONE,historical record,NONE — no active claim consumer; preserved at archive/exploratory/results/q54-hill-spread-gp-draws.json,NOT USED BY FINAL PAPER,ARCHIVE-VALID,archive/exploratory/results/q54-hill-spread-gp-draws.json,Result is outside the active claim ledger and remains preserved for historical review.
results/q54-hill-spread-gp-draws.log,log,3ecfe6df2e6d83fdb58b3a461a18cc81a857172f,3ecfe6df2e6d83fdb58b3a461a18cc81a857172f,BO_VS_DOE_TERMINAL_RULE,Historical or non-paper work,HISTORICAL,NONE,historical record,"NONE — non-canonical run artifact; canonical JSON, manifest, or producing script retained",CANONICAL OUTPUT OR MANIFEST PREFERRED,GENERATED/DISPOSABLE,archive/generated/results/q54-hill-spread-gp-draws.log,Run log or checkpoint is not a canonical paper result; preserve outside active results.
results/q55-oracle-best.json,json,fd842ac81b1b6aa701799970a4a117776afd5eaf,fd842ac81b1b6aa701799970a4a117776afd5eaf,BO_VS_DOE_TERMINAL_RULE,Historical or non-paper work,HISTORICAL,NONE,historical record,NONE — no active claim consumer; preserved at archive/exploratory/results/q55-oracle-best.json,NOT USED BY FINAL PAPER,ARCHIVE-VALID,archive/exploratory/results/q55-oracle-best.json,Result is outside the active claim ledger and remains preserved for historical review.
results/q55-oracle-best.log,log,fd842ac81b1b6aa701799970a4a117776afd5eaf,fd842ac81b1b6aa701799970a4a117776afd5eaf,BO_VS_DOE_TERMINAL_RULE,Historical or non-paper work,HISTORICAL,NONE,historical record,"NONE — non-canonical run artifact; canonical JSON, manifest, or producing script retained",CANONICAL OUTPUT OR MANIFEST PREFERRED,GENERATED/DISPOSABLE,archive/generated/results/q55-oracle-best.log,Run log or checkpoint is not a canonical paper result; preserve outside active results.
results/q56-doe-ascent.json,json,fd842ac81b1b6aa701799970a4a117776afd5eaf,fd842ac81b1b6aa701799970a4a117776afd5eaf,BO_VS_DOE_TERMINAL_RULE,Historical or non-paper work,HISTORICAL,NONE,historical record,NONE — no active claim consumer; preserved at archive/exploratory/results/q56-doe-ascent.json,NOT USED BY FINAL PAPER,ARCHIVE-VALID,archive/exploratory/results/q56-doe-ascent.json,Result is outside the active claim ledger and remains preserved for historical review.
results/q56-doe-ascent.log,log,fd842ac81b1b6aa701799970a4a117776afd5eaf,fd842ac81b1b6aa701799970a4a117776afd5eaf,BO_VS_DOE_TERMINAL_RULE,Historical or non-paper work,HISTORICAL,NONE,historical record,"NONE — non-canonical run artifact; canonical JSON, manifest, or producing script retained",CANONICAL OUTPUT OR MANIFEST PREFERRED,GENERATED/DISPOSABLE,archive/generated/results/q56-doe-ascent.log,Run log or checkpoint is not a canonical paper result; preserve outside active results.
results/q57-search-vs-id.json,json,e2b9e7b04fb2618f1b073404761c11bb0cc9c868,e2b9e7b04fb2618f1b073404761c11bb0cc9c868,BO_VS_DOE_TERMINAL_RULE,Historical or non-paper work,HISTORICAL,NONE,historical record,NONE — no active claim consumer; preserved at archive/exploratory/results/q57-search-vs-id.json,NOT USED BY FINAL PAPER,ARCHIVE-VALID,archive/exploratory/results/q57-search-vs-id.json,Result is outside the active claim ledger and remains preserved for historical review.
results/q57-search-vs-id.log,log,e2b9e7b04fb2618f1b073404761c11bb0cc9c868,e2b9e7b04fb2618f1b073404761c11bb0cc9c868,BO_VS_DOE_TERMINAL_RULE,Historical or non-paper work,HISTORICAL,NONE,historical record,"NONE — non-canonical run artifact; canonical JSON, manifest, or producing script retained",CANONICAL OUTPUT OR MANIFEST PREFERRED,GENERATED/DISPOSABLE,archive/generated/results/q57-search-vs-id.log,Run log or checkpoint is not a canonical paper result; preserve outside active results.
results/q58-selection-sensitivity.json,json,e2b9e7b04fb2618f1b073404761c11bb0cc9c868,e2b9e7b04fb2618f1b073404761c11bb0cc9c868,BO_VS_DOE_TERMINAL_RULE,Historical or non-paper work,HISTORICAL,NONE,historical record,NONE — no active claim consumer; preserved at archive/exploratory/results/q58-selection-sensitivity.json,NOT USED BY FINAL PAPER,ARCHIVE-VALID,archive/exploratory/results/q58-selection-sensitivity.json,Result is outside the active claim ledger and remains preserved for historical review.
results/q58-selection-sensitivity.log,log,e2b9e7b04fb2618f1b073404761c11bb0cc9c868,e2b9e7b04fb2618f1b073404761c11bb0cc9c868,BO_VS_DOE_TERMINAL_RULE,Historical or non-paper work,HISTORICAL,NONE,historical record,"NONE — non-canonical run artifact; canonical JSON, manifest, or producing script retained",CANONICAL OUTPUT OR MANIFEST PREFERRED,GENERATED/DISPOSABLE,archive/generated/results/q58-selection-sensitivity.log,Run log or checkpoint is not a canonical paper result; preserve outside active results.
results/q59-hartmann-no-screen.json,json,98c043cd625b1f02b5fe9879fac21448733c9e38,98c043cd625b1f02b5fe9879fac21448733c9e38,BO_VS_DOE_TERMINAL_RULE,Historical or non-paper work,HISTORICAL,NONE,historical record,NONE — no active claim consumer; preserved at archive/exploratory/results/q59-hartmann-no-screen.json,NOT USED BY FINAL PAPER,ARCHIVE-VALID,archive/exploratory/results/q59-hartmann-no-screen.json,Result is outside the active claim ledger and remains preserved for historical review.
results/q59-hartmann-no-screen.log,log,98c043cd625b1f02b5fe9879fac21448733c9e38,98c043cd625b1f02b5fe9879fac21448733c9e38,BO_VS_DOE_TERMINAL_RULE,Historical or non-paper work,HISTORICAL,NONE,historical record,"NONE — non-canonical run artifact; canonical JSON, manifest, or producing script retained",CANONICAL OUTPUT OR MANIFEST PREFERRED,GENERATED/DISPOSABLE,archive/generated/results/q59-hartmann-no-screen.log,Run log or checkpoint is not a canonical paper result; preserve outside active results.
results/q59-map-rescore.json,json,0bdc8be18996bc1982ba10b219de1b2e30fe2c0a,8635574a7397a800f743eb7a17e55f90a00183d0,DESIGN_SPACE_PRE_SPADE,Historical or non-paper work,HISTORICAL,NONE,historical record,NONE — no active claim consumer; preserved at archive/exploratory/results/q59-map-rescore.json,NOT USED BY FINAL PAPER,ARCHIVE-VALID,archive/exploratory/results/q59-map-rescore.json,Result is outside the active claim ledger and remains preserved for historical review.
results/q59-map-rescore.log,log,0bdc8be18996bc1982ba10b219de1b2e30fe2c0a,8635574a7397a800f743eb7a17e55f90a00183d0,DESIGN_SPACE_PRE_SPADE,Historical or non-paper work,HISTORICAL,NONE,historical record,"NONE — non-canonical run artifact; canonical JSON, manifest, or producing script retained",CANONICAL OUTPUT OR MANIFEST PREFERRED,GENERATED/DISPOSABLE,archive/generated/results/q59-map-rescore.log,Run log or checkpoint is not a canonical paper result; preserve outside active results.
results/replay-hall-ogle.log,log,352cb12a54e0b7396b159d28406d36eedc137331,352cb12a54e0b7396b159d28406d36eedc137331,LAB_AND_PUBLISHED_DATA,Does SPADE behave defensibly on real assays?,SUPPORT,S2;S3,real-cell result,Claims S2;S3; consumed by scripts/supporting real-data or publication-figure script and paper/CLAIMS-AND-SOURCES.md,NONE IDENTIFIED,SUPPORT,research/results/replay-hall-ogle.log,Canonical real-cell supporting output.
results/sha-before-purge.txt,txt,529460f92bd0b55b3bdb11434e59e01aa22b45c2,14e2c50570745ac20a048aed8dfc6f7eff159336,DESIGN_SPACE_PRE_SPADE,Historical or non-paper work,HISTORICAL,NONE,historical record,NONE — no active claim consumer; preserved at archive/exploratory/results/sha-before-purge.txt,NOT USED BY FINAL PAPER,ARCHIVE-VALID,archive/exploratory/results/sha-before-purge.txt,Result is outside the active claim ledger and remains preserved for historical review.
results/spade-development-hill-000-015.jsonl.gz,gz,9ce0e066cf7a67b83ebf5777e50c77d4ff85b575,9ce0e066cf7a67b83ebf5777e50c77d4ff85b575,SPADE_MANUFACTURING_RECOVERY,Historical or non-paper work,HISTORICAL,NONE,historical record,NONE — no active claim consumer; preserved at archive/exploratory/results/spade-development-hill-000-015.jsonl.gz,NOT USED BY FINAL PAPER,ARCHIVE-VALID,archive/exploratory/results/spade-development-hill-000-015.jsonl.gz,Result is outside the active claim ledger and remains preserved for historical review.
results/spade-development-hill-000-015.jsonl.gz.manifest.json,json,9ce0e066cf7a67b83ebf5777e50c77d4ff85b575,9ce0e066cf7a67b83ebf5777e50c77d4ff85b575,SPADE_MANUFACTURING_RECOVERY,Historical or non-paper work,HISTORICAL,NONE,historical record,NONE — no active claim consumer; preserved at archive/exploratory/results/spade-development-hill-000-015.jsonl.gz.manifest.json,NOT USED BY FINAL PAPER,ARCHIVE-VALID,archive/exploratory/results/spade-development-hill-000-015.jsonl.gz.manifest.json,Result is outside the active claim ledger and remains preserved for historical review.
results/spade-development-hill-000-015.jsonl.gz.resume.json,json,9ce0e066cf7a67b83ebf5777e50c77d4ff85b575,9ce0e066cf7a67b83ebf5777e50c77d4ff85b575,SPADE_MANUFACTURING_RECOVERY,Historical or non-paper work,HISTORICAL,NONE,historical record,NONE — no active claim consumer; preserved at archive/exploratory/results/spade-development-hill-000-015.jsonl.gz.resume.json,NOT USED BY FINAL PAPER,ARCHIVE-VALID,archive/exploratory/results/spade-development-hill-000-015.jsonl.gz.resume.json,Result is outside the active claim ledger and remains preserved for historical review.
results/spade-development-hill-000-015.jsonl.gz.sha256,sha256,9ce0e066cf7a67b83ebf5777e50c77d4ff85b575,9ce0e066cf7a67b83ebf5777e50c77d4ff85b575,SPADE_MANUFACTURING_RECOVERY,Historical or non-paper work,HISTORICAL,NONE,historical record,NONE — no active claim consumer; preserved at archive/exploratory/results/spade-development-hill-000-015.jsonl.gz.sha256,NOT USED BY FINAL PAPER,ARCHIVE-VALID,archive/exploratory/results/spade-development-hill-000-015.jsonl.gz.sha256,Result is outside the active claim ledger and remains preserved for historical review.
results/spade-development-levy-000-015.jsonl.gz,gz,b1a50695a0ab5480126e0abec9479321dc167e0f,b1a50695a0ab5480126e0abec9479321dc167e0f,SPADE_MANUFACTURING_RECOVERY,Historical or non-paper work,HISTORICAL,NONE,historical record,NONE — no active claim consumer; preserved at archive/exploratory/results/spade-development-levy-000-015.jsonl.gz,NOT USED BY FINAL PAPER,ARCHIVE-VALID,archive/exploratory/results/spade-development-levy-000-015.jsonl.gz,Result is outside the active claim ledger and remains preserved for historical review.
results/spade-development-levy-000-015.jsonl.gz.manifest.json,json,b1a50695a0ab5480126e0abec9479321dc167e0f,b1a50695a0ab5480126e0abec9479321dc167e0f,SPADE_MANUFACTURING_RECOVERY,Historical or non-paper work,HISTORICAL,NONE,historical record,NONE — no active claim consumer; preserved at archive/exploratory/results/spade-development-levy-000-015.jsonl.gz.manifest.json,NOT USED BY FINAL PAPER,ARCHIVE-VALID,archive/exploratory/results/spade-development-levy-000-015.jsonl.gz.manifest.json,Result is outside the active claim ledger and remains preserved for historical review.
results/spade-development-levy-000-015.jsonl.gz.resume.json,json,b1a50695a0ab5480126e0abec9479321dc167e0f,b1a50695a0ab5480126e0abec9479321dc167e0f,SPADE_MANUFACTURING_RECOVERY,Historical or non-paper work,HISTORICAL,NONE,historical record,NONE — no active claim consumer; preserved at archive/exploratory/results/spade-development-levy-000-015.jsonl.gz.resume.json,NOT USED BY FINAL PAPER,ARCHIVE-VALID,archive/exploratory/results/spade-development-levy-000-015.jsonl.gz.resume.json,Result is outside the active claim ledger and remains preserved for historical review.
results/spade-development-levy-000-015.jsonl.gz.sha256,sha256,b1a50695a0ab5480126e0abec9479321dc167e0f,b1a50695a0ab5480126e0abec9479321dc167e0f,SPADE_MANUFACTURING_RECOVERY,Historical or non-paper work,HISTORICAL,NONE,historical record,NONE — no active claim consumer; preserved at archive/exploratory/results/spade-development-levy-000-015.jsonl.gz.sha256,NOT USED BY FINAL PAPER,ARCHIVE-VALID,archive/exploratory/results/spade-development-levy-000-015.jsonl.gz.sha256,Result is outside the active claim ledger and remains preserved for historical review.
results/spade-lockbox-generator-manifest.json,json,6f3d42f6c658eac699c9b89d6c26509b3f548dbf,7cd3bcf35e39c7e145a8248e506cad77b2327f2c,SPADE_MANUFACTURING_RECOVERY,Historical or non-paper work,HISTORICAL,NONE,historical record,NONE — no active claim consumer; preserved at archive/exploratory/results/spade-lockbox-generator-manifest.json,NOT USED BY FINAL PAPER,ARCHIVE-VALID,archive/exploratory/results/spade-lockbox-generator-manifest.json,Result is outside the active claim ledger and remains preserved for historical review.
results/spade-multi-cqa-benchmark.json,json,9ce0e066cf7a67b83ebf5777e50c77d4ff85b575,9ce0e066cf7a67b83ebf5777e50c77d4ff85b575,SPADE_MANUFACTURING_RECOVERY,Historical or non-paper work,HISTORICAL,NONE,historical record,NONE — no active claim consumer; preserved at archive/exploratory/results/spade-multi-cqa-benchmark.json,NOT USED BY FINAL PAPER,ARCHIVE-VALID,archive/exploratory/results/spade-multi-cqa-benchmark.json,Result is outside the active claim ledger and remains preserved for historical review.
results/spade-multi-cqa-benchmark.log,log,9ce0e066cf7a67b83ebf5777e50c77d4ff85b575,9ce0e066cf7a67b83ebf5777e50c77d4ff85b575,SPADE_MANUFACTURING_RECOVERY,Historical or non-paper work,HISTORICAL,NONE,historical record,"NONE — non-canonical run artifact; canonical JSON, manifest, or producing script retained",CANONICAL OUTPUT OR MANIFEST PREFERRED,GENERATED/DISPOSABLE,archive/generated/results/spade-multi-cqa-benchmark.log,Run log or checkpoint is not a canonical paper result; preserve outside active results.
results/step0-oracle-best.json,json,6edf70807c4633c89be0be4df2ff9da0fa27e066,82d8055371ac19f4572cd868703c53d8cf7584c2,DESIGN_SPACE_PRE_SPADE,Historical or non-paper work,HISTORICAL,NONE,historical record,NONE — no active claim consumer; preserved at archive/exploratory/results/step0-oracle-best.json,NOT USED BY FINAL PAPER,ARCHIVE-VALID,archive/exploratory/results/step0-oracle-best.json,Result is outside the active claim ledger and remains preserved for historical review.
results/step0-oracle-best.log,log,6edf70807c4633c89be0be4df2ff9da0fa27e066,82d8055371ac19f4572cd868703c53d8cf7584c2,DESIGN_SPACE_PRE_SPADE,Historical or non-paper work,HISTORICAL,NONE,historical record,"NONE — non-canonical run artifact; canonical JSON, manifest, or producing script retained",CANONICAL OUTPUT OR MANIFEST PREFERRED,GENERATED/DISPOSABLE,archive/generated/results/step0-oracle-best.log,Run log or checkpoint is not a canonical paper result; preserve outside active results.
results/tau-ackley.json,json,101799f1b09cec662ea739144e741b1e1b5b54e7,0ff1e309b4e15dbb403086b0b1c95ac2f9487c66,SPADE_CONFIRMATION_AND_PAPER,Active SPADE paper claim,CORE,C5;C6,canonical result,Claims C5;C6; consumed by scripts/run_tau_sweep.py / analyse_tau_sweep.py and paper/CLAIMS-AND-SOURCES.md,NONE IDENTIFIED,CORE,research/results/generalization/tau-ackley.json,"Canonical five-family evidence, including the CORE Hill result."
results/tau-hartmann6.json,json,101799f1b09cec662ea739144e741b1e1b5b54e7,0ff1e309b4e15dbb403086b0b1c95ac2f9487c66,SPADE_CONFIRMATION_AND_PAPER,Active SPADE paper claim,CORE,C5;C6,canonical result,Claims C5;C6; consumed by scripts/run_tau_sweep.py / analyse_tau_sweep.py and paper/CLAIMS-AND-SOURCES.md,NONE IDENTIFIED,CORE,research/results/generalization/tau-hartmann6.json,"Canonical five-family evidence, including the CORE Hill result."
results/tau-hill.json,json,101799f1b09cec662ea739144e741b1e1b5b54e7,0ff1e309b4e15dbb403086b0b1c95ac2f9487c66,SPADE_CONFIRMATION_AND_PAPER,Active SPADE paper claim,CORE,C5;C6,canonical result,Claims C5;C6; consumed by scripts/run_tau_sweep.py / analyse_tau_sweep.py and paper/CLAIMS-AND-SOURCES.md,NONE IDENTIFIED,CORE,research/results/generalization/tau-hill.json,"Canonical five-family evidence, including the CORE Hill result."
results/tau-levy.json,json,101799f1b09cec662ea739144e741b1e1b5b54e7,0ff1e309b4e15dbb403086b0b1c95ac2f9487c66,SPADE_CONFIRMATION_AND_PAPER,Active SPADE paper claim,CORE,C5;C6,canonical result,Claims C5;C6; consumed by scripts/run_tau_sweep.py / analyse_tau_sweep.py and paper/CLAIMS-AND-SOURCES.md,NONE IDENTIFIED,CORE,research/results/generalization/tau-levy.json,"Canonical five-family evidence, including the CORE Hill result."
results/tau-quantile-followup.log,log,1a3d9274fe06ea2ae52cb1e13923ce31be48a68d,1a3d9274fe06ea2ae52cb1e13923ce31be48a68d,SPADE_MANUFACTURING_RECOVERY,Historical or non-paper work,HISTORICAL,NONE,historical record,"NONE — non-canonical run artifact; canonical JSON, manifest, or producing script retained",CANONICAL OUTPUT OR MANIFEST PREFERRED,GENERATED/DISPOSABLE,archive/generated/results/tau-quantile-followup.log,Run log or checkpoint is not a canonical paper result; preserve outside active results.
results/tau-rosenbrock.json,json,101799f1b09cec662ea739144e741b1e1b5b54e7,0ff1e309b4e15dbb403086b0b1c95ac2f9487c66,SPADE_CONFIRMATION_AND_PAPER,Active SPADE paper claim,CORE,C5;C6,canonical result,Claims C5;C6; consumed by scripts/run_tau_sweep.py / analyse_tau_sweep.py and paper/CLAIMS-AND-SOURCES.md,NONE IDENTIFIED,CORE,research/results/generalization/tau-rosenbrock.json,"Canonical five-family evidence, including the CORE Hill result."
results/tt-ackley.json,json,bdd9f52438d11b32eaa35405608e64ca0b486de3,bdd9f52438d11b32eaa35405608e64ca0b486de3,SPADE_CONFIRMATION_AND_PAPER,Active SPADE paper claim,CORE,S1,canonical result,Claims S1; consumed by scripts/run_tt_theta_tau.py / analyse_tt_theta_tau.py and paper/CLAIMS-AND-SOURCES.md,NONE IDENTIFIED,CORE,research/results/mechanism/tt-ackley.json,Canonical committed output for an active paper claim.
results/tt-hartmann6.json,json,bdd9f52438d11b32eaa35405608e64ca0b486de3,bdd9f52438d11b32eaa35405608e64ca0b486de3,SPADE_CONFIRMATION_AND_PAPER,Active SPADE paper claim,CORE,S1,canonical result,Claims S1; consumed by scripts/run_tt_theta_tau.py / analyse_tt_theta_tau.py and paper/CLAIMS-AND-SOURCES.md,NONE IDENTIFIED,CORE,research/results/mechanism/tt-hartmann6.json,Canonical committed output for an active paper claim.
results/tt-hill.json,json,bdd9f52438d11b32eaa35405608e64ca0b486de3,bdd9f52438d11b32eaa35405608e64ca0b486de3,SPADE_CONFIRMATION_AND_PAPER,Active SPADE paper claim,CORE,S1,canonical result,Claims S1; consumed by scripts/run_tt_theta_tau.py / analyse_tt_theta_tau.py and paper/CLAIMS-AND-SOURCES.md,NONE IDENTIFIED,CORE,research/results/mechanism/tt-hill.json,Canonical committed output for an active paper claim.
results/tt-levy.json,json,bdd9f52438d11b32eaa35405608e64ca0b486de3,bdd9f52438d11b32eaa35405608e64ca0b486de3,SPADE_CONFIRMATION_AND_PAPER,Active SPADE paper claim,CORE,S1,canonical result,Claims S1; consumed by scripts/run_tt_theta_tau.py / analyse_tt_theta_tau.py and paper/CLAIMS-AND-SOURCES.md,NONE IDENTIFIED,CORE,research/results/mechanism/tt-levy.json,Canonical committed output for an active paper claim.
results/tt-rosenbrock.json,json,bdd9f52438d11b32eaa35405608e64ca0b486de3,bdd9f52438d11b32eaa35405608e64ca0b486de3,SPADE_CONFIRMATION_AND_PAPER,Active SPADE paper claim,CORE,S1,canonical result,Claims S1; consumed by scripts/run_tt_theta_tau.py / analyse_tt_theta_tau.py and paper/CLAIMS-AND-SOURCES.md,NONE IDENTIFIED,CORE,research/results/mechanism/tt-rosenbrock.json,Canonical committed output for an active paper claim.
results/versionb-predictive.json,json,82d8055371ac19f4572cd868703c53d8cf7584c2,ade4a3f893edbf89f21300edefaf6b5905ef670c,DESIGN_SPACE_PRE_SPADE,Historical or non-paper work,HISTORICAL,NONE,historical record,NONE — no active claim consumer; preserved at archive/exploratory/results/versionb-predictive.json,NOT USED BY FINAL PAPER,ARCHIVE-VALID,archive/exploratory/results/versionb-predictive.json,Result is outside the active claim ledger and remains preserved for historical review.
results/versionb-predictive.log,log,82d8055371ac19f4572cd868703c53d8cf7584c2,ade4a3f893edbf89f21300edefaf6b5905ef670c,DESIGN_SPACE_PRE_SPADE,Historical or non-paper work,HISTORICAL,NONE,historical record,"NONE — non-canonical run artifact; canonical JSON, manifest, or producing script retained",CANONICAL OUTPUT OR MANIFEST PREFERRED,GENERATED/DISPOSABLE,archive/generated/results/versionb-predictive.log,Run log or checkpoint is not a canonical paper result; preserve outside active results.
results/versionb.json,json,0e3ea3ab0778c87cee41a1ec198f4d31ef033305,97a83526a25b9488e574fc99d702f114c46734f1,DESIGN_SPACE_PRE_SPADE,Historical or non-paper work,HISTORICAL,NONE,historical record,NONE — no active claim consumer; preserved at archive/exploratory/results/versionb.json,NOT USED BY FINAL PAPER,ARCHIVE-VALID,archive/exploratory/results/versionb.json,Result is outside the active claim ledger and remains preserved for historical review.
results/versionb.log,log,0e3ea3ab0778c87cee41a1ec198f4d31ef033305,97a83526a25b9488e574fc99d702f114c46734f1,DESIGN_SPACE_PRE_SPADE,Historical or non-paper work,HISTORICAL,NONE,historical record,"NONE — non-canonical run artifact; canonical JSON, manifest, or producing script retained",CANONICAL OUTPUT OR MANIFEST PREFERRED,GENERATED/DISPOSABLE,archive/generated/results/versionb.log,Run log or checkpoint is not a canonical paper result; preserve outside active results.
results/versionc-components-family.json,json,10deca84b3c23768b20f248b814c55754af1ceb6,10deca84b3c23768b20f248b814c55754af1ceb6,DESIGN_SPACE_PRE_SPADE,Historical or non-paper work,HISTORICAL,NONE,historical record,NONE — no active claim consumer; preserved at archive/exploratory/results/versionc-components-family.json,NOT USED BY FINAL PAPER,ARCHIVE-VALID,archive/exploratory/results/versionc-components-family.json,Result is outside the active claim ledger and remains preserved for historical review.
results/versionc-components-family.log,log,10deca84b3c23768b20f248b814c55754af1ceb6,10deca84b3c23768b20f248b814c55754af1ceb6,DESIGN_SPACE_PRE_SPADE,Historical or non-paper work,HISTORICAL,NONE,historical record,"NONE — non-canonical run artifact; canonical JSON, manifest, or producing script retained",CANONICAL OUTPUT OR MANIFEST PREFERRED,GENERATED/DISPOSABLE,archive/generated/results/versionc-components-family.log,Run log or checkpoint is not a canonical paper result; preserve outside active results.
results/versionc-conventions.json,json,186e32e08de08eb7e6030522426712fd7e976891,186e32e08de08eb7e6030522426712fd7e976891,DESIGN_SPACE_PRE_SPADE,Historical or non-paper work,HISTORICAL,NONE,historical record,NONE — no active claim consumer; preserved at archive/exploratory/results/versionc-conventions.json,NOT USED BY FINAL PAPER,ARCHIVE-VALID,archive/exploratory/results/versionc-conventions.json,Result is outside the active claim ledger and remains preserved for historical review.
results/versionc-detector-boundary.json,json,4b00aaed51821bcb52e96cd7a9d23b149cf38508,4b00aaed51821bcb52e96cd7a9d23b149cf38508,DESIGN_SPACE_PRE_SPADE,Historical or non-paper work,HISTORICAL,NONE,historical record,NONE — no active claim consumer; preserved at archive/exploratory/results/versionc-detector-boundary.json,NOT USED BY FINAL PAPER,ARCHIVE-VALID,archive/exploratory/results/versionc-detector-boundary.json,Result is outside the active claim ledger and remains preserved for historical review.
results/versionc-detector-fit.json,json,4b00aaed51821bcb52e96cd7a9d23b149cf38508,4b00aaed51821bcb52e96cd7a9d23b149cf38508,DESIGN_SPACE_PRE_SPADE,Historical or non-paper work,HISTORICAL,NONE,historical record,NONE — no active claim consumer; preserved at archive/exploratory/results/versionc-detector-fit.json,NOT USED BY FINAL PAPER,ARCHIVE-VALID,archive/exploratory/results/versionc-detector-fit.json,Result is outside the active claim ledger and remains preserved for historical review.
results/versionc-detector-fit.log,log,f086b341059b4821b8abb1caf6c82f580ce27b9b,f086b341059b4821b8abb1caf6c82f580ce27b9b,DESIGN_SPACE_PRE_SPADE,Historical or non-paper work,HISTORICAL,NONE,historical record,"NONE — non-canonical run artifact; canonical JSON, manifest, or producing script retained",CANONICAL OUTPUT OR MANIFEST PREFERRED,GENERATED/DISPOSABLE,archive/generated/results/versionc-detector-fit.log,Run log or checkpoint is not a canonical paper result; preserve outside active results.
results/versionc-detector-heldout.json,json,debeffb2e4d99642ac63719c39f4b1bfe23cc85c,debeffb2e4d99642ac63719c39f4b1bfe23cc85c,DESIGN_SPACE_PRE_SPADE,Historical or non-paper work,HISTORICAL,NONE,historical record,NONE — no active claim consumer; preserved at archive/exploratory/results/versionc-detector-heldout.json,NOT USED BY FINAL PAPER,ARCHIVE-VALID,archive/exploratory/results/versionc-detector-heldout.json,Result is outside the active claim ledger and remains preserved for historical review.
results/versionc-detector-heldout.log,log,cf18bf21b7d5209ac81ced478f22120c56f07140,cf18bf21b7d5209ac81ced478f22120c56f07140,DESIGN_SPACE_PRE_SPADE,Historical or non-paper work,HISTORICAL,NONE,historical record,"NONE — non-canonical run artifact; canonical JSON, manifest, or producing script retained",CANONICAL OUTPUT OR MANIFEST PREFERRED,GENERATED/DISPOSABLE,archive/generated/results/versionc-detector-heldout.log,Run log or checkpoint is not a canonical paper result; preserve outside active results.
results/versionc-form1-s010.json,json,5ffd458c668ae7b50102395f182aa0b8ef637286,5ffd458c668ae7b50102395f182aa0b8ef637286,DESIGN_SPACE_PRE_SPADE,Historical or non-paper work,HISTORICAL,NONE,historical record,NONE — no active claim consumer; preserved at archive/exploratory/results/versionc-form1-s010.json,NOT USED BY FINAL PAPER,ARCHIVE-VALID,archive/exploratory/results/versionc-form1-s010.json,Result is outside the active claim ledger and remains preserved for historical review.
results/versionc-form1-s010.log,log,5ffd458c668ae7b50102395f182aa0b8ef637286,5ffd458c668ae7b50102395f182aa0b8ef637286,DESIGN_SPACE_PRE_SPADE,Historical or non-paper work,HISTORICAL,NONE,historical record,"NONE — non-canonical run artifact; canonical JSON, manifest, or producing script retained",CANONICAL OUTPUT OR MANIFEST PREFERRED,GENERATED/DISPOSABLE,archive/generated/results/versionc-form1-s010.log,Run log or checkpoint is not a canonical paper result; preserve outside active results.
results/versionc-form1-s025.json,json,73a5d4f5a8aea49df00001aa75989e3ac4589bc4,73a5d4f5a8aea49df00001aa75989e3ac4589bc4,DESIGN_SPACE_PRE_SPADE,Historical or non-paper work,HISTORICAL,NONE,historical record,NONE — no active claim consumer; preserved at archive/exploratory/results/versionc-form1-s025.json,NOT USED BY FINAL PAPER,ARCHIVE-VALID,archive/exploratory/results/versionc-form1-s025.json,Result is outside the active claim ledger and remains preserved for historical review.
results/versionc-form1-s025.log,log,5ffd458c668ae7b50102395f182aa0b8ef637286,73a5d4f5a8aea49df00001aa75989e3ac4589bc4,DESIGN_SPACE_PRE_SPADE,Historical or non-paper work,HISTORICAL,NONE,historical record,"NONE — non-canonical run artifact; canonical JSON, manifest, or producing script retained",CANONICAL OUTPUT OR MANIFEST PREFERRED,GENERATED/DISPOSABLE,archive/generated/results/versionc-form1-s025.log,Run log or checkpoint is not a canonical paper result; preserve outside active results.
results/versionc-gate-analysis.json,json,4b00aaed51821bcb52e96cd7a9d23b149cf38508,4b00aaed51821bcb52e96cd7a9d23b149cf38508,DESIGN_SPACE_PRE_SPADE,Historical or non-paper work,HISTORICAL,NONE,historical record,NONE — no active claim consumer; preserved at archive/exploratory/results/versionc-gate-analysis.json,NOT USED BY FINAL PAPER,ARCHIVE-VALID,archive/exploratory/results/versionc-gate-analysis.json,Result is outside the active claim ledger and remains preserved for historical review.
results/versionc-gate-s010.json,json,4b00aaed51821bcb52e96cd7a9d23b149cf38508,4b00aaed51821bcb52e96cd7a9d23b149cf38508,DESIGN_SPACE_PRE_SPADE,Historical or non-paper work,HISTORICAL,NONE,historical record,NONE — no active claim consumer; preserved at archive/exploratory/results/versionc-gate-s010.json,NOT USED BY FINAL PAPER,ARCHIVE-VALID,archive/exploratory/results/versionc-gate-s010.json,Result is outside the active claim ledger and remains preserved for historical review.
results/versionc-gate-s010.log,log,70bfd8a6ce57fb32cedbd997a131fcf4fbe0074f,70bfd8a6ce57fb32cedbd997a131fcf4fbe0074f,DESIGN_SPACE_PRE_SPADE,Historical or non-paper work,HISTORICAL,NONE,historical record,"NONE — non-canonical run artifact; canonical JSON, manifest, or producing script retained",CANONICAL OUTPUT OR MANIFEST PREFERRED,GENERATED/DISPOSABLE,archive/generated/results/versionc-gate-s010.log,Run log or checkpoint is not a canonical paper result; preserve outside active results.
results/versionc-kills-s010.json,json,5ffd458c668ae7b50102395f182aa0b8ef637286,b22bb58ed5dbf9a1a7955a71f5c036c55b38ec9b,DESIGN_SPACE_PRE_SPADE,Historical or non-paper work,HISTORICAL,NONE,historical record,NONE — no active claim consumer; preserved at archive/exploratory/results/versionc-kills-s010.json,NOT USED BY FINAL PAPER,ARCHIVE-VALID,archive/exploratory/results/versionc-kills-s010.json,Result is outside the active claim ledger and remains preserved for historical review.
results/versionc-kills-s025.json,json,73a5d4f5a8aea49df00001aa75989e3ac4589bc4,fc30aa434794ce76b55d57fc2a8e9b7458635537,DESIGN_SPACE_PRE_SPADE,Historical or non-paper work,HISTORICAL,NONE,historical record,NONE — no active claim consumer; preserved at archive/exploratory/results/versionc-kills-s025.json,NOT USED BY FINAL PAPER,ARCHIVE-VALID,archive/exploratory/results/versionc-kills-s025.json,Result is outside the active claim ledger and remains preserved for historical review.
scripts/adjudicate_p8_predictions.py,py,12b6f9dcb94eddf5bf0f9ef1aad639b0c389e69e,12b6f9dcb94eddf5bf0f9ef1aad639b0c389e69e,DESIGN_SPACE_PRE_SPADE,Historical or non-paper work,HISTORICAL,NONE,historical record,NONE — no active claim consumer; preserved at archive/exploratory/scripts/adjudicate_p8_predictions.py,NOT IN ACTIVE REPRODUCTION MAP,ARCHIVE-VALID,archive/exploratory/scripts/adjudicate_p8_predictions.py,Historical or off-paper runner; preserve with its experiment record.
scripts/analyse_dc_doe_certificate.py,py,352563dffa356d499e3a0391d45bcfa108f75dc9,352563dffa356d499e3a0391d45bcfa108f75dc9,SPADE_CONFIRMATION_AND_PAPER,Reproduce an active SPADE paper claim,CORE,C1;C2,producing or validating script,Claims C1;C2; command or transitive runner in paper-evidence/reproduction-map.md,NONE IDENTIFIED,INFRASTRUCTURE,software/scripts/analyse_dc_doe_certificate.py,"Active analyser, runner, or guard for a main paper claim."
scripts/analyse_f1_dual_n.py,py,96c0870cba79c087815b90fa4ec6f2bf69b6051b,05837d1d7da68b6b5353e2b5abf540ad99d87887,DESIGN_SPACE_PRE_SPADE,Historical or non-paper work,HISTORICAL,NONE,historical record,NONE — no active claim consumer; preserved at archive/exploratory/scripts/analyse_f1_dual_n.py,NOT IN ACTIVE REPRODUCTION MAP,ARCHIVE-VALID,archive/exploratory/scripts/analyse_f1_dual_n.py,Historical or off-paper runner; preserve with its experiment record.
scripts/analyse_f2_error_volumes.py,py,516e13313bfe97bba33768894af949e069e63c12,c0dd396e376a622cc3f35167eec35b78a1e0afc0,DESIGN_SPACE_PRE_SPADE,Historical or non-paper work,HISTORICAL,NONE,historical record,NONE — no active claim consumer; preserved at archive/exploratory/scripts/analyse_f2_error_volumes.py,NOT IN ACTIVE REPRODUCTION MAP,ARCHIVE-VALID,archive/exploratory/scripts/analyse_f2_error_volumes.py,Historical or off-paper runner; preserve with its experiment record.
scripts/analyse_final_spade_benchmark.py,py,3d4ccc886c0206cc178fb815333dffa95c1f5916,b01502729d300b1f9bd8cc23437d428a7967e88c,DESIGN_SPACE_PRE_SPADE,Historical or non-paper work,HISTORICAL,NONE,historical record,NONE — no active claim consumer; preserved at archive/exploratory/scripts/analyse_final_spade_benchmark.py,NOT IN ACTIVE REPRODUCTION MAP,ARCHIVE-VALID,archive/exploratory/scripts/analyse_final_spade_benchmark.py,Historical or off-paper runner; preserve with its experiment record.
scripts/analyse_fix1.py,py,63783aa3cfbb8001cdc6c22128205a7d3b84e131,63783aa3cfbb8001cdc6c22128205a7d3b84e131,DESIGN_SPACE_PRE_SPADE,Historical or non-paper work,HISTORICAL,NONE,historical record,NONE — no active claim consumer; preserved at archive/exploratory/scripts/analyse_fix1.py,NOT IN ACTIVE REPRODUCTION MAP,ARCHIVE-VALID,archive/exploratory/scripts/analyse_fix1.py,Historical or off-paper runner; preserve with its experiment record.
scripts/analyse_k0_calibration_gate.py,py,03e6e809075c11a106459d18af8a0ebe0ad27a92,03e6e809075c11a106459d18af8a0ebe0ad27a92,SPADE_DEVELOPMENT_AND_LOCKBOX,Historical or non-paper work,HISTORICAL,NONE,historical record,NONE — no active claim consumer; preserved at archive/exploratory/scripts/analyse_k0_calibration_gate.py,NOT IN ACTIVE REPRODUCTION MAP,ARCHIVE-VALID,archive/exploratory/scripts/analyse_k0_calibration_gate.py,Historical or off-paper runner; preserve with its experiment record.
scripts/analyse_k1_noise_ceiling.py,py,ab13a35347e7eff4076a0a946843a65eecfaa305,ab13a35347e7eff4076a0a946843a65eecfaa305,SPADE_DEVELOPMENT_AND_LOCKBOX,Historical or non-paper work,HISTORICAL,NONE,historical record,NONE — no active claim consumer; preserved at archive/exploratory/scripts/analyse_k1_noise_ceiling.py,NOT IN ACTIVE REPRODUCTION MAP,ARCHIVE-VALID,archive/exploratory/scripts/analyse_k1_noise_ceiling.py,Historical or off-paper runner; preserve with its experiment record.
scripts/analyse_k2_design_lottery.py,py,19a378fe0bb6d910b6b5d22129206af282b6f660,19a378fe0bb6d910b6b5d22129206af282b6f660,SPADE_DEVELOPMENT_AND_LOCKBOX,Historical or non-paper work,HISTORICAL,NONE,historical record,NONE — no active claim consumer; preserved at archive/exploratory/scripts/analyse_k2_design_lottery.py,NOT IN ACTIVE REPRODUCTION MAP,ARCHIVE-VALID,archive/exploratory/scripts/analyse_k2_design_lottery.py,Historical or off-paper runner; preserve with its experiment record.
scripts/analyse_k6.py,py,55e070bc9b0915a3ecbfb471a951e9409152426f,4edf4ffd09a9f483f21de5fe6b76f60e866e0970,DESIGN_SPACE_PRE_SPADE,Historical or non-paper work,HISTORICAL,NONE,historical record,NONE — no active claim consumer; preserved at archive/exploratory/scripts/analyse_k6.py,NOT IN ACTIVE REPRODUCTION MAP,ARCHIVE-VALID,archive/exploratory/scripts/analyse_k6.py,Historical or off-paper runner; preserve with its experiment record.
scripts/analyse_k6b.py,py,f47c6f3b24c85ddc7344f93a17aceef6c210b280,3d57e25bd86587168720aff483a31546cffc11cb,DESIGN_SPACE_PRE_SPADE,Historical or non-paper work,HISTORICAL,NONE,historical record,NONE — no active claim consumer; preserved at archive/exploratory/scripts/analyse_k6b.py,NOT IN ACTIVE REPRODUCTION MAP,ARCHIVE-VALID,archive/exploratory/scripts/analyse_k6b.py,Historical or off-paper runner; preserve with its experiment record.
scripts/analyse_kf3_followup.py,py,504d5995e9d37f7ee90c172f50f130c0b85cea41,504d5995e9d37f7ee90c172f50f130c0b85cea41,DESIGN_SPACE_PRE_SPADE,Historical or non-paper work,HISTORICAL,NONE,historical record,NONE — no active claim consumer; preserved at archive/exploratory/scripts/analyse_kf3_followup.py,NOT IN ACTIVE REPRODUCTION MAP,ARCHIVE-VALID,archive/exploratory/scripts/analyse_kf3_followup.py,Historical or off-paper runner; preserve with its experiment record.
scripts/analyse_kr_effective_resolution.py,py,434a987dc1c767cb423acdd8ab41d081c8287d84,434a987dc1c767cb423acdd8ab41d081c8287d84,SPADE_MANUFACTURING_RECOVERY,Historical or non-paper work,HISTORICAL,NONE,historical record,NONE — no active claim consumer; preserved at archive/exploratory/scripts/analyse_kr_effective_resolution.py,NOT IN ACTIVE REPRODUCTION MAP,ARCHIVE-VALID,archive/exploratory/scripts/analyse_kr_effective_resolution.py,Historical or off-paper runner; preserve with its experiment record.
scripts/analyse_ks_self_calibration.py,py,6848e2f59e26aeaba41a36be6fd0dcd0a19fdd0d,6848e2f59e26aeaba41a36be6fd0dcd0a19fdd0d,SPADE_MANUFACTURING_RECOVERY,Historical or non-paper work,HISTORICAL,NONE,historical record,NONE — no active claim consumer; preserved at archive/exploratory/scripts/analyse_ks_self_calibration.py,NOT IN ACTIVE REPRODUCTION MAP,ARCHIVE-VALID,archive/exploratory/scripts/analyse_ks_self_calibration.py,Historical or off-paper runner; preserve with its experiment record.
scripts/analyse_kt7_inflation_fine.py,py,f4344af03871dc1fca7a8ec74d54dad57815a2ff,f4344af03871dc1fca7a8ec74d54dad57815a2ff,SPADE_MANUFACTURING_RECOVERY,Historical or non-paper work,HISTORICAL,NONE,historical record,NONE — no active claim consumer; preserved at archive/exploratory/scripts/analyse_kt7_inflation_fine.py,NOT IN ACTIVE REPRODUCTION MAP,ARCHIVE-VALID,archive/exploratory/scripts/analyse_kt7_inflation_fine.py,Historical or off-paper runner; preserve with its experiment record.
scripts/analyse_ku_prevalence_matched.py,py,b951d389c33c0a2040efddb9964a9590f9dc8be4,b951d389c33c0a2040efddb9964a9590f9dc8be4,SPADE_MANUFACTURING_RECOVERY,Historical or non-paper work,HISTORICAL,NONE,historical record,NONE — no active claim consumer; preserved at archive/exploratory/scripts/analyse_ku_prevalence_matched.py,NOT IN ACTIVE REPRODUCTION MAP,ARCHIVE-VALID,archive/exploratory/scripts/analyse_ku_prevalence_matched.py,Historical or off-paper runner; preserve with its experiment record.
scripts/analyse_kv_plate2_certificate.py,py,fb0bb299964a237fb84a65c0b922d84041189898,de46417e2b58987f338ec429fc37f3be390d129c,SPADE_MANUFACTURING_RECOVERY,Historical or non-paper work,HISTORICAL,NONE,historical record,NONE — no active claim consumer; preserved at archive/exploratory/scripts/analyse_kv_plate2_certificate.py,NOT IN ACTIVE REPRODUCTION MAP,ARCHIVE-VALID,archive/exploratory/scripts/analyse_kv_plate2_certificate.py,Historical or off-paper runner; preserve with its experiment record.
scripts/analyse_kx_calibrated_benchmark.py,py,f4344af03871dc1fca7a8ec74d54dad57815a2ff,f4344af03871dc1fca7a8ec74d54dad57815a2ff,SPADE_MANUFACTURING_RECOVERY,Historical or non-paper work,HISTORICAL,NONE,historical record,NONE — no active claim consumer; preserved at archive/exploratory/scripts/analyse_kx_calibrated_benchmark.py,NOT IN ACTIVE REPRODUCTION MAP,ARCHIVE-VALID,archive/exploratory/scripts/analyse_kx_calibrated_benchmark.py,Historical or off-paper runner; preserve with its experiment record.
scripts/analyse_la_round_matched.py,py,9da0e36d91ac6b89d48637c02fcc8284dbe719a8,9da0e36d91ac6b89d48637c02fcc8284dbe719a8,SPADE_MANUFACTURING_RECOVERY,Reproduce an active SPADE paper claim,CORE,C3;C4,producing or validating script,Claims C3;C4; command or transitive runner in paper-evidence/reproduction-map.md,NONE IDENTIFIED,INFRASTRUCTURE,software/scripts/analyse_la_round_matched.py,"Active analyser, runner, or guard for a main paper claim."
scripts/analyse_lb_monotonicity.py,py,afe04a9e5c9baabde46066f0c612904c2bb9dd1e,afe04a9e5c9baabde46066f0c612904c2bb9dd1e,SPADE_CONFIRMATION_AND_PAPER,Historical or non-paper work,HISTORICAL,NONE,historical record,NONE — no active claim consumer; preserved at archive/exploratory/scripts/analyse_lb_monotonicity.py,NOT IN ACTIVE REPRODUCTION MAP,ARCHIVE-VALID,archive/exploratory/scripts/analyse_lb_monotonicity.py,Historical or off-paper runner; preserve with its experiment record.
scripts/analyse_lc_confirmatory.py,py,a64e3a4e38f8ec9fae89e9eb41f4ba2b58cd43f5,942eae328eadc5a8e2dfe0d061fb5fdd49f1146f,SPADE_CONFIRMATION_AND_PAPER,Reproduce an active SPADE paper claim,CORE,C3;C4,producing or validating script,Claims C3;C4; command or transitive runner in paper-evidence/reproduction-map.md,NONE IDENTIFIED,INFRASTRUCTURE,software/scripts/analyse_lc_confirmatory.py,"Active analyser, runner, or guard for a main paper claim."
scripts/analyse_p2.py,py,b1bc3f1f0348308814dca0071ac40b614b182423,1a3da0a6da79f786554a75169721a27b0fe3bd2f,DESIGN_SPACE_PRE_SPADE,Historical or non-paper work,HISTORICAL,NONE,historical record,NONE — no active claim consumer; preserved at archive/exploratory/scripts/analyse_p2.py,NOT IN ACTIVE REPRODUCTION MAP,ARCHIVE-VALID,archive/exploratory/scripts/analyse_p2.py,Historical or off-paper runner; preserve with its experiment record.
scripts/analyse_p8_certificate.py,py,08de57a9741d9e0ed7b9d7f939f276f9bf2a5efb,08de57a9741d9e0ed7b9d7f939f276f9bf2a5efb,DESIGN_SPACE_PRE_SPADE,Historical or non-paper work,HISTORICAL,NONE,historical record,NONE — no active claim consumer; preserved at archive/exploratory/scripts/analyse_p8_certificate.py,NOT IN ACTIVE REPRODUCTION MAP,ARCHIVE-VALID,archive/exploratory/scripts/analyse_p8_certificate.py,Historical or off-paper runner; preserve with its experiment record.
scripts/analyse_spade_lockbox.py,py,a7825b07ab8b4a4b538d1a794b711e21c3d6ed02,38ba8ec7dd611fae0481bc3c84264d8846c9912e,SPADE_MANUFACTURING_RECOVERY,Historical or non-paper work,HISTORICAL,NONE,historical record,NONE — no active claim consumer; preserved at archive/exploratory/scripts/analyse_spade_lockbox.py,NOT IN ACTIVE REPRODUCTION MAP,ARCHIVE-VALID,archive/exploratory/scripts/analyse_spade_lockbox.py,Historical or off-paper runner; preserve with its experiment record.
scripts/analyse_tau_sweep.py,py,cb9e391f27aa4f140d4e839b0a4ab339e76cbf21,101799f1b09cec662ea739144e741b1e1b5b54e7,SPADE_CONFIRMATION_AND_PAPER,Reproduce an active SPADE paper claim,CORE,C5;C6,producing or validating script,Claims C5;C6; command or transitive runner in paper-evidence/reproduction-map.md,NONE IDENTIFIED,INFRASTRUCTURE,software/scripts/analyse_tau_sweep.py,"Active analyser, runner, or guard for a main paper claim."
scripts/analyse_tt_theta_tau.py,py,5983bad6ebe6d84669b68ae1b34df7f29b33ec4c,5983bad6ebe6d84669b68ae1b34df7f29b33ec4c,SPADE_CONFIRMATION_AND_PAPER,Reproduce an active SPADE paper claim,CORE,C5;C6,producing or validating script,Claims C5;C6; command or transitive runner in paper-evidence/reproduction-map.md,NONE IDENTIFIED,INFRASTRUCTURE,software/scripts/analyse_tt_theta_tau.py,"Active analyser, runner, or guard for a main paper claim."
scripts/analyse_versionb.py,py,72d423bf888a5d2de7b40a7c9c87c6ecaf8aa834,72d423bf888a5d2de7b40a7c9c87c6ecaf8aa834,DESIGN_SPACE_PRE_SPADE,Historical or non-paper work,HISTORICAL,NONE,historical record,NONE — no active claim consumer; preserved at archive/exploratory/scripts/analyse_versionb.py,NOT IN ACTIVE REPRODUCTION MAP,ARCHIVE-VALID,archive/exploratory/scripts/analyse_versionb.py,Historical or off-paper runner; preserve with its experiment record.
scripts/analyse_versionb_predictive.py,py,4cc71cd15dede6838d88f8baacd597627991af7a,6bef42cd5cc3a7a71278ae7617cb680223231b64,DESIGN_SPACE_PRE_SPADE,Historical or non-paper work,HISTORICAL,NONE,historical record,NONE — no active claim consumer; preserved at archive/exploratory/scripts/analyse_versionb_predictive.py,NOT IN ACTIVE REPRODUCTION MAP,ARCHIVE-VALID,archive/exploratory/scripts/analyse_versionb_predictive.py,Historical or off-paper runner; preserve with its experiment record.
scripts/analyse_versionc_conventions.py,py,186e32e08de08eb7e6030522426712fd7e976891,186e32e08de08eb7e6030522426712fd7e976891,DESIGN_SPACE_PRE_SPADE,Historical or non-paper work,HISTORICAL,NONE,historical record,NONE — no active claim consumer; preserved at archive/exploratory/scripts/analyse_versionc_conventions.py,NOT IN ACTIVE REPRODUCTION MAP,ARCHIVE-VALID,archive/exploratory/scripts/analyse_versionc_conventions.py,Historical or off-paper runner; preserve with its experiment record.
scripts/analyse_versionc_detector.py,py,2ca82dde218e39e020283cd0e3a2c36cdd4f3d2f,f086b341059b4821b8abb1caf6c82f580ce27b9b,DESIGN_SPACE_PRE_SPADE,Historical or non-paper work,HISTORICAL,NONE,historical record,NONE — no active claim consumer; preserved at archive/exploratory/scripts/analyse_versionc_detector.py,NOT IN ACTIVE REPRODUCTION MAP,ARCHIVE-VALID,archive/exploratory/scripts/analyse_versionc_detector.py,Historical or off-paper runner; preserve with its experiment record.
scripts/analyse_versionc_form1.py,py,8a677414c1c6a91a5421297712971d42659b8a0f,b22bb58ed5dbf9a1a7955a71f5c036c55b38ec9b,DESIGN_SPACE_PRE_SPADE,Historical or non-paper work,HISTORICAL,NONE,historical record,NONE — no active claim consumer; preserved at archive/exploratory/scripts/analyse_versionc_form1.py,NOT IN ACTIVE REPRODUCTION MAP,ARCHIVE-VALID,archive/exploratory/scripts/analyse_versionc_form1.py,Historical or off-paper runner; preserve with its experiment record.
scripts/analyse_versionc_gate.py,py,4f7371e730defe7b10a33620a325fb41d312c55c,4f7371e730defe7b10a33620a325fb41d312c55c,DESIGN_SPACE_PRE_SPADE,Historical or non-paper work,HISTORICAL,NONE,historical record,NONE — no active claim consumer; preserved at archive/exploratory/scripts/analyse_versionc_gate.py,NOT IN ACTIVE REPRODUCTION MAP,ARCHIVE-VALID,archive/exploratory/scripts/analyse_versionc_gate.py,Historical or off-paper runner; preserve with its experiment record.
scripts/audit_historical_replay.py,py,b2ade0444640e34eda1c15b4ee2b296fa6b9091a,7d32bca086860df4081286c7234142553e65f032,SPADE_DEVELOPMENT_AND_LOCKBOX,Historical or non-paper work,HISTORICAL,NONE,historical record,NONE — no active claim consumer; preserved at archive/exploratory/scripts/audit_historical_replay.py,NOT IN ACTIVE REPRODUCTION MAP,ARCHIVE-VALID,archive/exploratory/scripts/audit_historical_replay.py,Historical or off-paper runner; preserve with its experiment record.
scripts/bench_surrogate.py,py,8c7f804368e9ea9113cf60e4872f9741a2bfdcb5,8c7f804368e9ea9113cf60e4872f9741a2bfdcb5,BO_VS_DOE_TERMINAL_RULE,Historical or non-paper work,HISTORICAL,NONE,historical record,NONE — no active claim consumer; preserved at archive/exploratory/scripts/bench_surrogate.py,NOT IN ACTIVE REPRODUCTION MAP,ARCHIVE-VALID,archive/exploratory/scripts/bench_surrogate.py,Historical or off-paper runner; preserve with its experiment record.
scripts/build_lab_dataset.py,py,f28ba66fd7f678c3e02d71912ee588de7c7bc9e1,f28ba66fd7f678c3e02d71912ee588de7c7bc9e1,BO_VS_DOE_TERMINAL_RULE,Historical or non-paper work,HISTORICAL,NONE,historical record,NONE — no active claim consumer; preserved at archive/exploratory/scripts/build_lab_dataset.py,NOT IN ACTIVE REPRODUCTION MAP,ARCHIVE-VALID,archive/exploratory/scripts/build_lab_dataset.py,Historical or off-paper runner; preserve with its experiment record.
scripts/build_published_dataset.py,py,2347a54784a3afbc6d511cc08b05830017ed7742,f3602e7d622b95b7ec54648953e783e065ed6645,LAB_AND_PUBLISHED_DATA,Validate SPADE behavior on real assays,SUPPORT,S2;S3,producing script,Claims S2;S3; command or transitive runner in paper-evidence/reproduction-map.md,NONE IDENTIFIED,INFRASTRUCTURE,software/scripts/build_published_dataset.py,Active real-cell supporting analysis.
scripts/calibrate_real_assay_loo.py,py,aa012032ed34e85681da8d253e4ebcb642d6af59,aa012032ed34e85681da8d253e4ebcb642d6af59,SPADE_MANUFACTURING_RECOVERY,Validate SPADE behavior on real assays,SUPPORT,S2;S3,producing script,Claims S2;S3; command or transitive runner in paper-evidence/reproduction-map.md,NONE IDENTIFIED,INFRASTRUCTURE,software/scripts/calibrate_real_assay_loo.py,Active real-cell supporting analysis.
scripts/certify_hall_ogle.py,py,d6652e01077c5ca18dfb802e8f09a75fd06cf196,d6652e01077c5ca18dfb802e8f09a75fd06cf196,SPADE_MANUFACTURING_RECOVERY,Validate SPADE behavior on real assays,SUPPORT,S2;S3,producing script,Claims S2;S3; command or transitive runner in paper-evidence/reproduction-map.md,NONE IDENTIFIED,INFRASTRUCTURE,software/scripts/certify_hall_ogle.py,Active real-cell supporting analysis.
scripts/confound_ninit.py,py,8f3d7f2a6d0fbe687b5b2775d0dc1856baf5b36b,8f3d7f2a6d0fbe687b5b2775d0dc1856baf5b36b,BO_VS_DOE_TERMINAL_RULE,Historical or non-paper work,HISTORICAL,NONE,historical record,NONE — no active claim consumer; preserved at archive/exploratory/scripts/confound_ninit.py,NOT IN ACTIVE REPRODUCTION MAP,ARCHIVE-VALID,archive/exploratory/scripts/confound_ninit.py,Historical or off-paper runner; preserve with its experiment record.
scripts/diagnostic_doe_scoring.py,py,06df4f1eae8d8acea7c62e9b8720a367e0d01bb2,06df4f1eae8d8acea7c62e9b8720a367e0d01bb2,BO_VS_DOE_TERMINAL_RULE,Historical or non-paper work,HISTORICAL,NONE,historical record,NONE — no active claim consumer; preserved at archive/exploratory/scripts/diagnostic_doe_scoring.py,NOT IN ACTIVE REPRODUCTION MAP,ARCHIVE-VALID,archive/exploratory/scripts/diagnostic_doe_scoring.py,Historical or off-paper runner; preserve with its experiment record.
scripts/diagnostic_lengthscales.py,py,ac88cdabd1d32c5785922da4b7ac1a82a77f031b,8f3d7f2a6d0fbe687b5b2775d0dc1856baf5b36b,BO_VS_DOE_TERMINAL_RULE,Historical or non-paper work,HISTORICAL,NONE,historical record,NONE — no active claim consumer; preserved at archive/exploratory/scripts/diagnostic_lengthscales.py,NOT IN ACTIVE REPRODUCTION MAP,ARCHIVE-VALID,archive/exploratory/scripts/diagnostic_lengthscales.py,Historical or off-paper runner; preserve with its experiment record.
scripts/digitize_hall_ogle.py,py,e28c84c95de028595772236b3d94b2d9f19389bb,f3602e7d622b95b7ec54648953e783e065ed6645,LAB_AND_PUBLISHED_DATA,Validate SPADE behavior on real assays,SUPPORT,S2;S3,producing script,Claims S2;S3; command or transitive runner in paper-evidence/reproduction-map.md,NONE IDENTIFIED,INFRASTRUCTURE,software/scripts/digitize_hall_ogle.py,Active real-cell supporting analysis.
scripts/drive_p6.sh,sh,930951919c31a71d17decdd1fb8ac448e17fa4c0,fa0e19d55b4c3a3d0f3116a7c445c8e8f0a3a43f,DESIGN_SPACE_PRE_SPADE,Historical or non-paper work,HISTORICAL,NONE,historical record,NONE — no active claim consumer; preserved at archive/exploratory/scripts/drive_p6.sh,NOT IN ACTIVE REPRODUCTION MAP,ARCHIVE-VALID,archive/exploratory/scripts/drive_p6.sh,Historical or off-paper runner; preserve with its experiment record.
scripts/estimand_evaluation.py,py,c31437f1143e08650488829d4d6bedb53e97b782,c31437f1143e08650488829d4d6bedb53e97b782,BO_VS_DOE_TERMINAL_RULE,Historical or non-paper work,HISTORICAL,NONE,historical record,NONE — no active claim consumer; preserved at archive/exploratory/scripts/estimand_evaluation.py,NOT IN ACTIVE REPRODUCTION MAP,ARCHIVE-VALID,archive/exploratory/scripts/estimand_evaluation.py,Historical or off-paper runner; preserve with its experiment record.
scripts/final_real_data_answer.py,py,1bb9bc861af4b6f6609773c1d65a4bee82edad90,1bb9bc861af4b6f6609773c1d65a4bee82edad90,SPADE_MANUFACTURING_RECOVERY,Historical or non-paper work,HISTORICAL,NONE,historical record,NONE — no active claim consumer; preserved at archive/exploratory/scripts/final_real_data_answer.py,NOT IN ACTIVE REPRODUCTION MAP,ARCHIVE-VALID,archive/exploratory/scripts/final_real_data_answer.py,Historical or off-paper runner; preserve with its experiment record.
scripts/generate_oracles.py,py,2cdc8ca9ad30f3320e0a0e164e983b6e071fd406,2cdc8ca9ad30f3320e0a0e164e983b6e071fd406,E1-E4_FOUNDATION,Historical or non-paper work,HISTORICAL,NONE,historical record,NONE — no active claim consumer; preserved at archive/exploratory/scripts/generate_oracles.py,NOT IN ACTIVE REPRODUCTION MAP,ARCHIVE-VALID,archive/exploratory/scripts/generate_oracles.py,Historical or off-paper runner; preserve with its experiment record.
scripts/lab_phase3_feasibility.py,py,898ded36c6766ce68f5be6be8191cbb8939cb7c4,898ded36c6766ce68f5be6be8191cbb8939cb7c4,BO_VS_DOE_TERMINAL_RULE,Historical or non-paper work,HISTORICAL,NONE,historical record,NONE — no active claim consumer; preserved at archive/exploratory/scripts/lab_phase3_feasibility.py,NOT IN ACTIVE REPRODUCTION MAP,ARCHIVE-VALID,archive/exploratory/scripts/lab_phase3_feasibility.py,Historical or off-paper runner; preserve with its experiment record.
scripts/load_p6_families.py,py,5a5d94889db632ed8e68c1121e15e6f8e7dd6802,5a5d94889db632ed8e68c1121e15e6f8e7dd6802,DESIGN_SPACE_PRE_SPADE,Historical or non-paper work,HISTORICAL,NONE,historical record,NONE — no active claim consumer; preserved at archive/exploratory/scripts/load_p6_families.py,NOT IN ACTIVE REPRODUCTION MAP,ARCHIVE-VALID,archive/exploratory/scripts/load_p6_families.py,Historical or off-paper runner; preserve with its experiment record.
scripts/make_cost_curve_page.py,py,b338c5ccc08f4a9b6ea215febb5275671955122f,e2b9e7b04fb2618f1b073404761c11bb0cc9c868,BO_VS_DOE_TERMINAL_RULE,Historical or non-paper work,HISTORICAL,NONE,historical record,NONE — no active claim consumer; preserved at archive/exploratory/scripts/make_cost_curve_page.py,NOT IN ACTIVE REPRODUCTION MAP,ARCHIVE-VALID,archive/exploratory/scripts/make_cost_curve_page.py,Historical or off-paper runner; preserve with its experiment record.
scripts/make_ec_gate_figure.py,py,6e4f22edd25ca080dab081f416bada10fccb7418,6e4f22edd25ca080dab081f416bada10fccb7418,SPADE_CONFIRMATION_AND_PAPER,Reproduce an active SPADE paper claim,CORE,C3;C4,producing or validating script,Claims C3;C4; command or transitive runner in paper-evidence/reproduction-map.md,NONE IDENTIFIED,INFRASTRUCTURE,software/scripts/make_ec_gate_figure.py,"Active analyser, runner, or guard for a main paper claim."
scripts/make_final_spade_figures.py,py,842ad1ad5cb3ca63c20b3d86a1d2ad7f4cbd8075,3d4ccc886c0206cc178fb815333dffa95c1f5916,DESIGN_SPACE_PRE_SPADE,Historical or non-paper work,HISTORICAL,NONE,historical record,NONE — no active claim consumer; preserved at archive/exploratory/scripts/make_final_spade_figures.py,NOT IN ACTIVE REPRODUCTION MAP,ARCHIVE-VALID,archive/exploratory/scripts/make_final_spade_figures.py,Historical or off-paper runner; preserve with its experiment record.
scripts/make_paper_figures.py,py,74cb25d8bab23a9b14836dd373c0ee3fd1fcf18f,6e4f22edd25ca080dab081f416bada10fccb7418,SPADE_CONFIRMATION_AND_PAPER,Historical or non-paper work,HISTORICAL,NONE,historical record,NONE — no active claim consumer; preserved at archive/exploratory/scripts/make_paper_figures.py,NOT IN ACTIVE REPRODUCTION MAP,ARCHIVE-VALID,archive/exploratory/scripts/make_paper_figures.py,Historical or off-paper runner; preserve with its experiment record.
scripts/make_scoring_figure.py,py,98c043cd625b1f02b5fe9879fac21448733c9e38,98c043cd625b1f02b5fe9879fac21448733c9e38,BO_VS_DOE_TERMINAL_RULE,Historical or non-paper work,HISTORICAL,NONE,historical record,NONE — no active claim consumer; preserved at archive/exploratory/scripts/make_scoring_figure.py,NOT IN ACTIVE REPRODUCTION MAP,ARCHIVE-VALID,archive/exploratory/scripts/make_scoring_figure.py,Historical or off-paper runner; preserve with its experiment record.
scripts/make_spade_actions_matrix.py,py,4da57874183870b25823e2d648a995e318873868,4da57874183870b25823e2d648a995e318873868,SPADE_MANUFACTURING_RECOVERY,Historical or non-paper work,HISTORICAL,NONE,historical record,NONE — no active claim consumer; preserved at archive/exploratory/scripts/make_spade_actions_matrix.py,NOT IN ACTIVE REPRODUCTION MAP,ARCHIVE-VALID,archive/exploratory/scripts/make_spade_actions_matrix.py,Historical or off-paper runner; preserve with its experiment record.
scripts/merge_spade_development_shards.py,py,c69296a84983394707622873b04d7cab7af22b02,e53f9e3485572660a5294c391a27e7ceeb915ef0,SPADE_MANUFACTURING_RECOVERY,Historical or non-paper work,HISTORICAL,NONE,historical record,NONE — no active claim consumer; preserved at archive/exploratory/scripts/merge_spade_development_shards.py,NOT IN ACTIVE REPRODUCTION MAP,ARCHIVE-VALID,archive/exploratory/scripts/merge_spade_development_shards.py,Historical or off-paper runner; preserve with its experiment record.
scripts/pf1_coverage.py,py,b9f71f5002b7effbbcb71243284f75f9754a7fe0,b9f71f5002b7effbbcb71243284f75f9754a7fe0,BO_VS_DOE_TERMINAL_RULE,Historical or non-paper work,HISTORICAL,NONE,historical record,NONE — no active claim consumer; preserved at archive/exploratory/scripts/pf1_coverage.py,NOT IN ACTIVE REPRODUCTION MAP,ARCHIVE-VALID,archive/exploratory/scripts/pf1_coverage.py,Historical or off-paper runner; preserve with its experiment record.
scripts/plan_spade_lockbox_power.py,py,02730d8bed4d43005235a4453c37e726364c9c56,8582ae3fc602ad376919807fdff2271d48ad92d4,SPADE_DEVELOPMENT_AND_LOCKBOX,Historical or non-paper work,HISTORICAL,NONE,historical record,NONE — no active claim consumer; preserved at archive/exploratory/scripts/plan_spade_lockbox_power.py,NOT IN ACTIVE REPRODUCTION MAP,ARCHIVE-VALID,archive/exploratory/scripts/plan_spade_lockbox_power.py,Historical or off-paper runner; preserve with its experiment record.
scripts/preflight_pf1.py,py,2cdc8ca9ad30f3320e0a0e164e983b6e071fd406,0178afbada643472c72d2a3a77692952733fee84,BO_VS_DOE_TERMINAL_RULE,Historical or non-paper work,HISTORICAL,NONE,historical record,NONE — no active claim consumer; preserved at archive/exploratory/scripts/preflight_pf1.py,NOT IN ACTIVE REPRODUCTION MAP,ARCHIVE-VALID,archive/exploratory/scripts/preflight_pf1.py,Historical or off-paper runner; preserve with its experiment record.
scripts/preflight_pf2.py,py,2cdc8ca9ad30f3320e0a0e164e983b6e071fd406,c027e00343fd1f8a3ad448b5326fa69449be49a6,BO_VS_DOE_TERMINAL_RULE,Historical or non-paper work,HISTORICAL,NONE,historical record,NONE — no active claim consumer; preserved at archive/exploratory/scripts/preflight_pf2.py,NOT IN ACTIVE REPRODUCTION MAP,ARCHIVE-VALID,archive/exploratory/scripts/preflight_pf2.py,Historical or off-paper runner; preserve with its experiment record.
scripts/preflight_pf3.py,py,89e4babce0bb1cbce717d49eaaf733459162a861,8696644d9d94251f29931ee6debda84c604fc4b7,BO_VS_DOE_TERMINAL_RULE,Historical or non-paper work,HISTORICAL,NONE,historical record,NONE — no active claim consumer; preserved at archive/exploratory/scripts/preflight_pf3.py,NOT IN ACTIVE REPRODUCTION MAP,ARCHIVE-VALID,archive/exploratory/scripts/preflight_pf3.py,Historical or off-paper runner; preserve with its experiment record.
scripts/preflight_pf4.py,py,89e4babce0bb1cbce717d49eaaf733459162a861,89e4babce0bb1cbce717d49eaaf733459162a861,E1-E4_FOUNDATION,Historical or non-paper work,HISTORICAL,NONE,historical record,NONE — no active claim consumer; preserved at archive/exploratory/scripts/preflight_pf4.py,NOT IN ACTIVE REPRODUCTION MAP,ARCHIVE-VALID,archive/exploratory/scripts/preflight_pf4.py,Historical or off-paper runner; preserve with its experiment record.
scripts/probe_e2_determinism.py,py,ae3295fd92df4aaba239d3c2a7afc6eec91b4f38,8241eff322ef7dfea29034378ff6d20d68767063,BO_VS_DOE_TERMINAL_RULE,Historical or non-paper work,HISTORICAL,NONE,historical record,NONE — no active claim consumer; preserved at archive/exploratory/scripts/probe_e2_determinism.py,NOT IN ACTIVE REPRODUCTION MAP,ARCHIVE-VALID,archive/exploratory/scripts/probe_e2_determinism.py,Historical or off-paper runner; preserve with its experiment record.
scripts/probe_finite_set_frontier.py,py,e5a65905753e3dd6910dd8d35b496547c974ac05,e5a65905753e3dd6910dd8d35b496547c974ac05,SPADE_MANUFACTURING_RECOVERY,Historical or non-paper work,HISTORICAL,NONE,historical record,NONE — no active claim consumer; preserved at archive/exploratory/scripts/probe_finite_set_frontier.py,NOT IN ACTIVE REPRODUCTION MAP,ARCHIVE-VALID,archive/exploratory/scripts/probe_finite_set_frontier.py,Historical or off-paper runner; preserve with its experiment record.
scripts/probe_hypermix_saturation.py,py,60f32bb7ad034b3f9a208df1106fe0aa2608b097,60f32bb7ad034b3f9a208df1106fe0aa2608b097,SPADE_MANUFACTURING_RECOVERY,Historical or non-paper work,HISTORICAL,NONE,historical record,NONE — no active claim consumer; preserved at archive/exploratory/scripts/probe_hypermix_saturation.py,NOT IN ACTIVE REPRODUCTION MAP,ARCHIVE-VALID,archive/exploratory/scripts/probe_hypermix_saturation.py,Historical or off-paper runner; preserve with its experiment record.
scripts/probe_kz_realistic_noise.py,py,60f32bb7ad034b3f9a208df1106fe0aa2608b097,60f32bb7ad034b3f9a208df1106fe0aa2608b097,SPADE_MANUFACTURING_RECOVERY,Historical or non-paper work,HISTORICAL,NONE,historical record,NONE — no active claim consumer; preserved at archive/exploratory/scripts/probe_kz_realistic_noise.py,NOT IN ACTIVE REPRODUCTION MAP,ARCHIVE-VALID,archive/exploratory/scripts/probe_kz_realistic_noise.py,Historical or off-paper runner; preserve with its experiment record.
scripts/probe_loo_real_assay.py,py,60f32bb7ad034b3f9a208df1106fe0aa2608b097,60f32bb7ad034b3f9a208df1106fe0aa2608b097,SPADE_MANUFACTURING_RECOVERY,Validate SPADE behavior on real assays,SUPPORT,S2;S3,producing script,Claims S2;S3; command or transitive runner in paper-evidence/reproduction-map.md,NONE IDENTIFIED,INFRASTRUCTURE,software/scripts/probe_loo_real_assay.py,Active real-cell supporting analysis.
scripts/probe_meanmarg_benchmarks.py,py,60f32bb7ad034b3f9a208df1106fe0aa2608b097,60f32bb7ad034b3f9a208df1106fe0aa2608b097,SPADE_MANUFACTURING_RECOVERY,Validate SPADE behavior on real assays,SUPPORT,S2;S3,producing script,Claims S2;S3; command or transitive runner in paper-evidence/reproduction-map.md,NONE IDENTIFIED,INFRASTRUCTURE,software/scripts/probe_meanmarg_benchmarks.py,Active real-cell supporting analysis.
scripts/probe_real_frontier.py,py,60f32bb7ad034b3f9a208df1106fe0aa2608b097,60f32bb7ad034b3f9a208df1106fe0aa2608b097,SPADE_MANUFACTURING_RECOVERY,Historical or non-paper work,HISTORICAL,NONE,historical record,NONE — no active claim consumer; preserved at archive/exploratory/scripts/probe_real_frontier.py,NOT IN ACTIVE REPRODUCTION MAP,ARCHIVE-VALID,archive/exploratory/scripts/probe_real_frontier.py,Historical or off-paper runner; preserve with its experiment record.
scripts/probe_sur_vs_straddle.py,py,10970c3bb64f0dc842387fdd680febba37a4d69c,10970c3bb64f0dc842387fdd680febba37a4d69c,SPADE_MANUFACTURING_RECOVERY,Historical or non-paper work,HISTORICAL,NONE,historical record,NONE — no active claim consumer; preserved at archive/exploratory/scripts/probe_sur_vs_straddle.py,NOT IN ACTIVE REPRODUCTION MAP,ARCHIVE-VALID,archive/exploratory/scripts/probe_sur_vs_straddle.py,Historical or off-paper runner; preserve with its experiment record.
scripts/probe_topk_finite_set.py,py,60f32bb7ad034b3f9a208df1106fe0aa2608b097,60f32bb7ad034b3f9a208df1106fe0aa2608b097,SPADE_MANUFACTURING_RECOVERY,Historical or non-paper work,HISTORICAL,NONE,historical record,NONE — no active claim consumer; preserved at archive/exploratory/scripts/probe_topk_finite_set.py,NOT IN ACTIVE REPRODUCTION MAP,ARCHIVE-VALID,archive/exploratory/scripts/probe_topk_finite_set.py,Historical or off-paper runner; preserve with its experiment record.
scripts/q29_symmetric.py,py,b02c63d92793dde204ba2ee62e29fb20c1814683,ae3295fd92df4aaba239d3c2a7afc6eec91b4f38,BO_VS_DOE_TERMINAL_RULE,Historical or non-paper work,HISTORICAL,NONE,historical record,NONE — no active claim consumer; preserved at archive/exploratory/scripts/q29_symmetric.py,NOT IN ACTIVE REPRODUCTION MAP,ARCHIVE-VALID,archive/exploratory/scripts/q29_symmetric.py,Historical or off-paper runner; preserve with its experiment record.
scripts/q47_analyse.py,py,45f1a2e987eb42227d61154768e68bbf49459707,45f1a2e987eb42227d61154768e68bbf49459707,BO_VS_DOE_TERMINAL_RULE,Historical or non-paper work,HISTORICAL,NONE,historical record,NONE — no active claim consumer; preserved at archive/exploratory/scripts/q47_analyse.py,NOT IN ACTIVE REPRODUCTION MAP,ARCHIVE-VALID,archive/exploratory/scripts/q47_analyse.py,Historical or off-paper runner; preserve with its experiment record.
scripts/q47_predict_threshold.py,py,89a2a0281adcef195679ec233a812b36fa2d33be,89a2a0281adcef195679ec233a812b36fa2d33be,BO_VS_DOE_TERMINAL_RULE,Historical or non-paper work,HISTORICAL,NONE,historical record,NONE — no active claim consumer; preserved at archive/exploratory/scripts/q47_predict_threshold.py,NOT IN ACTIVE REPRODUCTION MAP,ARCHIVE-VALID,archive/exploratory/scripts/q47_predict_threshold.py,Historical or off-paper runner; preserve with its experiment record.
scripts/q50_paired_recompute.py,py,9a2161ba162ccdc947eb7a96f58fb0405e2cacd6,b576491eac86c7d9e6dc81b8a8c51e355efdc43b,BO_VS_DOE_TERMINAL_RULE,Historical or non-paper work,HISTORICAL,NONE,historical record,NONE — no active claim consumer; preserved at archive/exploratory/scripts/q50_paired_recompute.py,NOT IN ACTIVE REPRODUCTION MAP,ARCHIVE-VALID,archive/exploratory/scripts/q50_paired_recompute.py,Historical or off-paper runner; preserve with its experiment record.
scripts/repair_sha_citations.py,py,529460f92bd0b55b3bdb11434e59e01aa22b45c2,3ecd4a7a3a4244cf4d3d02912a377e6eb47baf8d,DESIGN_SPACE_PRE_SPADE,Historical or non-paper work,HISTORICAL,NONE,historical record,NONE — no active claim consumer; preserved at archive/exploratory/scripts/repair_sha_citations.py,NOT IN ACTIVE REPRODUCTION MAP,ARCHIVE-VALID,archive/exploratory/scripts/repair_sha_citations.py,Historical or off-paper runner; preserve with its experiment record.
scripts/report_q52_rounds_to_arrival.py,py,1cdc4481d75c4c9236c47f24b94866d6834b4eba,1cdc4481d75c4c9236c47f24b94866d6834b4eba,BO_VS_DOE_TERMINAL_RULE,Historical or non-paper work,HISTORICAL,NONE,historical record,NONE — no active claim consumer; preserved at archive/exploratory/scripts/report_q52_rounds_to_arrival.py,NOT IN ACTIVE REPRODUCTION MAP,ARCHIVE-VALID,archive/exploratory/scripts/report_q52_rounds_to_arrival.py,Historical or off-paper runner; preserve with its experiment record.
scripts/rescore_d20.py,py,e2ccd528a31c261a3cec2d6e96c9b38c649003cf,e2ccd528a31c261a3cec2d6e96c9b38c649003cf,BO_VS_DOE_TERMINAL_RULE,Historical or non-paper work,HISTORICAL,NONE,historical record,NONE — no active claim consumer; preserved at archive/exploratory/scripts/rescore_d20.py,NOT IN ACTIVE REPRODUCTION MAP,ARCHIVE-VALID,archive/exploratory/scripts/rescore_d20.py,Historical or off-paper runner; preserve with its experiment record.
scripts/rescore_oracle_best.py,py,fd842ac81b1b6aa701799970a4a117776afd5eaf,e2b9e7b04fb2618f1b073404761c11bb0cc9c868,BO_VS_DOE_TERMINAL_RULE,Historical or non-paper work,HISTORICAL,NONE,historical record,NONE — no active claim consumer; preserved at archive/exploratory/scripts/rescore_oracle_best.py,NOT IN ACTIVE REPRODUCTION MAP,ARCHIVE-VALID,archive/exploratory/scripts/rescore_oracle_best.py,Historical or off-paper runner; preserve with its experiment record.
scripts/run_ack_theta.py,py,0728d0780b28b5b33e9ae8eca47cd62f62b651c7,0728d0780b28b5b33e9ae8eca47cd62f62b651c7,SPADE_CONFIRMATION_AND_PAPER,Historical or non-paper work,HISTORICAL,NONE,historical record,NONE — no active claim consumer; preserved at archive/exploratory/scripts/run_ack_theta.py,NOT IN ACTIVE REPRODUCTION MAP,ARCHIVE-VALID,archive/exploratory/scripts/run_ack_theta.py,Historical or off-paper runner; preserve with its experiment record.
scripts/run_d23_doe_subspace.py,py,64cd33df98f294a1f8b7d474ad3286cb368c92f2,67a6f8936c4f7a5da82f859f7c4fae38e647681c,DESIGN_SPACE_PRE_SPADE,Historical or non-paper work,HISTORICAL,NONE,historical record,NONE — no active claim consumer; preserved at archive/exploratory/scripts/run_d23_doe_subspace.py,NOT IN ACTIVE REPRODUCTION MAP,ARCHIVE-VALID,archive/exploratory/scripts/run_d23_doe_subspace.py,Historical or off-paper runner; preserve with its experiment record.
scripts/run_dc_doe_certificate.py,py,58faefaecf4f8e1257e4941dd9d60c0d8e969e0c,58faefaecf4f8e1257e4941dd9d60c0d8e969e0c,SPADE_CONFIRMATION_AND_PAPER,Reproduce an active SPADE paper claim,CORE,C1;C2,producing or validating script,Claims C1;C2; command or transitive runner in paper-evidence/reproduction-map.md,NONE IDENTIFIED,INFRASTRUCTURE,software/scripts/run_dc_doe_certificate.py,"Active analyser, runner, or guard for a main paper claim."
scripts/run_doe_arm.py,py,c027e00343fd1f8a3ad448b5326fa69449be49a6,c027e00343fd1f8a3ad448b5326fa69449be49a6,BO_VS_DOE_TERMINAL_RULE,Historical or non-paper work,HISTORICAL,NONE,historical record,NONE — no active claim consumer; preserved at archive/exploratory/scripts/run_doe_arm.py,NOT IN ACTIVE REPRODUCTION MAP,ARCHIVE-VALID,archive/exploratory/scripts/run_doe_arm.py,Historical or off-paper runner; preserve with its experiment record.
scripts/run_e1.py,py,ea306a3ffad8062aae69f5f4f7388dfeaacfb219,ea306a3ffad8062aae69f5f4f7388dfeaacfb219,BO_VS_DOE_TERMINAL_RULE,Historical or non-paper work,HISTORICAL,NONE,historical record,NONE — no active claim consumer; preserved at archive/exploratory/scripts/run_e1.py,NOT IN ACTIVE REPRODUCTION MAP,ARCHIVE-VALID,archive/exploratory/scripts/run_e1.py,Historical or off-paper runner; preserve with its experiment record.
scripts/run_e2.py,py,678972c3faa753efbb59937a154b2b9a9408f392,ae3295fd92df4aaba239d3c2a7afc6eec91b4f38,BO_VS_DOE_TERMINAL_RULE,Historical or non-paper work,HISTORICAL,NONE,historical record,NONE — no active claim consumer; preserved at archive/exploratory/scripts/run_e2.py,NOT IN ACTIVE REPRODUCTION MAP,ARCHIVE-VALID,archive/exploratory/scripts/run_e2.py,Historical or off-paper runner; preserve with its experiment record.
scripts/run_e2_doe_d8.py,py,06df4f1eae8d8acea7c62e9b8720a367e0d01bb2,06df4f1eae8d8acea7c62e9b8720a367e0d01bb2,BO_VS_DOE_TERMINAL_RULE,Historical or non-paper work,HISTORICAL,NONE,historical record,NONE — no active claim consumer; preserved at archive/exploratory/scripts/run_e2_doe_d8.py,NOT IN ACTIVE REPRODUCTION MAP,ARCHIVE-VALID,archive/exploratory/scripts/run_e2_doe_d8.py,Historical or off-paper runner; preserve with its experiment record.
scripts/run_e2_shard.py,py,0aeee09e5a3c8a087858d6f07e081f59463075e8,ae3295fd92df4aaba239d3c2a7afc6eec91b4f38,BO_VS_DOE_TERMINAL_RULE,Historical or non-paper work,HISTORICAL,NONE,historical record,NONE — no active claim consumer; preserved at archive/exploratory/scripts/run_e2_shard.py,NOT IN ACTIVE REPRODUCTION MAP,ARCHIVE-VALID,archive/exploratory/scripts/run_e2_shard.py,Historical or off-paper runner; preserve with its experiment record.
scripts/run_e3.py,py,678972c3faa753efbb59937a154b2b9a9408f392,678972c3faa753efbb59937a154b2b9a9408f392,BO_VS_DOE_TERMINAL_RULE,Historical or non-paper work,HISTORICAL,NONE,historical record,NONE — no active claim consumer; preserved at archive/exploratory/scripts/run_e3.py,NOT IN ACTIVE REPRODUCTION MAP,ARCHIVE-VALID,archive/exploratory/scripts/run_e3.py,Historical or off-paper runner; preserve with its experiment record.
scripts/run_e4.py,py,1770ce6c7ae18a25bd62ddff2bad7cca89784124,472946cb3b8e8ab4d9581aa294e46e850309d6af,BO_VS_DOE_TERMINAL_RULE,Historical or non-paper work,HISTORICAL,NONE,historical record,NONE — no active claim consumer; preserved at archive/exploratory/scripts/run_e4.py,NOT IN ACTIVE REPRODUCTION MAP,ARCHIVE-VALID,archive/exploratory/scripts/run_e4.py,Historical or off-paper runner; preserve with its experiment record.
scripts/run_e4_robustness.py,py,5355bb6583204c50a9c580ab699758788a1373a3,5355bb6583204c50a9c580ab699758788a1373a3,E1-E4_FOUNDATION,Historical or non-paper work,HISTORICAL,NONE,historical record,NONE — no active claim consumer; preserved at archive/exploratory/scripts/run_e4_robustness.py,NOT IN ACTIVE REPRODUCTION MAP,ARCHIVE-VALID,archive/exploratory/scripts/run_e4_robustness.py,Historical or off-paper runner; preserve with its experiment record.
scripts/run_e7_oracle_best_fill.py,py,2c3a321defc4b3a155ef3cf673e228d27b266e19,2c3a321defc4b3a155ef3cf673e228d27b266e19,DESIGN_SPACE_PRE_SPADE,Historical or non-paper work,HISTORICAL,NONE,historical record,NONE — no active claim consumer; preserved at archive/exploratory/scripts/run_e7_oracle_best_fill.py,NOT IN ACTIVE REPRODUCTION MAP,ARCHIVE-VALID,archive/exploratory/scripts/run_e7_oracle_best_fill.py,Historical or off-paper runner; preserve with its experiment record.
scripts/run_e7_rule_p.py,py,bf4526d4edf9636e159ecf88e28f34a626ca32de,7d34e7bcbafa7303511d2988fe16529c2788b93b,DESIGN_SPACE_PRE_SPADE,Historical or non-paper work,HISTORICAL,NONE,historical record,NONE — no active claim consumer; preserved at archive/exploratory/scripts/run_e7_rule_p.py,NOT IN ACTIVE REPRODUCTION MAP,ARCHIVE-VALID,archive/exploratory/scripts/run_e7_rule_p.py,Historical or off-paper runner; preserve with its experiment record.
scripts/run_f3_draw_sweep.py,py,af8448fa7b073857f5a984f1c606bb2d2d75456d,fa0e19d55b4c3a3d0f3116a7c445c8e8f0a3a43f,DESIGN_SPACE_PRE_SPADE,Historical or non-paper work,HISTORICAL,NONE,historical record,NONE — no active claim consumer; preserved at archive/exploratory/scripts/run_f3_draw_sweep.py,NOT IN ACTIVE REPRODUCTION MAP,ARCHIVE-VALID,archive/exploratory/scripts/run_f3_draw_sweep.py,Historical or off-paper runner; preserve with its experiment record.
scripts/run_final_spade_benchmark.py,py,4832403d5cdf839cf4825788845732fb2c61165a,fe6e0ab6256544ccb68cf1fb77ab8071b07c13d9,DESIGN_SPACE_PRE_SPADE,Historical or non-paper work,HISTORICAL,NONE,historical record,NONE — no active claim consumer; preserved at archive/exploratory/scripts/run_final_spade_benchmark.py,NOT IN ACTIVE REPRODUCTION MAP,ARCHIVE-VALID,archive/exploratory/scripts/run_final_spade_benchmark.py,Historical or off-paper runner; preserve with its experiment record.
scripts/run_final_spade_feasibility.py,py,bc0540fa5c338a38a0d5b6ab513fe943ece3d9de,2b353777a87b97253bcbec3154ecc2b41599c376,DESIGN_SPACE_PRE_SPADE,Historical or non-paper work,HISTORICAL,NONE,historical record,NONE — no active claim consumer; preserved at archive/exploratory/scripts/run_final_spade_feasibility.py,NOT IN ACTIVE REPRODUCTION MAP,ARCHIVE-VALID,archive/exploratory/scripts/run_final_spade_feasibility.py,Historical or off-paper runner; preserve with its experiment record.
scripts/run_fix1_terminal_rule.py,py,63783aa3cfbb8001cdc6c22128205a7d3b84e131,63783aa3cfbb8001cdc6c22128205a7d3b84e131,DESIGN_SPACE_PRE_SPADE,Historical or non-paper work,HISTORICAL,NONE,historical record,NONE — no active claim consumer; preserved at archive/exploratory/scripts/run_fix1_terminal_rule.py,NOT IN ACTIVE REPRODUCTION MAP,ARCHIVE-VALID,archive/exploratory/scripts/run_fix1_terminal_rule.py,Historical or off-paper runner; preserve with its experiment record.
scripts/run_k1_replay_gate.py,py,11e5beef3940e4e3d1e5637face5cd2e84cadf22,11e5beef3940e4e3d1e5637face5cd2e84cadf22,DESIGN_SPACE_PRE_SPADE,Historical or non-paper work,HISTORICAL,NONE,historical record,NONE — no active claim consumer; preserved at archive/exploratory/scripts/run_k1_replay_gate.py,NOT IN ACTIVE REPRODUCTION MAP,ARCHIVE-VALID,archive/exploratory/scripts/run_k1_replay_gate.py,Historical or off-paper runner; preserve with its experiment record.
scripts/run_k6_designspace.py,py,147f1c0db76bff9da1e7a1c424fd85a908084294,fdd74596423990e0b9b6bc142d42e1df9e2b0af5,DESIGN_SPACE_PRE_SPADE,Historical or non-paper work,HISTORICAL,NONE,historical record,NONE — no active claim consumer; preserved at archive/exploratory/scripts/run_k6_designspace.py,NOT IN ACTIVE REPRODUCTION MAP,ARCHIVE-VALID,archive/exploratory/scripts/run_k6_designspace.py,Historical or off-paper runner; preserve with its experiment record.
scripts/run_k6b_conservative.py,py,7b46a015d82fa004df8d8b1fa846a12de45c2867,b3de1d27e8698f67f8caa97247fad709cbf9e75a,DESIGN_SPACE_PRE_SPADE,Historical or non-paper work,HISTORICAL,NONE,historical record,NONE — no active claim consumer; preserved at archive/exploratory/scripts/run_k6b_conservative.py,NOT IN ACTIVE REPRODUCTION MAP,ARCHIVE-VALID,archive/exploratory/scripts/run_k6b_conservative.py,Historical or off-paper runner; preserve with its experiment record.
scripts/run_kf3_followup_benchmark.py,py,504d5995e9d37f7ee90c172f50f130c0b85cea41,504d5995e9d37f7ee90c172f50f130c0b85cea41,DESIGN_SPACE_PRE_SPADE,Historical or non-paper work,HISTORICAL,NONE,historical record,NONE — no active claim consumer; preserved at archive/exploratory/scripts/run_kf3_followup_benchmark.py,NOT IN ACTIVE REPRODUCTION MAP,ARCHIVE-VALID,archive/exploratory/scripts/run_kf3_followup_benchmark.py,Historical or off-paper runner; preserve with its experiment record.
scripts/run_kr_effective_resolution.py,py,434a987dc1c767cb423acdd8ab41d081c8287d84,a9c0070b94bb419026551d6b813f31dad3c68fc4,SPADE_MANUFACTURING_RECOVERY,Historical or non-paper work,HISTORICAL,NONE,historical record,NONE — no active claim consumer; preserved at archive/exploratory/scripts/run_kr_effective_resolution.py,NOT IN ACTIVE REPRODUCTION MAP,ARCHIVE-VALID,archive/exploratory/scripts/run_kr_effective_resolution.py,Historical or off-paper runner; preserve with its experiment record.
scripts/run_kt_assurance.py,py,82c0c913b8cb10ca250b192503ad5572a8c04588,82c0c913b8cb10ca250b192503ad5572a8c04588,SPADE_MANUFACTURING_RECOVERY,Historical or non-paper work,HISTORICAL,NONE,historical record,NONE — no active claim consumer; preserved at archive/exploratory/scripts/run_kt_assurance.py,NOT IN ACTIVE REPRODUCTION MAP,ARCHIVE-VALID,archive/exploratory/scripts/run_kt_assurance.py,Historical or off-paper runner; preserve with its experiment record.
scripts/run_kt_assurance_fast.py,py,82c0c913b8cb10ca250b192503ad5572a8c04588,82c0c913b8cb10ca250b192503ad5572a8c04588,SPADE_MANUFACTURING_RECOVERY,Historical or non-paper work,HISTORICAL,NONE,historical record,NONE — no active claim consumer; preserved at archive/exploratory/scripts/run_kt_assurance_fast.py,NOT IN ACTIVE REPRODUCTION MAP,ARCHIVE-VALID,archive/exploratory/scripts/run_kt_assurance_fast.py,Historical or off-paper runner; preserve with its experiment record.
scripts/run_ktb_inflation.py,py,22249963ea95d173734cd158cb5584f230eee267,4ece249b830493918364d6428ba2366a8957e0ca,SPADE_MANUFACTURING_RECOVERY,Historical or non-paper work,HISTORICAL,NONE,historical record,NONE — no active claim consumer; preserved at archive/exploratory/scripts/run_ktb_inflation.py,NOT IN ACTIVE REPRODUCTION MAP,ARCHIVE-VALID,archive/exploratory/scripts/run_ktb_inflation.py,Historical or off-paper runner; preserve with its experiment record.
scripts/run_ku_prevalence_matched.py,py,e5b59dc30731448de3d2976be0af745dc320f314,e298b9382f062aa3a3980d637051c5cb75d13ff8,SPADE_MANUFACTURING_RECOVERY,Historical or non-paper work,HISTORICAL,NONE,historical record,NONE — no active claim consumer; preserved at archive/exploratory/scripts/run_ku_prevalence_matched.py,NOT IN ACTIVE REPRODUCTION MAP,ARCHIVE-VALID,archive/exploratory/scripts/run_ku_prevalence_matched.py,Historical or off-paper runner; preserve with its experiment record.
scripts/run_kv_plate2_certificate.py,py,2aff39d46f79999a9ee48fb2c93c7d22e2c891d6,25d4ac8550f98fee5d8f144a22bea279e674896f,SPADE_MANUFACTURING_RECOVERY,Reproduce an active SPADE paper claim,CORE,C1;C2;C3;C4;C5;C6;S1,producing or validating script,Claims C1;C2;C3;C4;C5;C6;S1; command or transitive runner in paper-evidence/reproduction-map.md,NONE IDENTIFIED,INFRASTRUCTURE,software/scripts/run_kv_plate2_certificate.py,"Active analyser, runner, or guard for a main paper claim."
scripts/run_kw_selection_blind.py,py,ed0ccf9ce911e2c70f26131cdcab0d21f57f0a1e,22249963ea95d173734cd158cb5584f230eee267,SPADE_MANUFACTURING_RECOVERY,Historical or non-paper work,HISTORICAL,NONE,historical record,NONE — no active claim consumer; preserved at archive/exploratory/scripts/run_kw_selection_blind.py,NOT IN ACTIVE REPRODUCTION MAP,ARCHIVE-VALID,archive/exploratory/scripts/run_kw_selection_blind.py,Historical or off-paper runner; preserve with its experiment record.
scripts/run_kx_calibrated_benchmark.py,py,f4344af03871dc1fca7a8ec74d54dad57815a2ff,a22f6bc0a8ed0156121de97fa1ce83935c06e994,SPADE_MANUFACTURING_RECOVERY,Historical or non-paper work,HISTORICAL,NONE,historical record,NONE — no active claim consumer; preserved at archive/exploratory/scripts/run_kx_calibrated_benchmark.py,NOT IN ACTIVE REPRODUCTION MAP,ARCHIVE-VALID,archive/exploratory/scripts/run_kx_calibrated_benchmark.py,Historical or off-paper runner; preserve with its experiment record.
scripts/run_la_round_matched.py,py,83a611251bfec57128ee1b5f4cf276909a471752,91b32387c4d3cf2c67d30623f6a3234a0a9e0d16,SPADE_MANUFACTURING_RECOVERY,Reproduce an active SPADE paper claim,CORE,C3;C4,producing or validating script,Claims C3;C4; command or transitive runner in paper-evidence/reproduction-map.md,NONE IDENTIFIED,INFRASTRUCTURE,software/scripts/run_la_round_matched.py,"Active analyser, runner, or guard for a main paper claim."
scripts/run_lb_round_sweep.py,py,02b899120bf9b96f6196839a22fb0aa00a601720,02b899120bf9b96f6196839a22fb0aa00a601720,SPADE_MANUFACTURING_RECOVERY,Historical or non-paper work,HISTORICAL,NONE,historical record,NONE — no active claim consumer; preserved at archive/exploratory/scripts/run_lb_round_sweep.py,NOT IN ACTIVE REPRODUCTION MAP,ARCHIVE-VALID,archive/exploratory/scripts/run_lb_round_sweep.py,Historical or off-paper runner; preserve with its experiment record.
scripts/run_lc_confirmatory.py,py,3bab48f1ae27b97bab758eee99c5f8d7c427ec39,8c5219798256fac933874606b7e90d2d3f12cf20,SPADE_CONFIRMATION_AND_PAPER,Reproduce an active SPADE paper claim,CORE,C3;C4,producing or validating script,Claims C3;C4; command or transitive runner in paper-evidence/reproduction-map.md,NONE IDENTIFIED,INFRASTRUCTURE,software/scripts/run_lc_confirmatory.py,"Active analyser, runner, or guard for a main paper claim."
scripts/run_p1_kernel_gate.py,py,0890f373be8a1652edb6a820514d9b24e0de1c7c,eca6b8f69c94f27c2370099a3ff09ee2e5f955cd,DESIGN_SPACE_PRE_SPADE,Historical or non-paper work,HISTORICAL,NONE,historical record,NONE — no active claim consumer; preserved at archive/exploratory/scripts/run_p1_kernel_gate.py,NOT IN ACTIVE REPRODUCTION MAP,ARCHIVE-VALID,archive/exploratory/scripts/run_p1_kernel_gate.py,Historical or off-paper runner; preserve with its experiment record.
scripts/run_p2_versionb_gamma.py,py,b1bc3f1f0348308814dca0071ac40b614b182423,1a3da0a6da79f786554a75169721a27b0fe3bd2f,DESIGN_SPACE_PRE_SPADE,Reproduce an active SPADE paper claim,CORE,C1;C2;C3;C4;C5;C6;S1,producing or validating script,Claims C1;C2;C3;C4;C5;C6;S1; command or transitive runner in paper-evidence/reproduction-map.md,NONE IDENTIFIED,INFRASTRUCTURE,software/scripts/run_p2_versionb_gamma.py,"Active analyser, runner, or guard for a main paper claim."
scripts/run_p3_cells.py,py,1b782627394d32d7ce7c0f07c6e98afe2e74a087,a42dce6d3c553ac90cc1039b65065f9798e329a5,DESIGN_SPACE_PRE_SPADE,Historical or non-paper work,HISTORICAL,NONE,historical record,NONE — no active claim consumer; preserved at archive/exploratory/scripts/run_p3_cells.py,NOT IN ACTIVE REPRODUCTION MAP,ARCHIVE-VALID,archive/exploratory/scripts/run_p3_cells.py,Historical or off-paper runner; preserve with its experiment record.
scripts/run_p4_coord.py,py,6d6ba668958b0676fb622e1da28befc0260c3f05,67a6f8936c4f7a5da82f859f7c4fae38e647681c,DESIGN_SPACE_PRE_SPADE,Historical or non-paper work,HISTORICAL,NONE,historical record,NONE — no active claim consumer; preserved at archive/exploratory/scripts/run_p4_coord.py,NOT IN ACTIVE REPRODUCTION MAP,ARCHIVE-VALID,archive/exploratory/scripts/run_p4_coord.py,Historical or off-paper runner; preserve with its experiment record.
scripts/run_p4b_alpha_anomaly.py,py,a083df8a491106dcf3fa4cb8f7c014c7319eee88,fdb8b3179aeada81d2d7adc0244f471594f24002,DESIGN_SPACE_PRE_SPADE,Historical or non-paper work,HISTORICAL,NONE,historical record,NONE — no active claim consumer; preserved at archive/exploratory/scripts/run_p4b_alpha_anomaly.py,NOT IN ACTIVE REPRODUCTION MAP,ARCHIVE-VALID,archive/exploratory/scripts/run_p4b_alpha_anomaly.py,Historical or off-paper runner; preserve with its experiment record.
scripts/run_p5_tau_quantile.py,py,66112e24a09e0bb09d7cbc9226e3ca86fade5f89,541ce68fe8510a4d5b07ffaa98ea93b943da4607,DESIGN_SPACE_PRE_SPADE,Historical or non-paper work,HISTORICAL,NONE,historical record,NONE — no active claim consumer; preserved at archive/exploratory/scripts/run_p5_tau_quantile.py,NOT IN ACTIVE REPRODUCTION MAP,ARCHIVE-VALID,archive/exploratory/scripts/run_p5_tau_quantile.py,Historical or off-paper runner; preserve with its experiment record.
scripts/run_p6_families.py,py,b5c11e09fde8f386a3c083c9065f1ce6de5bd2c4,b22e78f25ace6a7842e00c580fcf16f78cc85172,DESIGN_SPACE_PRE_SPADE,Reproduce an active SPADE paper claim,CORE,C1;C2;C3;C4;C5;C6;S1,producing or validating script,Claims C1;C2;C3;C4;C5;C6;S1; command or transitive runner in paper-evidence/reproduction-map.md,NONE IDENTIFIED,INFRASTRUCTURE,software/scripts/run_p6_families.py,"Active analyser, runner, or guard for a main paper claim."
scripts/run_p7_murphy.py,py,8de0ea422978679142fcd7a293300874730f7578,04f803c62d7d252e8b13d9f68821daaadcabb548,DESIGN_SPACE_PRE_SPADE,Historical or non-paper work,HISTORICAL,NONE,historical record,NONE — no active claim consumer; preserved at archive/exploratory/scripts/run_p7_murphy.py,NOT IN ACTIVE REPRODUCTION MAP,ARCHIVE-VALID,archive/exploratory/scripts/run_p7_murphy.py,Historical or off-paper runner; preserve with its experiment record.
scripts/run_p8_certificate_families.py,py,2941a2032eb23886bdda7b709e8bf3b855468300,2941a2032eb23886bdda7b709e8bf3b855468300,DESIGN_SPACE_PRE_SPADE,Reproduce an active SPADE paper claim,CORE,C1;C2;C3;C4;C5;C6;S1,producing or validating script,Claims C1;C2;C3;C4;C5;C6;S1; command or transitive runner in paper-evidence/reproduction-map.md,NONE IDENTIFIED,INFRASTRUCTURE,software/scripts/run_p8_certificate_families.py,"Active analyser, runner, or guard for a main paper claim."
scripts/run_q30_additive.py,py,daceb6be52b8484187e7bf7584a7d6ca3d834993,daceb6be52b8484187e7bf7584a7d6ca3d834993,BO_VS_DOE_TERMINAL_RULE,Historical or non-paper work,HISTORICAL,NONE,historical record,NONE — no active claim consumer; preserved at archive/exploratory/scripts/run_q30_additive.py,NOT IN ACTIVE REPRODUCTION MAP,ARCHIVE-VALID,archive/exploratory/scripts/run_q30_additive.py,Historical or off-paper runner; preserve with its experiment record.
scripts/run_q33_extrapolation.py,py,3b8f82f8687cd926555c8c42cbd080141dda9e53,3b8f82f8687cd926555c8c42cbd080141dda9e53,BO_VS_DOE_TERMINAL_RULE,Historical or non-paper work,HISTORICAL,NONE,historical record,NONE — no active claim consumer; preserved at archive/exploratory/scripts/run_q33_extrapolation.py,NOT IN ACTIVE REPRODUCTION MAP,ARCHIVE-VALID,archive/exploratory/scripts/run_q33_extrapolation.py,Historical or off-paper runner; preserve with its experiment record.
scripts/run_q34_factorial.py,py,a1420d4fc21e02d4303ccdbb0e992ab5e663fd73,a1420d4fc21e02d4303ccdbb0e992ab5e663fd73,BO_VS_DOE_TERMINAL_RULE,Historical or non-paper work,HISTORICAL,NONE,historical record,NONE — no active claim consumer; preserved at archive/exploratory/scripts/run_q34_factorial.py,NOT IN ACTIVE REPRODUCTION MAP,ARCHIVE-VALID,archive/exploratory/scripts/run_q34_factorial.py,Historical or off-paper runner; preserve with its experiment record.
scripts/run_q35_constrained_rsm.py,py,3ecd943cb20a7b75b2840b2478c956200182246b,e2ccd528a31c261a3cec2d6e96c9b38c649003cf,BO_VS_DOE_TERMINAL_RULE,Historical or non-paper work,HISTORICAL,NONE,historical record,NONE — no active claim consumer; preserved at archive/exploratory/scripts/run_q35_constrained_rsm.py,NOT IN ACTIVE REPRODUCTION MAP,ARCHIVE-VALID,archive/exploratory/scripts/run_q35_constrained_rsm.py,Historical or off-paper runner; preserve with its experiment record.
scripts/run_q36_generality.py,py,adadbc06c000a8f0fb2098a2a72eab7c687a3f8d,e2ccd528a31c261a3cec2d6e96c9b38c649003cf,BO_VS_DOE_TERMINAL_RULE,Historical or non-paper work,HISTORICAL,NONE,historical record,NONE — no active claim consumer; preserved at archive/exploratory/scripts/run_q36_generality.py,NOT IN ACTIVE REPRODUCTION MAP,ARCHIVE-VALID,archive/exploratory/scripts/run_q36_generality.py,Historical or off-paper runner; preserve with its experiment record.
scripts/run_q37_replay_power.py,py,ab3fcd51ae68e9cbc5c266848227279aaee2b90e,ab3fcd51ae68e9cbc5c266848227279aaee2b90e,BO_VS_DOE_TERMINAL_RULE,Historical or non-paper work,HISTORICAL,NONE,historical record,NONE — no active claim consumer; preserved at archive/exploratory/scripts/run_q37_replay_power.py,NOT IN ACTIVE REPRODUCTION MAP,ARCHIVE-VALID,archive/exploratory/scripts/run_q37_replay_power.py,Historical or off-paper runner; preserve with its experiment record.
scripts/run_q38_cost_model.py,py,65d3c187b5545f68741b329745bbfc90ea686487,65d3c187b5545f68741b329745bbfc90ea686487,BO_VS_DOE_TERMINAL_RULE,Historical or non-paper work,HISTORICAL,NONE,historical record,NONE — no active claim consumer; preserved at archive/exploratory/scripts/run_q38_cost_model.py,NOT IN ACTIVE REPRODUCTION MAP,ARCHIVE-VALID,archive/exploratory/scripts/run_q38_cost_model.py,Historical or off-paper runner; preserve with its experiment record.
scripts/run_q39_multiplicity.py,py,0fbde3d9b7912f6d9949f7af04ae54c51ab80f97,0fbde3d9b7912f6d9949f7af04ae54c51ab80f97,BO_VS_DOE_TERMINAL_RULE,Historical or non-paper work,HISTORICAL,NONE,historical record,NONE — no active claim consumer; preserved at archive/exploratory/scripts/run_q39_multiplicity.py,NOT IN ACTIVE REPRODUCTION MAP,ARCHIVE-VALID,archive/exploratory/scripts/run_q39_multiplicity.py,Historical or off-paper runner; preserve with its experiment record.
scripts/run_q40_critical_difference.py,py,46241b5788807e27602bdff542860464212708cd,46241b5788807e27602bdff542860464212708cd,BO_VS_DOE_TERMINAL_RULE,Historical or non-paper work,HISTORICAL,NONE,historical record,NONE — no active claim consumer; preserved at archive/exploratory/scripts/run_q40_critical_difference.py,NOT IN ACTIVE REPRODUCTION MAP,ARCHIVE-VALID,archive/exploratory/scripts/run_q40_critical_difference.py,Historical or off-paper runner; preserve with its experiment record.
scripts/run_q42_families.py,py,ff985eafd6ff0227ee3ee71c9af8df2594f2e5aa,e2ccd528a31c261a3cec2d6e96c9b38c649003cf,BO_VS_DOE_TERMINAL_RULE,Historical or non-paper work,HISTORICAL,NONE,historical record,NONE — no active claim consumer; preserved at archive/exploratory/scripts/run_q42_families.py,NOT IN ACTIVE REPRODUCTION MAP,ARCHIVE-VALID,archive/exploratory/scripts/run_q42_families.py,Historical or off-paper runner; preserve with its experiment record.
scripts/run_q43_attribution.py,py,58785c9b66df84b6bbb5b9797f6579b30a237eae,58785c9b66df84b6bbb5b9797f6579b30a237eae,BO_VS_DOE_TERMINAL_RULE,Historical or non-paper work,HISTORICAL,NONE,historical record,NONE — no active claim consumer; preserved at archive/exploratory/scripts/run_q43_attribution.py,NOT IN ACTIVE REPRODUCTION MAP,ARCHIVE-VALID,archive/exploratory/scripts/run_q43_attribution.py,Historical or off-paper runner; preserve with its experiment record.
scripts/run_q45_fourfactor_refit.py,py,88f5bb23517212d672e5c0eb0e338c30d14cfc67,88f5bb23517212d672e5c0eb0e338c30d14cfc67,BO_VS_DOE_TERMINAL_RULE,Historical or non-paper work,HISTORICAL,NONE,historical record,NONE — no active claim consumer; preserved at archive/exploratory/scripts/run_q45_fourfactor_refit.py,NOT IN ACTIVE REPRODUCTION MAP,ARCHIVE-VALID,archive/exploratory/scripts/run_q45_fourfactor_refit.py,Historical or off-paper runner; preserve with its experiment record.
scripts/run_q47_multifidelity.py,py,700a602aa119d7c8a470bc8cc3eacb5cb29b4533,0ffcb7a38ea1885cdf01507668a473211eafbe9d,BO_VS_DOE_TERMINAL_RULE,Historical or non-paper work,HISTORICAL,NONE,historical record,NONE — no active claim consumer; preserved at archive/exploratory/scripts/run_q47_multifidelity.py,NOT IN ACTIVE REPRODUCTION MAP,ARCHIVE-VALID,archive/exploratory/scripts/run_q47_multifidelity.py,Historical or off-paper runner; preserve with its experiment record.
scripts/run_q48_design_variance.py,py,a2ff573fed7b68971eea156b0e0c5d7663b78ea4,b576491eac86c7d9e6dc81b8a8c51e355efdc43b,BO_VS_DOE_TERMINAL_RULE,Historical or non-paper work,HISTORICAL,NONE,historical record,NONE — no active claim consumer; preserved at archive/exploratory/scripts/run_q48_design_variance.py,NOT IN ACTIVE REPRODUCTION MAP,ARCHIVE-VALID,archive/exploratory/scripts/run_q48_design_variance.py,Historical or off-paper runner; preserve with its experiment record.
scripts/run_q49_noise_threshold.py,py,3fdb618dbbbc9556c3a95292ca91d6c9b27490eb,3fdb618dbbbc9556c3a95292ca91d6c9b27490eb,BO_VS_DOE_TERMINAL_RULE,Historical or non-paper work,HISTORICAL,NONE,historical record,NONE — no active claim consumer; preserved at archive/exploratory/scripts/run_q49_noise_threshold.py,NOT IN ACTIVE REPRODUCTION MAP,ARCHIVE-VALID,archive/exploratory/scripts/run_q49_noise_threshold.py,Historical or off-paper runner; preserve with its experiment record.
scripts/run_q50_qlogei_seedsweep.py,py,44d85bffbac84a87ef1025e34b211579e52369ad,44d85bffbac84a87ef1025e34b211579e52369ad,BO_VS_DOE_TERMINAL_RULE,Historical or non-paper work,HISTORICAL,NONE,historical record,NONE — no active claim consumer; preserved at archive/exploratory/scripts/run_q50_qlogei_seedsweep.py,NOT IN ACTIVE REPRODUCTION MAP,ARCHIVE-VALID,archive/exploratory/scripts/run_q50_qlogei_seedsweep.py,Historical or off-paper runner; preserve with its experiment record.
scripts/run_q52_budget_to_target.py,py,633e74d381b42d5b74f23f24e3642f643f71a9bd,633e74d381b42d5b74f23f24e3642f643f71a9bd,BO_VS_DOE_TERMINAL_RULE,Historical or non-paper work,HISTORICAL,NONE,historical record,NONE — no active claim consumer; preserved at archive/exploratory/scripts/run_q52_budget_to_target.py,NOT IN ACTIVE REPRODUCTION MAP,ARCHIVE-VALID,archive/exploratory/scripts/run_q52_budget_to_target.py,Historical or off-paper runner; preserve with its experiment record.
scripts/run_q52_flatten.py,py,f7555aee659438fc659eb66006020283050074f5,f7555aee659438fc659eb66006020283050074f5,BO_VS_DOE_TERMINAL_RULE,Historical or non-paper work,HISTORICAL,NONE,historical record,NONE — no active claim consumer; preserved at archive/exploratory/scripts/run_q52_flatten.py,NOT IN ACTIVE REPRODUCTION MAP,ARCHIVE-VALID,archive/exploratory/scripts/run_q52_flatten.py,Historical or off-paper runner; preserve with its experiment record.
scripts/run_q52_floor.py,py,f7555aee659438fc659eb66006020283050074f5,01ba954a4157cac428028e035b0b6d8e180b86e8,BO_VS_DOE_TERMINAL_RULE,Historical or non-paper work,HISTORICAL,NONE,historical record,NONE — no active claim consumer; preserved at archive/exploratory/scripts/run_q52_floor.py,NOT IN ACTIVE REPRODUCTION MAP,ARCHIVE-VALID,archive/exploratory/scripts/run_q52_floor.py,Historical or off-paper runner; preserve with its experiment record.
scripts/run_q53_spread_gp_families.py,py,9c7a0810176f3e533b8ec66c82c117b540f78119,fe04ec34b6ce80793fe431cf6a467678fce49765,BO_VS_DOE_TERMINAL_RULE,Historical or non-paper work,HISTORICAL,NONE,historical record,NONE — no active claim consumer; preserved at archive/exploratory/scripts/run_q53_spread_gp_families.py,NOT IN ACTIVE REPRODUCTION MAP,ARCHIVE-VALID,archive/exploratory/scripts/run_q53_spread_gp_families.py,Historical or off-paper runner; preserve with its experiment record.
scripts/run_q54_hill_spread_gp_draws.py,py,756e4ea9c93a0e2abff10ef5eb1cf164221d04ff,3ecfe6df2e6d83fdb58b3a461a18cc81a857172f,BO_VS_DOE_TERMINAL_RULE,Historical or non-paper work,HISTORICAL,NONE,historical record,NONE — no active claim consumer; preserved at archive/exploratory/scripts/run_q54_hill_spread_gp_draws.py,NOT IN ACTIVE REPRODUCTION MAP,ARCHIVE-VALID,archive/exploratory/scripts/run_q54_hill_spread_gp_draws.py,Historical or off-paper runner; preserve with its experiment record.
scripts/run_q56_doe_ascent.py,py,fd842ac81b1b6aa701799970a4a117776afd5eaf,fd842ac81b1b6aa701799970a4a117776afd5eaf,BO_VS_DOE_TERMINAL_RULE,Historical or non-paper work,HISTORICAL,NONE,historical record,NONE — no active claim consumer; preserved at archive/exploratory/scripts/run_q56_doe_ascent.py,NOT IN ACTIVE REPRODUCTION MAP,ARCHIVE-VALID,archive/exploratory/scripts/run_q56_doe_ascent.py,Historical or off-paper runner; preserve with its experiment record.
scripts/run_q58_selection_sensitivity.py,py,e2b9e7b04fb2618f1b073404761c11bb0cc9c868,e2b9e7b04fb2618f1b073404761c11bb0cc9c868,BO_VS_DOE_TERMINAL_RULE,Historical or non-paper work,HISTORICAL,NONE,historical record,NONE — no active claim consumer; preserved at archive/exploratory/scripts/run_q58_selection_sensitivity.py,NOT IN ACTIVE REPRODUCTION MAP,ARCHIVE-VALID,archive/exploratory/scripts/run_q58_selection_sensitivity.py,Historical or off-paper runner; preserve with its experiment record.
scripts/run_q59_hartmann_no_screen.py,py,98c043cd625b1f02b5fe9879fac21448733c9e38,a0ea7879638e23f1ced203c2a28a363d7fbd55e5,DESIGN_SPACE_PRE_SPADE,Historical or non-paper work,HISTORICAL,NONE,historical record,NONE — no active claim consumer; preserved at archive/exploratory/scripts/run_q59_hartmann_no_screen.py,NOT IN ACTIVE REPRODUCTION MAP,ARCHIVE-VALID,archive/exploratory/scripts/run_q59_hartmann_no_screen.py,Historical or off-paper runner; preserve with its experiment record.
scripts/run_q59_map_rescore.py,py,9af678cba947ba9e68230bf60895d96f04532b63,0f8a9f5949a9c7ba2c7596cd3d15d656d7103894,DESIGN_SPACE_PRE_SPADE,Historical or non-paper work,HISTORICAL,NONE,historical record,NONE — no active claim consumer; preserved at archive/exploratory/scripts/run_q59_map_rescore.py,NOT IN ACTIVE REPRODUCTION MAP,ARCHIVE-VALID,archive/exploratory/scripts/run_q59_map_rescore.py,Historical or off-paper runner; preserve with its experiment record.
scripts/run_real_ipsc_certification.py,py,a261b0ac8e2aea3e8f4a5f2b0312bb8517cab902,0e36593e9c567413b30a9c996e3309d2bdd4aad3,SPADE_MANUFACTURING_RECOVERY,Validate SPADE behavior on real assays,SUPPORT,S2;S3,producing script,Claims S2;S3; command or transitive runner in paper-evidence/reproduction-map.md,NONE IDENTIFIED,INFRASTRUCTURE,software/scripts/run_real_ipsc_certification.py,Active real-cell supporting analysis.
scripts/run_replay_hall_ogle.py,py,2347a54784a3afbc6d511cc08b05830017ed7742,352cb12a54e0b7396b159d28406d36eedc137331,LAB_AND_PUBLISHED_DATA,Validate SPADE behavior on real assays,SUPPORT,S2;S3,producing script,Claims S2;S3; command or transitive runner in paper-evidence/reproduction-map.md,NONE IDENTIFIED,INFRASTRUCTURE,software/scripts/run_replay_hall_ogle.py,Active real-cell supporting analysis.
scripts/run_spade_actions_worker.py,py,4da57874183870b25823e2d648a995e318873868,4da57874183870b25823e2d648a995e318873868,SPADE_MANUFACTURING_RECOVERY,Historical or non-paper work,HISTORICAL,NONE,historical record,NONE — no active claim consumer; preserved at archive/exploratory/scripts/run_spade_actions_worker.py,NOT IN ACTIVE REPRODUCTION MAP,ARCHIVE-VALID,archive/exploratory/scripts/run_spade_actions_worker.py,Historical or off-paper runner; preserve with its experiment record.
scripts/run_spade_development.py,py,5ba499f4f50df4e041144603bcf92a16676c4028,eea2b308e06224fb5f3a7dceccfcd7242c5dc63a,SPADE_MANUFACTURING_RECOVERY,Historical or non-paper work,HISTORICAL,NONE,historical record,NONE — no active claim consumer; preserved at archive/exploratory/scripts/run_spade_development.py,NOT IN ACTIVE REPRODUCTION MAP,ARCHIVE-VALID,archive/exploratory/scripts/run_spade_development.py,Historical or off-paper runner; preserve with its experiment record.
scripts/run_spade_lockbox.py,py,a7825b07ab8b4a4b538d1a794b711e21c3d6ed02,57e0749fe134a7d3b99075efdd251e476edff34d,SPADE_MANUFACTURING_RECOVERY,Historical or non-paper work,HISTORICAL,NONE,historical record,NONE — no active claim consumer; preserved at archive/exploratory/scripts/run_spade_lockbox.py,NOT IN ACTIVE REPRODUCTION MAP,ARCHIVE-VALID,archive/exploratory/scripts/run_spade_lockbox.py,Historical or off-paper runner; preserve with its experiment record.
scripts/run_spade_multi_cqa_benchmark.py,py,11b405f09a6ebb7eceade4cccb7efad536c18142,57e0749fe134a7d3b99075efdd251e476edff34d,SPADE_MANUFACTURING_RECOVERY,Historical or non-paper work,HISTORICAL,NONE,historical record,NONE — no active claim consumer; preserved at archive/exploratory/scripts/run_spade_multi_cqa_benchmark.py,NOT IN ACTIVE REPRODUCTION MAP,ARCHIVE-VALID,archive/exploratory/scripts/run_spade_multi_cqa_benchmark.py,Historical or off-paper runner; preserve with its experiment record.
scripts/run_step0_oracle_best.py,py,6edf70807c4633c89be0be4df2ff9da0fa27e066,63783aa3cfbb8001cdc6c22128205a7d3b84e131,DESIGN_SPACE_PRE_SPADE,Historical or non-paper work,HISTORICAL,NONE,historical record,NONE — no active claim consumer; preserved at archive/exploratory/scripts/run_step0_oracle_best.py,NOT IN ACTIVE REPRODUCTION MAP,ARCHIVE-VALID,archive/exploratory/scripts/run_step0_oracle_best.py,Historical or off-paper runner; preserve with its experiment record.
scripts/run_tau_quantile_followup.py,py,8dffaf712318d29f50a51de8c793dba2b57e25fd,8dffaf712318d29f50a51de8c793dba2b57e25fd,SPADE_DEVELOPMENT_AND_LOCKBOX,Historical or non-paper work,HISTORICAL,NONE,historical record,NONE — no active claim consumer; preserved at archive/exploratory/scripts/run_tau_quantile_followup.py,NOT IN ACTIVE REPRODUCTION MAP,ARCHIVE-VALID,archive/exploratory/scripts/run_tau_quantile_followup.py,Historical or off-paper runner; preserve with its experiment record.
scripts/run_tau_sweep.py,py,cb9e391f27aa4f140d4e839b0a4ab339e76cbf21,cb9e391f27aa4f140d4e839b0a4ab339e76cbf21,SPADE_CONFIRMATION_AND_PAPER,Reproduce an active SPADE paper claim,CORE,C5;C6,producing or validating script,Claims C5;C6; command or transitive runner in paper-evidence/reproduction-map.md,NONE IDENTIFIED,INFRASTRUCTURE,software/scripts/run_tau_sweep.py,"Active analyser, runner, or guard for a main paper claim."
scripts/run_tt_theta_tau.py,py,5983bad6ebe6d84669b68ae1b34df7f29b33ec4c,5983bad6ebe6d84669b68ae1b34df7f29b33ec4c,SPADE_CONFIRMATION_AND_PAPER,Reproduce an active SPADE paper claim,CORE,C5;C6,producing or validating script,Claims C5;C6; command or transitive runner in paper-evidence/reproduction-map.md,NONE IDENTIFIED,INFRASTRUCTURE,software/scripts/run_tt_theta_tau.py,"Active analyser, runner, or guard for a main paper claim."
scripts/run_versionb.py,py,f8290a5bf5612f5151661e82c43cd6877bd7f0a8,d9f371ed85895ae97d66206cda270f88c5c579fe,SPADE_MANUFACTURING_RECOVERY,Reproduce an active SPADE paper claim,CORE,C1;C2;C3;C4;C5;C6;S1,producing or validating script,Claims C1;C2;C3;C4;C5;C6;S1; command or transitive runner in paper-evidence/reproduction-map.md,NONE IDENTIFIED,INFRASTRUCTURE,software/scripts/run_versionb.py,"Active analyser, runner, or guard for a main paper claim."
scripts/run_versionc_components_family.py,py,932809df117465cd4bd7f4e96a4df87945f582f1,10deca84b3c23768b20f248b814c55754af1ceb6,DESIGN_SPACE_PRE_SPADE,Historical or non-paper work,HISTORICAL,NONE,historical record,NONE — no active claim consumer; preserved at archive/exploratory/scripts/run_versionc_components_family.py,NOT IN ACTIVE REPRODUCTION MAP,ARCHIVE-VALID,archive/exploratory/scripts/run_versionc_components_family.py,Historical or off-paper runner; preserve with its experiment record.
scripts/run_versionc_detector.py,py,9a03fb3fea65c4bd14c41bdcc9da18c56e93c018,9a03fb3fea65c4bd14c41bdcc9da18c56e93c018,DESIGN_SPACE_PRE_SPADE,Historical or non-paper work,HISTORICAL,NONE,historical record,NONE — no active claim consumer; preserved at archive/exploratory/scripts/run_versionc_detector.py,NOT IN ACTIVE REPRODUCTION MAP,ARCHIVE-VALID,archive/exploratory/scripts/run_versionc_detector.py,Historical or off-paper runner; preserve with its experiment record.
scripts/run_versionc_detector_heldout.py,py,56713be5b8022f85f1db6d158be1060f77fc6426,fc30aa434794ce76b55d57fc2a8e9b7458635537,DESIGN_SPACE_PRE_SPADE,Historical or non-paper work,HISTORICAL,NONE,historical record,NONE — no active claim consumer; preserved at archive/exploratory/scripts/run_versionc_detector_heldout.py,NOT IN ACTIVE REPRODUCTION MAP,ARCHIVE-VALID,archive/exploratory/scripts/run_versionc_detector_heldout.py,Historical or off-paper runner; preserve with its experiment record.
scripts/run_versionc_form1.py,py,0f8a9f5949a9c7ba2c7596cd3d15d656d7103894,e2ef7e58bd5bc24166ddabcd578c0aa9de394cf3,DESIGN_SPACE_PRE_SPADE,Historical or non-paper work,HISTORICAL,NONE,historical record,NONE — no active claim consumer; preserved at archive/exploratory/scripts/run_versionc_form1.py,NOT IN ACTIVE REPRODUCTION MAP,ARCHIVE-VALID,archive/exploratory/scripts/run_versionc_form1.py,Historical or off-paper runner; preserve with its experiment record.
scripts/run_versionc_gate.py,py,02a4728620f09139c335a0f447f8a5f28384accf,02a4728620f09139c335a0f447f8a5f28384accf,DESIGN_SPACE_PRE_SPADE,Historical or non-paper work,HISTORICAL,NONE,historical record,NONE — no active claim consumer; preserved at archive/exploratory/scripts/run_versionc_gate.py,NOT IN ACTIVE REPRODUCTION MAP,ARCHIVE-VALID,archive/exploratory/scripts/run_versionc_gate.py,Historical or off-paper runner; preserve with its experiment record.
scripts/select_spade_protocol.py,py,5ba499f4f50df4e041144603bcf92a16676c4028,d54cae816e43759d78fbba8916f2acc88a9f27f0,SPADE_DEVELOPMENT_AND_LOCKBOX,Historical or non-paper work,HISTORICAL,NONE,historical record,NONE — no active claim consumer; preserved at archive/exploratory/scripts/select_spade_protocol.py,NOT IN ACTIVE REPRODUCTION MAP,ARCHIVE-VALID,archive/exploratory/scripts/select_spade_protocol.py,Historical or off-paper runner; preserve with its experiment record.
scripts/spade_development_watchdog.sh,sh,e6f02757d218056fd006913f4f22ac34c33bfa49,e6f02757d218056fd006913f4f22ac34c33bfa49,SPADE_MANUFACTURING_RECOVERY,Historical or non-paper work,HISTORICAL,NONE,historical record,NONE — no active claim consumer; preserved at archive/exploratory/scripts/spade_development_watchdog.sh,NOT IN ACTIVE REPRODUCTION MAP,ARCHIVE-VALID,archive/exploratory/scripts/spade_development_watchdog.sh,Historical or off-paper runner; preserve with its experiment record.
scripts/validate_final_spade_release.py,py,842ad1ad5cb3ca63c20b3d86a1d2ad7f4cbd8075,3d4ccc886c0206cc178fb815333dffa95c1f5916,DESIGN_SPACE_PRE_SPADE,Historical or non-paper work,HISTORICAL,NONE,historical record,NONE — no active claim consumer; preserved at archive/exploratory/scripts/validate_final_spade_release.py,NOT IN ACTIVE REPRODUCTION MAP,ARCHIVE-VALID,archive/exploratory/scripts/validate_final_spade_release.py,Historical or off-paper runner; preserve with its experiment record.
scripts/validate_spade_lockbox_release.py,py,a7825b07ab8b4a4b538d1a794b711e21c3d6ed02,eea2b308e06224fb5f3a7dceccfcd7242c5dc63a,SPADE_MANUFACTURING_RECOVERY,Historical or non-paper work,HISTORICAL,NONE,historical record,NONE — no active claim consumer; preserved at archive/exploratory/scripts/validate_spade_lockbox_release.py,NOT IN ACTIVE REPRODUCTION MAP,ARCHIVE-VALID,archive/exploratory/scripts/validate_spade_lockbox_release.py,Historical or off-paper runner; preserve with its experiment record.
scripts/verify_conclusions.py,py,2a9c23ea1bd7f74c745d9ecab704c43114641ca7,f0164bd62ee7103e5f289ddd0ba93be93cc3f5c4,SPADE_CONFIRMATION_AND_PAPER,Reproduce an active SPADE paper claim,CORE,C3;C4,producing or validating script,Claims C3;C4; command or transitive runner in paper-evidence/reproduction-map.md,NONE IDENTIFIED,INFRASTRUCTURE,software/scripts/verify_conclusions.py,"Active analyser, runner, or guard for a main paper claim."
src/boec/__init__.py,py,89e4babce0bb1cbce717d49eaaf733459162a861,8696644d9d94251f29931ee6debda84c604fc4b7,BO_VS_DOE_TERMINAL_RULE,Implement or communicate SPADE and its evidence pipeline,ACTIVE,NONE,active source dependency,Claims NONE; imported transitively by active scripts in paper-evidence/reproduction-map.md,NONE IDENTIFIED,INFRASTRUCTURE,software/src/boec/__init__.py,Imported by the active SPADE reproduction or publication-figure path.
src/boec/bagged.py,py,1b75d50fa440c77898d5075413cc9a827d2c3b05,1b75d50fa440c77898d5075413cc9a827d2c3b05,SPADE_MANUFACTURING_RECOVERY,Historical or non-paper work,HISTORICAL,NONE,historical implementation,NONE — no active claim consumer; preserved at archive/exploratory/src/boec/bagged.py,NOT IMPORTED BY ACTIVE REPRODUCTION,ARCHIVE-VALID,archive/exploratory/src/boec/bagged.py,Implementation belongs to a completed off-paper experiment and has no active importer.
src/boec/baselines.py,py,678972c3faa753efbb59937a154b2b9a9408f392,678972c3faa753efbb59937a154b2b9a9408f392,BO_VS_DOE_TERMINAL_RULE,Historical or non-paper work,HISTORICAL,NONE,historical implementation,NONE — no active claim consumer; preserved at archive/exploratory/src/boec/baselines.py,NOT IMPORTED BY ACTIVE REPRODUCTION,ARCHIVE-VALID,archive/exploratory/src/boec/baselines.py,Implementation belongs to a completed off-paper experiment and has no active importer.
src/boec/budget.py,py,df11ad622a2accc59603f054238b508e59cc6db4,df11ad622a2accc59603f054238b508e59cc6db4,BO_VS_DOE_TERMINAL_RULE,Historical or non-paper work,HISTORICAL,NONE,historical implementation,NONE — no active claim consumer; preserved at archive/exploratory/src/boec/budget.py,NOT IMPORTED BY ACTIVE REPRODUCTION,ARCHIVE-VALID,archive/exploratory/src/boec/budget.py,Implementation belongs to a completed off-paper experiment and has no active importer.
src/boec/calibration.py,py,98f9ea8f09c19cd6f5b4aca4c5a79fcbedf43e02,8c45e31e827075e266017d30226f4267fb9061cb,DESIGN_SPACE_PRE_SPADE,Implement SPADE and its active comparators,ACTIVE,C1;C2;C3;C4;C5;C6;S1;S2;S3,active source dependency,Claims C1;C2;C3;C4;C5;C6;S1;S2;S3; imported transitively by active scripts in paper-evidence/reproduction-map.md,NONE IDENTIFIED,INFRASTRUCTURE,software/src/boec/calibration.py,Transitively imported by an active main-claim or supporting reproduction path.
src/boec/campaign.py,py,89e4babce0bb1cbce717d49eaaf733459162a861,398ed731cb8e632cd482d0bfd3465a358a0aec45,SPADE_DEVELOPMENT_AND_LOCKBOX,Implement SPADE and its active comparators,ACTIVE,C1;C2;C3;C4;C5;C6;S1;S2;S3,active source dependency,Claims C1;C2;C3;C4;C5;C6;S1;S2;S3; imported transitively by active scripts in paper-evidence/reproduction-map.md,NONE IDENTIFIED,INFRASTRUCTURE,software/src/boec/campaign.py,Transitively imported by an active main-claim or supporting reproduction path.
src/boec/certstraddle.py,py,91af117e7edc17b4dc920a57fa598c4d70ab3013,1df991ad4b11897731600a4c00955c5c609ebbcb,SPADE_MANUFACTURING_RECOVERY,Implement SPADE and its active comparators,ACTIVE,C1;C2;C3;C4;C5;C6;S1;S2;S3,active source dependency,Claims C1;C2;C3;C4;C5;C6;S1;S2;S3; imported transitively by active scripts in paper-evidence/reproduction-map.md,NONE IDENTIFIED,INFRASTRUCTURE,software/src/boec/certstraddle.py,Transitively imported by an active main-claim or supporting reproduction path.
src/boec/designs.py,py,89e4babce0bb1cbce717d49eaaf733459162a861,1b064e823eb4db810f4b5f4795b2c9ad0cfba51b,BO_VS_DOE_TERMINAL_RULE,Implement SPADE and its active comparators,ACTIVE,C1;C2;C3;C4;C5;C6;S1;S2;S3,active source dependency,Claims C1;C2;C3;C4;C5;C6;S1;S2;S3; imported transitively by active scripts in paper-evidence/reproduction-map.md,NONE IDENTIFIED,INFRASTRUCTURE,software/src/boec/designs.py,Transitively imported by an active main-claim or supporting reproduction path.
src/boec/designspace.py,py,11e5beef3940e4e3d1e5637face5cd2e84cadf22,8aeba0b069087df2aa69a8a93a6c53a83db7a52d,SPADE_DEVELOPMENT_AND_LOCKBOX,Implement SPADE and its active comparators,ACTIVE,C1;C2;C3;C4;C5;C6;S1;S2;S3,active source dependency,Claims C1;C2;C3;C4;C5;C6;S1;S2;S3; imported transitively by active scripts in paper-evidence/reproduction-map.md,NONE IDENTIFIED,INFRASTRUCTURE,software/src/boec/designspace.py,Transitively imported by an active main-claim or supporting reproduction path.
src/boec/diagnostics.py,py,678972c3faa753efbb59937a154b2b9a9408f392,678972c3faa753efbb59937a154b2b9a9408f392,BO_VS_DOE_TERMINAL_RULE,Implement SPADE and its active comparators,ACTIVE,C1;C2;C3;C4;C5;C6;S1;S2;S3,active source dependency,Claims C1;C2;C3;C4;C5;C6;S1;S2;S3; imported transitively by active scripts in paper-evidence/reproduction-map.md,NONE IDENTIFIED,INFRASTRUCTURE,software/src/boec/diagnostics.py,Transitively imported by an active main-claim or supporting reproduction path.
src/boec/discrimination.py,py,89e4babce0bb1cbce717d49eaaf733459162a861,c962cd6ed7613fcc7ca31280266959fcc04518c2,E1-E4_FOUNDATION,Implement SPADE and its active comparators,ACTIVE,C1;C2;C3;C4;C5;C6;S1;S2;S3,active source dependency,Claims C1;C2;C3;C4;C5;C6;S1;S2;S3; imported transitively by active scripts in paper-evidence/reproduction-map.md,NONE IDENTIFIED,INFRASTRUCTURE,software/src/boec/discrimination.py,Transitively imported by an active main-claim or supporting reproduction path.
src/boec/doe.py,py,c027e00343fd1f8a3ad448b5326fa69449be49a6,fe6e0ab6256544ccb68cf1fb77ab8071b07c13d9,DESIGN_SPACE_PRE_SPADE,Implement SPADE and its active comparators,ACTIVE,C1;C2;C3;C4;C5;C6;S1;S2;S3,active source dependency,Claims C1;C2;C3;C4;C5;C6;S1;S2;S3; imported transitively by active scripts in paper-evidence/reproduction-map.md,NONE IDENTIFIED,INFRASTRUCTURE,software/src/boec/doe.py,Transitively imported by an active main-claim or supporting reproduction path.
src/boec/doe_repeat.py,py,633e74d381b42d5b74f23f24e3642f643f71a9bd,633e74d381b42d5b74f23f24e3642f643f71a9bd,BO_VS_DOE_TERMINAL_RULE,Historical or non-paper work,HISTORICAL,NONE,historical implementation,NONE — no active claim consumer; preserved at archive/exploratory/src/boec/doe_repeat.py,NOT IMPORTED BY ACTIVE REPRODUCTION,ARCHIVE-VALID,archive/exploratory/src/boec/doe_repeat.py,Implementation belongs to a completed off-paper experiment and has no active importer.
src/boec/e4.py,py,89e4babce0bb1cbce717d49eaaf733459162a861,c962cd6ed7613fcc7ca31280266959fcc04518c2,E1-E4_FOUNDATION,Implement SPADE and its active comparators,ACTIVE,C1;C2;C3;C4;C5;C6;S1;S2;S3,active source dependency,Claims C1;C2;C3;C4;C5;C6;S1;S2;S3; imported transitively by active scripts in paper-evidence/reproduction-map.md,NONE IDENTIFIED,INFRASTRUCTURE,software/src/boec/e4.py,Transitively imported by an active main-claim or supporting reproduction path.
src/boec/evaluators.py,py,2cdc8ca9ad30f3320e0a0e164e983b6e071fd406,9bcef5768e67f1400fe8b183467e81554f00f271,BO_VS_DOE_TERMINAL_RULE,Implement SPADE and its active comparators,ACTIVE,C1;C2;C3;C4;C5;C6;S1;S2;S3,active source dependency,Claims C1;C2;C3;C4;C5;C6;S1;S2;S3; imported transitively by active scripts in paper-evidence/reproduction-map.md,NONE IDENTIFIED,INFRASTRUCTURE,software/src/boec/evaluators.py,Transitively imported by an active main-claim or supporting reproduction path.
src/boec/figures.py,py,320d2e4267a91bcfbae10e232a022b935f50e92e,320d2e4267a91bcfbae10e232a022b935f50e92e,E1-E4_FOUNDATION,Historical or non-paper work,HISTORICAL,NONE,historical implementation,NONE — no active claim consumer; preserved at archive/exploratory/src/boec/figures.py,NOT IMPORTED BY ACTIVE REPRODUCTION,ARCHIVE-VALID,archive/exploratory/src/boec/figures.py,Implementation belongs to a completed off-paper experiment and has no active importer.
src/boec/final_spade.py,py,49256cfd0b425e58d5bc9d1813fe5747bf69f81c,b019cb3011d2f8579349622702c1311e905944be,DESIGN_SPACE_PRE_SPADE,Historical or non-paper work,HISTORICAL,NONE,historical implementation,NONE — no active claim consumer; preserved at archive/exploratory/src/boec/final_spade.py,NOT IMPORTED BY ACTIVE REPRODUCTION,ARCHIVE-VALID,archive/exploratory/src/boec/final_spade.py,Implementation belongs to a completed off-paper experiment and has no active importer.
src/boec/hypermix.py,py,94775ae8d67f254656fb3ade63a912dd6ab89154,94775ae8d67f254656fb3ade63a912dd6ab89154,SPADE_MANUFACTURING_RECOVERY,Historical or non-paper work,HISTORICAL,NONE,historical implementation,NONE — no active claim consumer; preserved at archive/exploratory/src/boec/hypermix.py,NOT IMPORTED BY ACTIVE REPRODUCTION,ARCHIVE-VALID,archive/exploratory/src/boec/hypermix.py,Implementation belongs to a completed off-paper experiment and has no active importer.
src/boec/identification.py,py,01ba954a4157cac428028e035b0b6d8e180b86e8,01ba954a4157cac428028e035b0b6d8e180b86e8,BO_VS_DOE_TERMINAL_RULE,Historical or non-paper work,HISTORICAL,NONE,historical implementation,NONE — no active claim consumer; preserved at archive/exploratory/src/boec/identification.py,NOT IMPORTED BY ACTIVE REPRODUCTION,ARCHIVE-VALID,archive/exploratory/src/boec/identification.py,Implementation belongs to a completed off-paper experiment and has no active importer.
src/boec/kf3_followup.py,py,3881c19327bd879ad40707c2f41fce058adc8130,3881c19327bd879ad40707c2f41fce058adc8130,DESIGN_SPACE_PRE_SPADE,Historical or non-paper work,HISTORICAL,NONE,historical implementation,NONE — no active claim consumer; preserved at archive/exploratory/src/boec/kf3_followup.py,NOT IMPORTED BY ACTIVE REPRODUCTION,ARCHIVE-VALID,archive/exploratory/src/boec/kf3_followup.py,Implementation belongs to a completed off-paper experiment and has no active importer.
src/boec/lab/__init__.py,py,dee9e6e3f4506f748e4e7614a89ca19624a3cb40,547b64115d88be576cae076a24feeda960d677f0,LAB_AND_PUBLISHED_DATA,Trace the supporting real-cell inputs,SUPPORT,S2;S3,real-data provenance code,Claims S2;S3; imported transitively by active scripts in paper-evidence/reproduction-map.md,NONE IDENTIFIED,INFRASTRUCTURE,software/src/boec/lab/__init__.py,Retained supporting code for traceable real-cell data processing.
src/boec/lab/dataset.py,py,f28ba66fd7f678c3e02d71912ee588de7c7bc9e1,547b64115d88be576cae076a24feeda960d677f0,LAB_AND_PUBLISHED_DATA,Trace the supporting real-cell inputs,SUPPORT,S2;S3,real-data provenance code,Claims S2;S3; imported transitively by active scripts in paper-evidence/reproduction-map.md,NONE IDENTIFIED,INFRASTRUCTURE,software/src/boec/lab/dataset.py,Retained supporting code for traceable real-cell data processing.
src/boec/lab/evaluator.py,py,9bcef5768e67f1400fe8b183467e81554f00f271,547b64115d88be576cae076a24feeda960d677f0,LAB_AND_PUBLISHED_DATA,Trace the supporting real-cell inputs,SUPPORT,S2;S3,real-data provenance code,Claims S2;S3; imported transitively by active scripts in paper-evidence/reproduction-map.md,NONE IDENTIFIED,INFRASTRUCTURE,software/src/boec/lab/evaluator.py,Retained supporting code for traceable real-cell data processing.
src/boec/lab/fcs.py,py,0840231541f9d0d126f0b43b9eb486e787760a0b,0840231541f9d0d126f0b43b9eb486e787760a0b,LAB_AND_PUBLISHED_DATA,Trace the supporting real-cell inputs,SUPPORT,S2;S3,real-data provenance code,Claims S2;S3; imported transitively by active scripts in paper-evidence/reproduction-map.md,NONE IDENTIFIED,INFRASTRUCTURE,software/src/boec/lab/fcs.py,Retained supporting code for traceable real-cell data processing.
src/boec/lab/gating.py,py,edd15c8a656f3fa5b67f011c07d4947a0ab93fe7,547b64115d88be576cae076a24feeda960d677f0,LAB_AND_PUBLISHED_DATA,Trace the supporting real-cell inputs,SUPPORT,S2;S3,real-data provenance code,Claims S2;S3; imported transitively by active scripts in paper-evidence/reproduction-map.md,NONE IDENTIFIED,INFRASTRUCTURE,software/src/boec/lab/gating.py,Retained supporting code for traceable real-cell data processing.
src/boec/lab/imaging.py,py,076ec5735b987bf9a77c2dbd690770061ba521cc,076ec5735b987bf9a77c2dbd690770061ba521cc,BO_VS_DOE_TERMINAL_RULE,Trace the supporting real-cell inputs,SUPPORT,S2;S3,real-data provenance code,Claims S2;S3; imported transitively by active scripts in paper-evidence/reproduction-map.md,NONE IDENTIFIED,INFRASTRUCTURE,software/src/boec/lab/imaging.py,Retained supporting code for traceable real-cell data processing.
src/boec/lab/manifest.py,py,dee9e6e3f4506f748e4e7614a89ca19624a3cb40,547b64115d88be576cae076a24feeda960d677f0,LAB_AND_PUBLISHED_DATA,Trace the supporting real-cell inputs,SUPPORT,S2;S3,real-data provenance code,Claims S2;S3; imported transitively by active scripts in paper-evidence/reproduction-map.md,NONE IDENTIFIED,INFRASTRUCTURE,software/src/boec/lab/manifest.py,Retained supporting code for traceable real-cell data processing.
src/boec/lab/plate.py,py,f28ba66fd7f678c3e02d71912ee588de7c7bc9e1,f28ba66fd7f678c3e02d71912ee588de7c7bc9e1,BO_VS_DOE_TERMINAL_RULE,Trace the supporting real-cell inputs,SUPPORT,S2;S3,real-data provenance code,Claims S2;S3; imported transitively by active scripts in paper-evidence/reproduction-map.md,NONE IDENTIFIED,INFRASTRUCTURE,software/src/boec/lab/plate.py,Retained supporting code for traceable real-cell data processing.
src/boec/lab/protocol.py,py,acfde747ea7bc0dd2b28442aa5cd4d5c495f4a3b,547b64115d88be576cae076a24feeda960d677f0,LAB_AND_PUBLISHED_DATA,Trace the supporting real-cell inputs,SUPPORT,S2;S3,real-data provenance code,Claims S2;S3; imported transitively by active scripts in paper-evidence/reproduction-map.md,NONE IDENTIFIED,INFRASTRUCTURE,software/src/boec/lab/protocol.py,Retained supporting code for traceable real-cell data processing.
src/boec/lengthscale_diag.py,py,ac88cdabd1d32c5785922da4b7ac1a82a77f031b,ac88cdabd1d32c5785922da4b7ac1a82a77f031b,BO_VS_DOE_TERMINAL_RULE,Historical or non-paper work,HISTORICAL,NONE,historical implementation,NONE — no active claim consumer; preserved at archive/exploratory/src/boec/lengthscale_diag.py,NOT IMPORTED BY ACTIVE REPRODUCTION,ARCHIVE-VALID,archive/exploratory/src/boec/lengthscale_diag.py,Implementation belongs to a completed off-paper experiment and has no active importer.
src/boec/lockbox_oracles.py,py,6f3d42f6c658eac699c9b89d6c26509b3f548dbf,c74067d672695468f6fbac40e6b8f9f5d13d5dd3,SPADE_DEVELOPMENT_AND_LOCKBOX,Historical or non-paper work,HISTORICAL,NONE,historical implementation,NONE — no active claim consumer; preserved at archive/exploratory/src/boec/lockbox_oracles.py,NOT IMPORTED BY ACTIVE REPRODUCTION,ARCHIVE-VALID,archive/exploratory/src/boec/lockbox_oracles.py,Implementation belongs to a completed off-paper experiment and has no active importer.
src/boec/lse.py,py,f8290a5bf5612f5151661e82c43cd6877bd7f0a8,19f05ac0bb17d3b959b54dcf1e422c0b2aa5caff,DESIGN_SPACE_PRE_SPADE,Implement SPADE and its active comparators,ACTIVE,C1;C2;C3;C4;C5;C6;S1;S2;S3,active source dependency,Claims C1;C2;C3;C4;C5;C6;S1;S2;S3; imported transitively by active scripts in paper-evidence/reproduction-map.md,NONE IDENTIFIED,INFRASTRUCTURE,software/src/boec/lse.py,Transitively imported by an active main-claim or supporting reproduction path.
src/boec/manufacturing_benchmark.py,py,11b405f09a6ebb7eceade4cccb7efad536c18142,57e0749fe134a7d3b99075efdd251e476edff34d,SPADE_MANUFACTURING_RECOVERY,Historical or non-paper work,HISTORICAL,NONE,historical implementation,NONE — no active claim consumer; preserved at archive/exploratory/src/boec/manufacturing_benchmark.py,NOT IMPORTED BY ACTIVE REPRODUCTION,ARCHIVE-VALID,archive/exploratory/src/boec/manufacturing_benchmark.py,Implementation belongs to a completed off-paper experiment and has no active importer.
src/boec/manufacturing_qualification.py,py,26b32f111b751d1f64a65d2f4067b63f8d8db807,57e0749fe134a7d3b99075efdd251e476edff34d,SPADE_MANUFACTURING_RECOVERY,Historical or non-paper work,HISTORICAL,NONE,historical implementation,NONE — no active claim consumer; preserved at archive/exploratory/src/boec/manufacturing_qualification.py,NOT IMPORTED BY ACTIVE REPRODUCTION,ARCHIVE-VALID,archive/exploratory/src/boec/manufacturing_qualification.py,Implementation belongs to a completed off-paper experiment and has no active importer.
src/boec/meanmarg.py,py,a261b0ac8e2aea3e8f4a5f2b0312bb8517cab902,7cd3bcf35e39c7e145a8248e506cad77b2327f2c,SPADE_MANUFACTURING_RECOVERY,Implement SPADE and its active comparators,ACTIVE,C1;C2;C3;C4;C5;C6;S1;S2;S3,active source dependency,Claims C1;C2;C3;C4;C5;C6;S1;S2;S3; imported transitively by active scripts in paper-evidence/reproduction-map.md,NONE IDENTIFIED,INFRASTRUCTURE,software/src/boec/meanmarg.py,Transitively imported by an active main-claim or supporting reproduction path.
src/boec/metrics.py,py,89e4babce0bb1cbce717d49eaaf733459162a861,82d8055371ac19f4572cd868703c53d8cf7584c2,DESIGN_SPACE_PRE_SPADE,Implement SPADE and its active comparators,ACTIVE,C1;C2;C3;C4;C5;C6;S1;S2;S3,active source dependency,Claims C1;C2;C3;C4;C5;C6;S1;S2;S3; imported transitively by active scripts in paper-evidence/reproduction-map.md,NONE IDENTIFIED,INFRASTRUCTURE,software/src/boec/metrics.py,Transitively imported by an active main-claim or supporting reproduction path.
src/boec/multifidelity.py,py,700a602aa119d7c8a470bc8cc3eacb5cb29b4533,700a602aa119d7c8a470bc8cc3eacb5cb29b4533,BO_VS_DOE_TERMINAL_RULE,Historical or non-paper work,HISTORICAL,NONE,historical implementation,NONE — no active claim consumer; preserved at archive/exploratory/src/boec/multifidelity.py,NOT IMPORTED BY ACTIVE REPRODUCTION,ARCHIVE-VALID,archive/exploratory/src/boec/multifidelity.py,Implementation belongs to a completed off-paper experiment and has no active importer.
src/boec/multiround.py,py,c6e5f3323dd2da09c74e66e43748dbddcb243ab4,c6c034c1bf337c1c51f9d3660c0a6d40c12b7a33,SPADE_CONFIRMATION_AND_PAPER,Implement SPADE and its active comparators,ACTIVE,C1;C2;C3;C4;C5;C6;S1;S2;S3,active source dependency,Claims C1;C2;C3;C4;C5;C6;S1;S2;S3; imported transitively by active scripts in paper-evidence/reproduction-map.md,NONE IDENTIFIED,INFRASTRUCTURE,software/src/boec/multiround.py,Transitively imported by an active main-claim or supporting reproduction path.
src/boec/norms.py,py,11e5beef3940e4e3d1e5637face5cd2e84cadf22,147f1c0db76bff9da1e7a1c424fd85a908084294,DESIGN_SPACE_PRE_SPADE,Implement SPADE and its active comparators,ACTIVE,C1;C2;C3;C4;C5;C6;S1;S2;S3,active source dependency,Claims C1;C2;C3;C4;C5;C6;S1;S2;S3; imported transitively by active scripts in paper-evidence/reproduction-map.md,NONE IDENTIFIED,INFRASTRUCTURE,software/src/boec/norms.py,Transitively imported by an active main-claim or supporting reproduction path.
src/boec/optimizers.py,py,89e4babce0bb1cbce717d49eaaf733459162a861,01d2ea532b92a178bdfa13fb023d7146f783b88d,SPADE_DEVELOPMENT_AND_LOCKBOX,Implement SPADE and its active comparators,ACTIVE,C1;C2;C3;C4;C5;C6;S1;S2;S3,active source dependency,Claims C1;C2;C3;C4;C5;C6;S1;S2;S3; imported transitively by active scripts in paper-evidence/reproduction-map.md,NONE IDENTIFIED,INFRASTRUCTURE,software/src/boec/optimizers.py,Transitively imported by an active main-claim or supporting reproduction path.
src/boec/oracles.py,py,2cdc8ca9ad30f3320e0a0e164e983b6e071fd406,6178a7340683261c976734ee9dd02bc6bca40b15,BO_VS_DOE_TERMINAL_RULE,Implement SPADE and its active comparators,ACTIVE,C1;C2;C3;C4;C5;C6;S1;S2;S3,active source dependency,Claims C1;C2;C3;C4;C5;C6;S1;S2;S3; imported transitively by active scripts in paper-evidence/reproduction-map.md,NONE IDENTIFIED,INFRASTRUCTURE,software/src/boec/oracles.py,Transitively imported by an active main-claim or supporting reproduction path.
src/boec/paper_figures/__init__.py,py,38e52324461bc18fb70cabebae888f2fc6a4fdb0,74cb25d8bab23a9b14836dd373c0ee3fd1fcf18f,SPADE_DEVELOPMENT_AND_LOCKBOX,Preserve earlier paper provenance,HISTORICAL,NONE,superseded figure implementation,NONE — no active claim consumer; preserved at archive/superseded-spade/src/boec/paper_figures/__init__.py,NOT A SPADE MANUSCRIPT FIGURE,ARCHIVE-SUPERSEDED,archive/superseded-spade/src/boec/paper_figures/__init__.py,"Builder targets the earlier terminal-rule figures, not the consolidated SPADE manuscript."
src/boec/paper_figures/core.py,py,38e52324461bc18fb70cabebae888f2fc6a4fdb0,218517fc728ba0c7b9af387ada985336966d42c8,SPADE_DEVELOPMENT_AND_LOCKBOX,Preserve earlier paper provenance,HISTORICAL,NONE,superseded figure implementation,NONE — no active claim consumer; preserved at archive/superseded-spade/src/boec/paper_figures/core.py,NOT A SPADE MANUSCRIPT FIGURE,ARCHIVE-SUPERSEDED,archive/superseded-spade/src/boec/paper_figures/core.py,"Builder targets the earlier terminal-rule figures, not the consolidated SPADE manuscript."
src/boec/paper_figures/evidence.py,py,e5ab10b27216d3beb51c22c5251dbb4dab9b2368,98a0377cc372c8bac4217d5a07483322b0a7b5d0,SPADE_DEVELOPMENT_AND_LOCKBOX,Preserve earlier paper provenance,HISTORICAL,NONE,superseded figure implementation,NONE — no active claim consumer; preserved at archive/superseded-spade/src/boec/paper_figures/evidence.py,NOT A SPADE MANUSCRIPT FIGURE,ARCHIVE-SUPERSEDED,archive/superseded-spade/src/boec/paper_figures/evidence.py,"Builder targets the earlier terminal-rule figures, not the consolidated SPADE manuscript."
src/boec/paper_figures/export.py,py,74cb25d8bab23a9b14836dd373c0ee3fd1fcf18f,d343fda6b0015e706f74d3f29c20e6cb5f701a13,SPADE_DEVELOPMENT_AND_LOCKBOX,Preserve earlier paper provenance,HISTORICAL,NONE,superseded figure implementation,NONE — no active claim consumer; preserved at archive/superseded-spade/src/boec/paper_figures/export.py,NOT A SPADE MANUSCRIPT FIGURE,ARCHIVE-SUPERSEDED,archive/superseded-spade/src/boec/paper_figures/export.py,"Builder targets the earlier terminal-rule figures, not the consolidated SPADE manuscript."
src/boec/paper_figures/figure1.py,py,9f9b4707f9936950b7a8ec8f67b4edba276cc9ca,cc8a4da4a2590e947ac22e0b5a38feab447c2a1e,SPADE_DEVELOPMENT_AND_LOCKBOX,Preserve earlier paper provenance,HISTORICAL,NONE,superseded figure implementation,NONE — no active claim consumer; preserved at archive/superseded-spade/src/boec/paper_figures/figure1.py,NOT A SPADE MANUSCRIPT FIGURE,ARCHIVE-SUPERSEDED,archive/superseded-spade/src/boec/paper_figures/figure1.py,"Builder targets the earlier terminal-rule figures, not the consolidated SPADE manuscript."
src/boec/paper_figures/figure2.py,py,db06158758a30944222c2669477eb0e2e4e2e118,ec4c8aca0d8849c6e9fb63559a5bce4d92c2cbf6,SPADE_DEVELOPMENT_AND_LOCKBOX,Preserve earlier paper provenance,HISTORICAL,NONE,superseded figure implementation,NONE — no active claim consumer; preserved at archive/superseded-spade/src/boec/paper_figures/figure2.py,NOT A SPADE MANUSCRIPT FIGURE,ARCHIVE-SUPERSEDED,archive/superseded-spade/src/boec/paper_figures/figure2.py,"Builder targets the earlier terminal-rule figures, not the consolidated SPADE manuscript."
src/boec/paper_figures/figure3.py,py,db6f60d8b422dcd805c187898ffed72f83043fc5,ec4c8aca0d8849c6e9fb63559a5bce4d92c2cbf6,SPADE_DEVELOPMENT_AND_LOCKBOX,Preserve earlier paper provenance,HISTORICAL,NONE,superseded figure implementation,NONE — no active claim consumer; preserved at archive/superseded-spade/src/boec/paper_figures/figure3.py,NOT A SPADE MANUSCRIPT FIGURE,ARCHIVE-SUPERSEDED,archive/superseded-spade/src/boec/paper_figures/figure3.py,"Builder targets the earlier terminal-rule figures, not the consolidated SPADE manuscript."
src/boec/paper_figures/figure4.py,py,51b3f4f37d06fafafa732436eec0ac4b67d80333,6e58d9016644a1e735c7e1973ab093150b8ad86a,SPADE_DEVELOPMENT_AND_LOCKBOX,Preserve earlier paper provenance,HISTORICAL,NONE,superseded figure implementation,NONE — no active claim consumer; preserved at archive/superseded-spade/src/boec/paper_figures/figure4.py,NOT A SPADE MANUSCRIPT FIGURE,ARCHIVE-SUPERSEDED,archive/superseded-spade/src/boec/paper_figures/figure4.py,"Builder targets the earlier terminal-rule figures, not the consolidated SPADE manuscript."
src/boec/paper_figures/layout.py,py,218517fc728ba0c7b9af387ada985336966d42c8,cc8a4da4a2590e947ac22e0b5a38feab447c2a1e,SPADE_DEVELOPMENT_AND_LOCKBOX,Preserve earlier paper provenance,HISTORICAL,NONE,superseded figure implementation,NONE — no active claim consumer; preserved at archive/superseded-spade/src/boec/paper_figures/layout.py,NOT A SPADE MANUSCRIPT FIGURE,ARCHIVE-SUPERSEDED,archive/superseded-spade/src/boec/paper_figures/layout.py,"Builder targets the earlier terminal-rule figures, not the consolidated SPADE manuscript."
src/boec/paper_figures/paper.mplstyle,mplstyle,38e52324461bc18fb70cabebae888f2fc6a4fdb0,6e4f22edd25ca080dab081f416bada10fccb7418,SPADE_CONFIRMATION_AND_PAPER,Preserve earlier paper provenance,HISTORICAL,NONE,superseded figure implementation,NONE — no active claim consumer; preserved at archive/superseded-spade/src/boec/paper_figures/paper.mplstyle,NOT A SPADE MANUSCRIPT FIGURE,ARCHIVE-SUPERSEDED,archive/superseded-spade/src/boec/paper_figures/paper.mplstyle,"Builder targets the earlier terminal-rule figures, not the consolidated SPADE manuscript."
src/boec/paper_figures/qa.py,py,218517fc728ba0c7b9af387ada985336966d42c8,218517fc728ba0c7b9af387ada985336966d42c8,SPADE_DEVELOPMENT_AND_LOCKBOX,Preserve earlier paper provenance,HISTORICAL,NONE,superseded figure implementation,NONE — no active claim consumer; preserved at archive/superseded-spade/src/boec/paper_figures/qa.py,NOT A SPADE MANUSCRIPT FIGURE,ARCHIVE-SUPERSEDED,archive/superseded-spade/src/boec/paper_figures/qa.py,"Builder targets the earlier terminal-rule figures, not the consolidated SPADE manuscript."
src/boec/paper_figures/style.py,py,38e52324461bc18fb70cabebae888f2fc6a4fdb0,6e4f22edd25ca080dab081f416bada10fccb7418,SPADE_CONFIRMATION_AND_PAPER,Preserve earlier paper provenance,HISTORICAL,NONE,superseded figure implementation,NONE — no active claim consumer; preserved at archive/superseded-spade/src/boec/paper_figures/style.py,NOT A SPADE MANUSCRIPT FIGURE,ARCHIVE-SUPERSEDED,archive/superseded-spade/src/boec/paper_figures/style.py,"Builder targets the earlier terminal-rule figures, not the consolidated SPADE manuscript."
src/boec/parametric.py,py,89e4babce0bb1cbce717d49eaaf733459162a861,bd5f53db0168219abce4e7b9970e75fe6d317e62,E1-E4_FOUNDATION,Implement SPADE and its active comparators,ACTIVE,C1;C2;C3;C4;C5;C6;S1;S2;S3,active source dependency,Claims C1;C2;C3;C4;C5;C6;S1;S2;S3; imported transitively by active scripts in paper-evidence/reproduction-map.md,NONE IDENTIFIED,INFRASTRUCTURE,software/src/boec/parametric.py,Transitively imported by an active main-claim or supporting reproduction path.
src/boec/published.py,py,4ad56986d34996a69d596767920ef41ff4342300,f3602e7d622b95b7ec54648953e783e065ed6645,LAB_AND_PUBLISHED_DATA,Trace the supporting real-cell inputs,SUPPORT,S2;S3,real-data provenance code,Claims S2;S3; imported transitively by active scripts in paper-evidence/reproduction-map.md,NONE IDENTIFIED,INFRASTRUCTURE,software/src/boec/published.py,Retained supporting code for traceable real-cell data processing.
src/boec/reliable_region.py,py,346bff050e5de18267ef20addd5d2e8e7447a7f5,7cd3bcf35e39c7e145a8248e506cad77b2327f2c,SPADE_MANUFACTURING_RECOVERY,Historical or non-paper work,HISTORICAL,NONE,historical implementation,NONE — no active claim consumer; preserved at archive/exploratory/src/boec/reliable_region.py,NOT IMPORTED BY ACTIVE REPRODUCTION,ARCHIVE-VALID,archive/exploratory/src/boec/reliable_region.py,Implementation belongs to a completed off-paper experiment and has no active importer.
src/boec/replay.py,py,11e5beef3940e4e3d1e5637face5cd2e84cadf22,fe6e0ab6256544ccb68cf1fb77ab8071b07c13d9,DESIGN_SPACE_PRE_SPADE,Implement SPADE and its active comparators,ACTIVE,C1;C2;C3;C4;C5;C6;S1;S2;S3,active source dependency,Claims C1;C2;C3;C4;C5;C6;S1;S2;S3; imported transitively by active scripts in paper-evidence/reproduction-map.md,NONE IDENTIFIED,INFRASTRUCTURE,software/src/boec/replay.py,Transitively imported by an active main-claim or supporting reproduction path.
src/boec/resolution.py,py,7ae6fc6347d03bd0a23dec49434ae551fdc075b6,7ae6fc6347d03bd0a23dec49434ae551fdc075b6,SPADE_MANUFACTURING_RECOVERY,Historical or non-paper work,HISTORICAL,NONE,historical implementation,NONE — no active claim consumer; preserved at archive/exploratory/src/boec/resolution.py,NOT IMPORTED BY ACTIVE REPRODUCTION,ARCHIVE-VALID,archive/exploratory/src/boec/resolution.py,Implementation belongs to a completed off-paper experiment and has no active importer.
src/boec/rsm.py,py,89e4babce0bb1cbce717d49eaaf733459162a861,8696644d9d94251f29931ee6debda84c604fc4b7,BO_VS_DOE_TERMINAL_RULE,Implement SPADE and its active comparators,ACTIVE,C1;C2;C3;C4;C5;C6;S1;S2;S3,active source dependency,Claims C1;C2;C3;C4;C5;C6;S1;S2;S3; imported transitively by active scripts in paper-evidence/reproduction-map.md,NONE IDENTIFIED,INFRASTRUCTURE,software/src/boec/rsm.py,Transitively imported by an active main-claim or supporting reproduction path.
src/boec/runner.py,py,89e4babce0bb1cbce717d49eaaf733459162a861,8696644d9d94251f29931ee6debda84c604fc4b7,BO_VS_DOE_TERMINAL_RULE,Implement SPADE and its active comparators,ACTIVE,C1;C2;C3;C4;C5;C6;S1;S2;S3,active source dependency,Claims C1;C2;C3;C4;C5;C6;S1;S2;S3; imported transitively by active scripts in paper-evidence/reproduction-map.md,NONE IDENTIFIED,INFRASTRUCTURE,software/src/boec/runner.py,Transitively imported by an active main-claim or supporting reproduction path.
src/boec/seedbook.py,py,b2ade0444640e34eda1c15b4ee2b296fa6b9091a,b2ade0444640e34eda1c15b4ee2b296fa6b9091a,SPADE_DEVELOPMENT_AND_LOCKBOX,Implement SPADE and its active comparators,ACTIVE,C1;C2;C3;C4;C5;C6;S1;S2;S3,active source dependency,Claims C1;C2;C3;C4;C5;C6;S1;S2;S3; imported transitively by active scripts in paper-evidence/reproduction-map.md,NONE IDENTIFIED,INFRASTRUCTURE,software/src/boec/seedbook.py,Transitively imported by an active main-claim or supporting reproduction path.
src/boec/selection.py,py,e2b9e7b04fb2618f1b073404761c11bb0cc9c868,e2b9e7b04fb2618f1b073404761c11bb0cc9c868,BO_VS_DOE_TERMINAL_RULE,Historical or non-paper work,HISTORICAL,NONE,historical implementation,NONE — no active claim consumer; preserved at archive/exploratory/src/boec/selection.py,NOT IMPORTED BY ACTIVE REPRODUCTION,ARCHIVE-VALID,archive/exploratory/src/boec/selection.py,Implementation belongs to a completed off-paper experiment and has no active importer.
src/boec/selectionblind.py,py,ed0ccf9ce911e2c70f26131cdcab0d21f57f0a1e,ed0ccf9ce911e2c70f26131cdcab0d21f57f0a1e,SPADE_MANUFACTURING_RECOVERY,Historical or non-paper work,HISTORICAL,NONE,historical implementation,NONE — no active claim consumer; preserved at archive/exploratory/src/boec/selectionblind.py,NOT IMPORTED BY ACTIVE REPRODUCTION,ARCHIVE-VALID,archive/exploratory/src/boec/selectionblind.py,Implementation belongs to a completed off-paper experiment and has no active importer.
src/boec/selfcalib.py,py,434a987dc1c767cb423acdd8ab41d081c8287d84,ede920ea02f1fa4757a85b09fc30a68359f09637,SPADE_MANUFACTURING_RECOVERY,Implement SPADE and its active comparators,ACTIVE,C1;C2;C3;C4;C5;C6;S1;S2;S3,active source dependency,Claims C1;C2;C3;C4;C5;C6;S1;S2;S3; imported transitively by active scripts in paper-evidence/reproduction-map.md,NONE IDENTIFIED,INFRASTRUCTURE,software/src/boec/selfcalib.py,Transitively imported by an active main-claim or supporting reproduction path.
src/boec/sequential_rsm.py,py,fd842ac81b1b6aa701799970a4a117776afd5eaf,fd842ac81b1b6aa701799970a4a117776afd5eaf,BO_VS_DOE_TERMINAL_RULE,Historical or non-paper work,HISTORICAL,NONE,historical implementation,NONE — no active claim consumer; preserved at archive/exploratory/src/boec/sequential_rsm.py,NOT IMPORTED BY ACTIVE REPRODUCTION,ARCHIVE-VALID,archive/exploratory/src/boec/sequential_rsm.py,Implementation belongs to a completed off-paper experiment and has no active importer.
src/boec/space.py,py,2cdc8ca9ad30f3320e0a0e164e983b6e071fd406,2cdc8ca9ad30f3320e0a0e164e983b6e071fd406,E1-E4_FOUNDATION,Implement SPADE and its active comparators,ACTIVE,C1;C2;C3;C4;C5;C6;S1;S2;S3,active source dependency,Claims C1;C2;C3;C4;C5;C6;S1;S2;S3; imported transitively by active scripts in paper-evidence/reproduction-map.md,NONE IDENTIFIED,INFRASTRUCTURE,software/src/boec/space.py,Transitively imported by an active main-claim or supporting reproduction path.
src/boec/spade.py,py,4a0f7d0d9ae8799de67a0467c1209868b0b789d3,13c5c933cbcacf52428f5b98703b6c6b265e8200,SPADE_DEVELOPMENT_AND_LOCKBOX,Historical or non-paper work,HISTORICAL,NONE,historical implementation,NONE — no active claim consumer; preserved at archive/exploratory/src/boec/spade.py,NOT IMPORTED BY ACTIVE REPRODUCTION,ARCHIVE-VALID,archive/exploratory/src/boec/spade.py,Implementation belongs to a completed off-paper experiment and has no active importer.
src/boec/spade_power.py,py,eab61476ae2f52adf677b7929259d4a32200900a,6b679e2bb8041a988d73027f39dd5ffe25409b8f,SPADE_DEVELOPMENT_AND_LOCKBOX,Historical or non-paper work,HISTORICAL,NONE,historical implementation,NONE — no active claim consumer; preserved at archive/exploratory/src/boec/spade_power.py,NOT IMPORTED BY ACTIVE REPRODUCTION,ARCHIVE-VALID,archive/exploratory/src/boec/spade_power.py,Implementation belongs to a completed off-paper experiment and has no active importer.
src/boec/spade_study.py,py,6f3d42f6c658eac699c9b89d6c26509b3f548dbf,7cd3bcf35e39c7e145a8248e506cad77b2327f2c,SPADE_MANUFACTURING_RECOVERY,Historical or non-paper work,HISTORICAL,NONE,historical implementation,NONE — no active claim consumer; preserved at archive/exploratory/src/boec/spade_study.py,NOT IMPORTED BY ACTIVE REPRODUCTION,ARCHIVE-VALID,archive/exploratory/src/boec/spade_study.py,Implementation belongs to a completed off-paper experiment and has no active importer.
src/boec/spread_gp.py,py,9c7a0810176f3e533b8ec66c82c117b540f78119,9c7a0810176f3e533b8ec66c82c117b540f78119,BO_VS_DOE_TERMINAL_RULE,Historical or non-paper work,HISTORICAL,NONE,historical implementation,NONE — no active claim consumer; preserved at archive/exploratory/src/boec/spread_gp.py,NOT IMPORTED BY ACTIVE REPRODUCTION,ARCHIVE-VALID,archive/exploratory/src/boec/spread_gp.py,Implementation belongs to a completed off-paper experiment and has no active importer.
src/boec/sur.py,py,458ff424614fefdcc23415f6837889043c9ac978,458ff424614fefdcc23415f6837889043c9ac978,SPADE_MANUFACTURING_RECOVERY,Historical or non-paper work,HISTORICAL,NONE,historical implementation,NONE — no active claim consumer; preserved at archive/exploratory/src/boec/sur.py,NOT IMPORTED BY ACTIVE REPRODUCTION,ARCHIVE-VALID,archive/exploratory/src/boec/sur.py,Implementation belongs to a completed off-paper experiment and has no active importer.
src/boec/surrogate.py,py,89e4babce0bb1cbce717d49eaaf733459162a861,01d2ea532b92a178bdfa13fb023d7146f783b88d,SPADE_DEVELOPMENT_AND_LOCKBOX,Implement SPADE and its active comparators,ACTIVE,C1;C2;C3;C4;C5;C6;S1;S2;S3,active source dependency,Claims C1;C2;C3;C4;C5;C6;S1;S2;S3; imported transitively by active scripts in paper-evidence/reproduction-map.md,NONE IDENTIFIED,INFRASTRUCTURE,software/src/boec/surrogate.py,Transitively imported by an active main-claim or supporting reproduction path.
src/boec/topk.py,py,bf4845bb462252829dec3edab55eb1e845b7fdba,b78eaa21e4f08ace6960cc52ad9e055b3f9bdc8e,SPADE_MANUFACTURING_RECOVERY,Implement SPADE and its active comparators,ACTIVE,C1;C2;C3;C4;C5;C6;S1;S2;S3,active source dependency,Claims C1;C2;C3;C4;C5;C6;S1;S2;S3; imported transitively by active scripts in paper-evidence/reproduction-map.md,NONE IDENTIFIED,INFRASTRUCTURE,software/src/boec/topk.py,Transitively imported by an active main-claim or supporting reproduction path.
src/boec/torch_oracle.py,py,2cdc8ca9ad30f3320e0a0e164e983b6e071fd406,398ed731cb8e632cd482d0bfd3465a358a0aec45,SPADE_DEVELOPMENT_AND_LOCKBOX,Implement SPADE and its active comparators,ACTIVE,C1;C2;C3;C4;C5;C6;S1;S2;S3,active source dependency,Claims C1;C2;C3;C4;C5;C6;S1;S2;S3; imported transitively by active scripts in paper-evidence/reproduction-map.md,NONE IDENTIFIED,INFRASTRUCTURE,software/src/boec/torch_oracle.py,Transitively imported by an active main-claim or supporting reproduction path.
src/boec/variance_reduction.py,py,01d2ea532b92a178bdfa13fb023d7146f783b88d,9160a511ef3cbcca45f20889f01e5d5615c3eea8,SPADE_DEVELOPMENT_AND_LOCKBOX,Historical or non-paper work,HISTORICAL,NONE,historical implementation,NONE — no active claim consumer; preserved at archive/exploratory/src/boec/variance_reduction.py,NOT IMPORTED BY ACTIVE REPRODUCTION,ARCHIVE-VALID,archive/exploratory/src/boec/variance_reduction.py,Implementation belongs to a completed off-paper experiment and has no active importer.
src/boec/versionc.py,py,827d22eb13c1b6866c4a45bcd3bf3e051a391f2d,e2ef7e58bd5bc24166ddabcd578c0aa9de394cf3,DESIGN_SPACE_PRE_SPADE,Historical or non-paper work,HISTORICAL,NONE,historical implementation,NONE — no active claim consumer; preserved at archive/exploratory/src/boec/versionc.py,NOT IMPORTED BY ACTIVE REPRODUCTION,ARCHIVE-VALID,archive/exploratory/src/boec/versionc.py,Implementation belongs to a completed off-paper experiment and has no active importer.
src/boec/vorobev.py,py,4620979561dc9ff8a1f1c78ffe53d494b778a91d,346bff050e5de18267ef20addd5d2e8e7447a7f5,SPADE_DEVELOPMENT_AND_LOCKBOX,Implement SPADE and its active comparators,ACTIVE,C1;C2;C3;C4;C5;C6;S1;S2;S3,active source dependency,Claims C1;C2;C3;C4;C5;C6;S1;S2;S3; imported transitively by active scripts in paper-evidence/reproduction-map.md,NONE IDENTIFIED,INFRASTRUCTURE,software/src/boec/vorobev.py,Transitively imported by an active main-claim or supporting reproduction path.
tests/fixtures/prefix_stage1.json,json,4ad56986d34996a69d596767920ef41ff4342300,4ad56986d34996a69d596767920ef41ff4342300,LAB_AND_PUBLISHED_DATA,Protect the publication reproduction path,ACTIVE,NONE,active regression test,pytest regression for prefix_stage1 and the active reproduction path,NONE IDENTIFIED,INFRASTRUCTURE,software/tests/fixtures/prefix_stage1.json,"Protects an active code, evidence, or provenance path."
tests/fixtures/prefix_stage2.json,json,4ad56986d34996a69d596767920ef41ff4342300,4ad56986d34996a69d596767920ef41ff4342300,LAB_AND_PUBLISHED_DATA,Protect the publication reproduction path,ACTIVE,NONE,active regression test,pytest regression for prefix_stage2 and the active reproduction path,NONE IDENTIFIED,INFRASTRUCTURE,software/tests/fixtures/prefix_stage2.json,"Protects an active code, evidence, or provenance path."
tests/test_analyse_kf3_followup.py,py,504d5995e9d37f7ee90c172f50f130c0b85cea41,504d5995e9d37f7ee90c172f50f130c0b85cea41,DESIGN_SPACE_PRE_SPADE,Historical experiment,HISTORICAL,NONE,historical regression test,NONE — no active claim consumer; preserved at archive/exploratory/tests/test_analyse_kf3_followup.py,ACTIVE TEST SUITE DOES NOT CONSUME TARGET,ARCHIVE-VALID,archive/exploratory/tests/test_analyse_kf3_followup.py,Test covers only an archived experiment or superseded implementation.
tests/test_bagged_certificate.py,py,1b75d50fa440c77898d5075413cc9a827d2c3b05,1b75d50fa440c77898d5075413cc9a827d2c3b05,SPADE_MANUFACTURING_RECOVERY,Historical experiment,HISTORICAL,NONE,historical regression test,NONE — no active claim consumer; preserved at archive/exploratory/tests/test_bagged_certificate.py,ACTIVE TEST SUITE DOES NOT CONSUME TARGET,ARCHIVE-VALID,archive/exploratory/tests/test_bagged_certificate.py,Test covers only an archived experiment or superseded implementation.
tests/test_baselines.py,py,678972c3faa753efbb59937a154b2b9a9408f392,678972c3faa753efbb59937a154b2b9a9408f392,BO_VS_DOE_TERMINAL_RULE,Historical experiment,HISTORICAL,NONE,historical regression test,NONE — no active claim consumer; preserved at archive/exploratory/tests/test_baselines.py,ACTIVE TEST SUITE DOES NOT CONSUME TARGET,ARCHIVE-VALID,archive/exploratory/tests/test_baselines.py,Test covers only an archived experiment or superseded implementation.
tests/test_budget_to_target.py,py,df11ad622a2accc59603f054238b508e59cc6db4,df11ad622a2accc59603f054238b508e59cc6db4,BO_VS_DOE_TERMINAL_RULE,Historical experiment,HISTORICAL,NONE,historical regression test,NONE — no active claim consumer; preserved at archive/exploratory/tests/test_budget_to_target.py,ACTIVE TEST SUITE DOES NOT CONSUME TARGET,ARCHIVE-VALID,archive/exploratory/tests/test_budget_to_target.py,Test covers only an archived experiment or superseded implementation.
tests/test_calibration.py,py,900e6b1a8fb4429918f4b52ca70802fc6cb9d7fa,04f803c62d7d252e8b13d9f68821daaadcabb548,DESIGN_SPACE_PRE_SPADE,Historical experiment,HISTORICAL,NONE,historical regression test,NONE — no active claim consumer; preserved at archive/exploratory/tests/test_calibration.py,ACTIVE TEST SUITE DOES NOT CONSUME TARGET,ARCHIVE-VALID,archive/exploratory/tests/test_calibration.py,Test covers only an archived experiment or superseded implementation.
tests/test_campaign.py,py,89e4babce0bb1cbce717d49eaaf733459162a861,398ed731cb8e632cd482d0bfd3465a358a0aec45,SPADE_DEVELOPMENT_AND_LOCKBOX,Protect the publication reproduction path,ACTIVE,NONE,active regression test,pytest regression for campaign and the active reproduction path,NONE IDENTIFIED,INFRASTRUCTURE,software/tests/test_campaign.py,"Protects an active code, evidence, or provenance path."
tests/test_certificate_straddle.py,py,91af117e7edc17b4dc920a57fa598c4d70ab3013,1df991ad4b11897731600a4c00955c5c609ebbcb,SPADE_MANUFACTURING_RECOVERY,Protect the publication reproduction path,ACTIVE,NONE,active regression test,pytest regression for certificate_straddle and the active reproduction path,NONE IDENTIFIED,INFRASTRUCTURE,software/tests/test_certificate_straddle.py,"Protects an active code, evidence, or provenance path."
tests/test_d23_doe_subspace.py,py,64b60f2939b456d14994703dc82243e005a97f8e,cd596d8af9154cfa9c485663ab43beffb61f6ed8,DESIGN_SPACE_PRE_SPADE,Historical experiment,HISTORICAL,NONE,historical regression test,NONE — no active claim consumer; preserved at archive/exploratory/tests/test_d23_doe_subspace.py,ACTIVE TEST SUITE DOES NOT CONSUME TARGET,ARCHIVE-VALID,archive/exploratory/tests/test_d23_doe_subspace.py,Test covers only an archived experiment or superseded implementation.
tests/test_designs.py,py,89e4babce0bb1cbce717d49eaaf733459162a861,1b064e823eb4db810f4b5f4795b2c9ad0cfba51b,BO_VS_DOE_TERMINAL_RULE,Protect the publication reproduction path,ACTIVE,NONE,active regression test,pytest regression for designs and the active reproduction path,NONE IDENTIFIED,INFRASTRUCTURE,software/tests/test_designs.py,"Protects an active code, evidence, or provenance path."
tests/test_designspace.py,py,11e5beef3940e4e3d1e5637face5cd2e84cadf22,8aeba0b069087df2aa69a8a93a6c53a83db7a52d,SPADE_DEVELOPMENT_AND_LOCKBOX,Protect the publication reproduction path,ACTIVE,NONE,active regression test,pytest regression for designspace and the active reproduction path,NONE IDENTIFIED,INFRASTRUCTURE,software/tests/test_designspace.py,"Protects an active code, evidence, or provenance path."
tests/test_diagnostics.py,py,678972c3faa753efbb59937a154b2b9a9408f392,678972c3faa753efbb59937a154b2b9a9408f392,BO_VS_DOE_TERMINAL_RULE,Protect the publication reproduction path,ACTIVE,NONE,active regression test,pytest regression for diagnostics and the active reproduction path,NONE IDENTIFIED,INFRASTRUCTURE,software/tests/test_diagnostics.py,"Protects an active code, evidence, or provenance path."
tests/test_discrimination.py,py,89e4babce0bb1cbce717d49eaaf733459162a861,c962cd6ed7613fcc7ca31280266959fcc04518c2,E1-E4_FOUNDATION,Protect the publication reproduction path,ACTIVE,NONE,active regression test,pytest regression for discrimination and the active reproduction path,NONE IDENTIFIED,INFRASTRUCTURE,software/tests/test_discrimination.py,"Protects an active code, evidence, or provenance path."
tests/test_doe.py,py,c027e00343fd1f8a3ad448b5326fa69449be49a6,1b064e823eb4db810f4b5f4795b2c9ad0cfba51b,BO_VS_DOE_TERMINAL_RULE,Protect the publication reproduction path,ACTIVE,NONE,active regression test,pytest regression for doe and the active reproduction path,NONE IDENTIFIED,INFRASTRUCTURE,software/tests/test_doe.py,"Protects an active code, evidence, or provenance path."
tests/test_doe_repeat.py,py,633e74d381b42d5b74f23f24e3642f643f71a9bd,633e74d381b42d5b74f23f24e3642f643f71a9bd,BO_VS_DOE_TERMINAL_RULE,Historical experiment,HISTORICAL,NONE,historical regression test,NONE — no active claim consumer; preserved at archive/exploratory/tests/test_doe_repeat.py,ACTIVE TEST SUITE DOES NOT CONSUME TARGET,ARCHIVE-VALID,archive/exploratory/tests/test_doe_repeat.py,Test covers only an archived experiment or superseded implementation.
tests/test_doe_unscreened.py,py,fe6e0ab6256544ccb68cf1fb77ab8071b07c13d9,fe6e0ab6256544ccb68cf1fb77ab8071b07c13d9,DESIGN_SPACE_PRE_SPADE,Protect the publication reproduction path,ACTIVE,NONE,active regression test,pytest regression for doe_unscreened and the active reproduction path,NONE IDENTIFIED,INFRASTRUCTURE,software/tests/test_doe_unscreened.py,"Protects an active code, evidence, or provenance path."
tests/test_e1.py,py,ea306a3ffad8062aae69f5f4f7388dfeaacfb219,8696644d9d94251f29931ee6debda84c604fc4b7,BO_VS_DOE_TERMINAL_RULE,Historical experiment,HISTORICAL,NONE,historical regression test,NONE — no active claim consumer; preserved at archive/exploratory/tests/test_e1.py,ACTIVE TEST SUITE DOES NOT CONSUME TARGET,ARCHIVE-VALID,archive/exploratory/tests/test_e1.py,Test covers only an archived experiment or superseded implementation.
tests/test_e2_provenance.py,py,ae3295fd92df4aaba239d3c2a7afc6eec91b4f38,ae3295fd92df4aaba239d3c2a7afc6eec91b4f38,BO_VS_DOE_TERMINAL_RULE,Historical experiment,HISTORICAL,NONE,historical regression test,NONE — no active claim consumer; preserved at archive/exploratory/tests/test_e2_provenance.py,ACTIVE TEST SUITE DOES NOT CONSUME TARGET,ARCHIVE-VALID,archive/exploratory/tests/test_e2_provenance.py,Test covers only an archived experiment or superseded implementation.
tests/test_e4.py,py,89e4babce0bb1cbce717d49eaaf733459162a861,c962cd6ed7613fcc7ca31280266959fcc04518c2,E1-E4_FOUNDATION,Historical experiment,HISTORICAL,NONE,historical regression test,NONE — no active claim consumer; preserved at archive/exploratory/tests/test_e4.py,ACTIVE TEST SUITE DOES NOT CONSUME TARGET,ARCHIVE-VALID,archive/exploratory/tests/test_e4.py,Test covers only an archived experiment or superseded implementation.
tests/test_e7_oracle_best_fill.py,py,2c3a321defc4b3a155ef3cf673e228d27b266e19,2c3a321defc4b3a155ef3cf673e228d27b266e19,DESIGN_SPACE_PRE_SPADE,Historical experiment,HISTORICAL,NONE,historical regression test,NONE — no active claim consumer; preserved at archive/exploratory/tests/test_e7_oracle_best_fill.py,ACTIVE TEST SUITE DOES NOT CONSUME TARGET,ARCHIVE-VALID,archive/exploratory/tests/test_e7_oracle_best_fill.py,Test covers only an archived experiment or superseded implementation.
tests/test_e7_rule_p.py,py,bf4526d4edf9636e159ecf88e28f34a626ca32de,bf4526d4edf9636e159ecf88e28f34a626ca32de,DESIGN_SPACE_PRE_SPADE,Historical experiment,HISTORICAL,NONE,historical regression test,NONE — no active claim consumer; preserved at archive/exploratory/tests/test_e7_rule_p.py,ACTIVE TEST SUITE DOES NOT CONSUME TARGET,ARCHIVE-VALID,archive/exploratory/tests/test_e7_rule_p.py,Test covers only an archived experiment or superseded implementation.
tests/test_embedded_oracle.py,py,6178a7340683261c976734ee9dd02bc6bca40b15,6178a7340683261c976734ee9dd02bc6bca40b15,BO_VS_DOE_TERMINAL_RULE,Historical experiment,HISTORICAL,NONE,historical regression test,NONE — no active claim consumer; preserved at archive/exploratory/tests/test_embedded_oracle.py,ACTIVE TEST SUITE DOES NOT CONSUME TARGET,ARCHIVE-VALID,archive/exploratory/tests/test_embedded_oracle.py,Test covers only an archived experiment or superseded implementation.
tests/test_f1_dual_n.py,py,b57be2e8c1f72f8a4aeea6815770cf51850e5cac,05837d1d7da68b6b5353e2b5abf540ad99d87887,DESIGN_SPACE_PRE_SPADE,Historical experiment,HISTORICAL,NONE,historical regression test,NONE — no active claim consumer; preserved at archive/exploratory/tests/test_f1_dual_n.py,ACTIVE TEST SUITE DOES NOT CONSUME TARGET,ARCHIVE-VALID,archive/exploratory/tests/test_f1_dual_n.py,Test covers only an archived experiment or superseded implementation.
tests/test_f2_error_volumes.py,py,21617be2007ab1f79afe03595a233ad1237615f6,c0dd396e376a622cc3f35167eec35b78a1e0afc0,DESIGN_SPACE_PRE_SPADE,Historical experiment,HISTORICAL,NONE,historical regression test,NONE — no active claim consumer; preserved at archive/exploratory/tests/test_f2_error_volumes.py,ACTIVE TEST SUITE DOES NOT CONSUME TARGET,ARCHIVE-VALID,archive/exploratory/tests/test_f2_error_volumes.py,Test covers only an archived experiment or superseded implementation.
tests/test_f3_draw_sweep.py,py,af8448fa7b073857f5a984f1c606bb2d2d75456d,af8448fa7b073857f5a984f1c606bb2d2d75456d,DESIGN_SPACE_PRE_SPADE,Historical experiment,HISTORICAL,NONE,historical regression test,NONE — no active claim consumer; preserved at archive/exploratory/tests/test_f3_draw_sweep.py,ACTIVE TEST SUITE DOES NOT CONSUME TARGET,ARCHIVE-VALID,archive/exploratory/tests/test_f3_draw_sweep.py,Test covers only an archived experiment or superseded implementation.
tests/test_figures.py,py,320d2e4267a91bcfbae10e232a022b935f50e92e,320d2e4267a91bcfbae10e232a022b935f50e92e,E1-E4_FOUNDATION,Historical experiment,HISTORICAL,NONE,historical regression test,NONE — no active claim consumer; preserved at archive/exploratory/tests/test_figures.py,ACTIVE TEST SUITE DOES NOT CONSUME TARGET,ARCHIVE-VALID,archive/exploratory/tests/test_figures.py,Test covers only an archived experiment or superseded implementation.
tests/test_final_spade_benchmarks.py,py,9f76d1ef1739096441e241be725d14487a3eebfb,9f76d1ef1739096441e241be725d14487a3eebfb,DESIGN_SPACE_PRE_SPADE,Historical experiment,HISTORICAL,NONE,historical regression test,NONE — no active claim consumer; preserved at archive/exploratory/tests/test_final_spade_benchmarks.py,ACTIVE TEST SUITE DOES NOT CONSUME TARGET,ARCHIVE-VALID,archive/exploratory/tests/test_final_spade_benchmarks.py,Test covers only an archived experiment or superseded implementation.
tests/test_final_spade_protocol.py,py,49256cfd0b425e58d5bc9d1813fe5747bf69f81c,b019cb3011d2f8579349622702c1311e905944be,DESIGN_SPACE_PRE_SPADE,Historical experiment,HISTORICAL,NONE,historical regression test,NONE — no active claim consumer; preserved at archive/exploratory/tests/test_final_spade_protocol.py,ACTIVE TEST SUITE DOES NOT CONSUME TARGET,ARCHIVE-VALID,archive/exploratory/tests/test_final_spade_protocol.py,Test covers only an archived experiment or superseded implementation.
tests/test_final_spade_reproducibility.py,py,8df2b967717f23ebd4faddc2c2f2cbf1978a4d61,3d4ccc886c0206cc178fb815333dffa95c1f5916,DESIGN_SPACE_PRE_SPADE,Historical experiment,HISTORICAL,NONE,historical regression test,NONE — no active claim consumer; preserved at archive/exploratory/tests/test_final_spade_reproducibility.py,ACTIVE TEST SUITE DOES NOT CONSUME TARGET,ARCHIVE-VALID,archive/exploratory/tests/test_final_spade_reproducibility.py,Test covers only an archived experiment or superseded implementation.
tests/test_final_spade_statistics.py,py,6fd038d52b33a122e8fe623921b778961c39016e,b01502729d300b1f9bd8cc23437d428a7967e88c,DESIGN_SPACE_PRE_SPADE,Historical experiment,HISTORICAL,NONE,historical regression test,NONE — no active claim consumer; preserved at archive/exploratory/tests/test_final_spade_statistics.py,ACTIVE TEST SUITE DOES NOT CONSUME TARGET,ARCHIVE-VALID,archive/exploratory/tests/test_final_spade_statistics.py,Test covers only an archived experiment or superseded implementation.
tests/test_fix1_terminal_rule.py,py,82d8055371ac19f4572cd868703c53d8cf7584c2,82d8055371ac19f4572cd868703c53d8cf7584c2,DESIGN_SPACE_PRE_SPADE,Historical experiment,HISTORICAL,NONE,historical regression test,NONE — no active claim consumer; preserved at archive/exploratory/tests/test_fix1_terminal_rule.py,ACTIVE TEST SUITE DOES NOT CONSUME TARGET,ARCHIVE-VALID,archive/exploratory/tests/test_fix1_terminal_rule.py,Test covers only an archived experiment or superseded implementation.
tests/test_historical_replay_audit.py,py,b2ade0444640e34eda1c15b4ee2b296fa6b9091a,7d32bca086860df4081286c7234142553e65f032,SPADE_DEVELOPMENT_AND_LOCKBOX,Historical experiment,HISTORICAL,NONE,historical regression test,NONE — no active claim consumer; preserved at archive/exploratory/tests/test_historical_replay_audit.py,ACTIVE TEST SUITE DOES NOT CONSUME TARGET,ARCHIVE-VALID,archive/exploratory/tests/test_historical_replay_audit.py,Test covers only an archived experiment or superseded implementation.
tests/test_hypermix.py,py,94775ae8d67f254656fb3ade63a912dd6ab89154,94775ae8d67f254656fb3ade63a912dd6ab89154,SPADE_MANUFACTURING_RECOVERY,Historical experiment,HISTORICAL,NONE,historical regression test,NONE — no active claim consumer; preserved at archive/exploratory/tests/test_hypermix.py,ACTIVE TEST SUITE DOES NOT CONSUME TARGET,ARCHIVE-VALID,archive/exploratory/tests/test_hypermix.py,Test covers only an archived experiment or superseded implementation.
tests/test_identification.py,py,01ba954a4157cac428028e035b0b6d8e180b86e8,01ba954a4157cac428028e035b0b6d8e180b86e8,BO_VS_DOE_TERMINAL_RULE,Historical experiment,HISTORICAL,NONE,historical regression test,NONE — no active claim consumer; preserved at archive/exploratory/tests/test_identification.py,ACTIVE TEST SUITE DOES NOT CONSUME TARGET,ARCHIVE-VALID,archive/exploratory/tests/test_identification.py,Test covers only an archived experiment or superseded implementation.
tests/test_kf3_followup.py,py,3881c19327bd879ad40707c2f41fce058adc8130,3881c19327bd879ad40707c2f41fce058adc8130,DESIGN_SPACE_PRE_SPADE,Historical experiment,HISTORICAL,NONE,historical regression test,NONE — no active claim consumer; preserved at archive/exploratory/tests/test_kf3_followup.py,ACTIVE TEST SUITE DOES NOT CONSUME TARGET,ARCHIVE-VALID,archive/exploratory/tests/test_kf3_followup.py,Test covers only an archived experiment or superseded implementation.
tests/test_kf3_followup_baseline_regression.py,py,a13d343b48ea651bf536b2cab744cfaa6f353947,a13d343b48ea651bf536b2cab744cfaa6f353947,DESIGN_SPACE_PRE_SPADE,Historical experiment,HISTORICAL,NONE,historical regression test,NONE — no active claim consumer; preserved at archive/exploratory/tests/test_kf3_followup_baseline_regression.py,ACTIVE TEST SUITE DOES NOT CONSUME TARGET,ARCHIVE-VALID,archive/exploratory/tests/test_kf3_followup_baseline_regression.py,Test covers only an archived experiment or superseded implementation.
tests/test_lab_dataset.py,py,f28ba66fd7f678c3e02d71912ee588de7c7bc9e1,547b64115d88be576cae076a24feeda960d677f0,LAB_AND_PUBLISHED_DATA,Historical experiment,HISTORICAL,NONE,historical regression test,NONE — no active claim consumer; preserved at archive/exploratory/tests/test_lab_dataset.py,ACTIVE TEST SUITE DOES NOT CONSUME TARGET,ARCHIVE-VALID,archive/exploratory/tests/test_lab_dataset.py,Test covers only an archived experiment or superseded implementation.
tests/test_lab_evaluator.py,py,9bcef5768e67f1400fe8b183467e81554f00f271,547b64115d88be576cae076a24feeda960d677f0,LAB_AND_PUBLISHED_DATA,Protect the publication reproduction path,ACTIVE,NONE,active regression test,pytest regression for lab_evaluator and the active reproduction path,NONE IDENTIFIED,INFRASTRUCTURE,software/tests/test_lab_evaluator.py,"Protects an active code, evidence, or provenance path."
tests/test_lab_fcs.py,py,0840231541f9d0d126f0b43b9eb486e787760a0b,d110da826529081b1533782840d35eed7248e825,LAB_AND_PUBLISHED_DATA,Historical experiment,HISTORICAL,NONE,historical regression test,NONE — no active claim consumer; preserved at archive/exploratory/tests/test_lab_fcs.py,ACTIVE TEST SUITE DOES NOT CONSUME TARGET,ARCHIVE-VALID,archive/exploratory/tests/test_lab_fcs.py,Test covers only an archived experiment or superseded implementation.
tests/test_lab_gating.py,py,edd15c8a656f3fa5b67f011c07d4947a0ab93fe7,547b64115d88be576cae076a24feeda960d677f0,LAB_AND_PUBLISHED_DATA,Protect the publication reproduction path,ACTIVE,NONE,active regression test,pytest regression for lab_gating and the active reproduction path,NONE IDENTIFIED,INFRASTRUCTURE,software/tests/test_lab_gating.py,"Protects an active code, evidence, or provenance path."
tests/test_lab_imaging.py,py,076ec5735b987bf9a77c2dbd690770061ba521cc,547b64115d88be576cae076a24feeda960d677f0,LAB_AND_PUBLISHED_DATA,Historical experiment,HISTORICAL,NONE,historical regression test,NONE — no active claim consumer; preserved at archive/exploratory/tests/test_lab_imaging.py,ACTIVE TEST SUITE DOES NOT CONSUME TARGET,ARCHIVE-VALID,archive/exploratory/tests/test_lab_imaging.py,Test covers only an archived experiment or superseded implementation.
tests/test_lab_manifest.py,py,dee9e6e3f4506f748e4e7614a89ca19624a3cb40,547b64115d88be576cae076a24feeda960d677f0,LAB_AND_PUBLISHED_DATA,Historical experiment,HISTORICAL,NONE,historical regression test,NONE — no active claim consumer; preserved at archive/exploratory/tests/test_lab_manifest.py,ACTIVE TEST SUITE DOES NOT CONSUME TARGET,ARCHIVE-VALID,archive/exploratory/tests/test_lab_manifest.py,Test covers only an archived experiment or superseded implementation.
tests/test_lab_protocol.py,py,acfde747ea7bc0dd2b28442aa5cd4d5c495f4a3b,547b64115d88be576cae076a24feeda960d677f0,LAB_AND_PUBLISHED_DATA,Protect the publication reproduction path,ACTIVE,NONE,active regression test,pytest regression for lab_protocol and the active reproduction path,NONE IDENTIFIED,INFRASTRUCTURE,software/tests/test_lab_protocol.py,"Protects an active code, evidence, or provenance path."
tests/test_lengthscale_diag.py,py,ac88cdabd1d32c5785922da4b7ac1a82a77f031b,ac88cdabd1d32c5785922da4b7ac1a82a77f031b,BO_VS_DOE_TERMINAL_RULE,Historical experiment,HISTORICAL,NONE,historical regression test,NONE — no active claim consumer; preserved at archive/exploratory/tests/test_lengthscale_diag.py,ACTIVE TEST SUITE DOES NOT CONSUME TARGET,ARCHIVE-VALID,archive/exploratory/tests/test_lengthscale_diag.py,Test covers only an archived experiment or superseded implementation.
tests/test_lockbox_oracles.py,py,6f3d42f6c658eac699c9b89d6c26509b3f548dbf,9d1dc21f15018dcf1d8a80179f627aedbe1bcd77,SPADE_DEVELOPMENT_AND_LOCKBOX,Historical experiment,HISTORICAL,NONE,historical regression test,NONE — no active claim consumer; preserved at archive/exploratory/tests/test_lockbox_oracles.py,ACTIVE TEST SUITE DOES NOT CONSUME TARGET,ARCHIVE-VALID,archive/exploratory/tests/test_lockbox_oracles.py,Test covers only an archived experiment or superseded implementation.
tests/test_lse.py,py,f8290a5bf5612f5151661e82c43cd6877bd7f0a8,19f05ac0bb17d3b959b54dcf1e422c0b2aa5caff,DESIGN_SPACE_PRE_SPADE,Protect the publication reproduction path,ACTIVE,NONE,active regression test,pytest regression for lse and the active reproduction path,NONE IDENTIFIED,INFRASTRUCTURE,software/tests/test_lse.py,"Protects an active code, evidence, or provenance path."
tests/test_manufacturing_benchmark.py,py,11b405f09a6ebb7eceade4cccb7efad536c18142,57e0749fe134a7d3b99075efdd251e476edff34d,SPADE_MANUFACTURING_RECOVERY,Historical experiment,HISTORICAL,NONE,historical regression test,NONE — no active claim consumer; preserved at archive/exploratory/tests/test_manufacturing_benchmark.py,ACTIVE TEST SUITE DOES NOT CONSUME TARGET,ARCHIVE-VALID,archive/exploratory/tests/test_manufacturing_benchmark.py,Test covers only an archived experiment or superseded implementation.
tests/test_manufacturing_qualification.py,py,26b32f111b751d1f64a65d2f4067b63f8d8db807,57e0749fe134a7d3b99075efdd251e476edff34d,SPADE_MANUFACTURING_RECOVERY,Historical experiment,HISTORICAL,NONE,historical regression test,NONE — no active claim consumer; preserved at archive/exploratory/tests/test_manufacturing_qualification.py,ACTIVE TEST SUITE DOES NOT CONSUME TARGET,ARCHIVE-VALID,archive/exploratory/tests/test_manufacturing_qualification.py,Test covers only an archived experiment or superseded implementation.
tests/test_meanmarg.py,py,a261b0ac8e2aea3e8f4a5f2b0312bb8517cab902,a261b0ac8e2aea3e8f4a5f2b0312bb8517cab902,SPADE_MANUFACTURING_RECOVERY,Protect the publication reproduction path,ACTIVE,NONE,active regression test,pytest regression for meanmarg and the active reproduction path,NONE IDENTIFIED,INFRASTRUCTURE,software/tests/test_meanmarg.py,"Protects an active code, evidence, or provenance path."
tests/test_metrics.py,py,89e4babce0bb1cbce717d49eaaf733459162a861,89e4babce0bb1cbce717d49eaaf733459162a861,E1-E4_FOUNDATION,Protect the publication reproduction path,ACTIVE,NONE,active regression test,pytest regression for metrics and the active reproduction path,NONE IDENTIFIED,INFRASTRUCTURE,software/tests/test_metrics.py,"Protects an active code, evidence, or provenance path."
tests/test_multifidelity.py,py,700a602aa119d7c8a470bc8cc3eacb5cb29b4533,175cba913d8fb361aa6e89905b20fbb1fee4e6fb,BO_VS_DOE_TERMINAL_RULE,Historical experiment,HISTORICAL,NONE,historical regression test,NONE — no active claim consumer; preserved at archive/exploratory/tests/test_multifidelity.py,ACTIVE TEST SUITE DOES NOT CONSUME TARGET,ARCHIVE-VALID,archive/exploratory/tests/test_multifidelity.py,Test covers only an archived experiment or superseded implementation.
tests/test_multiround.py,py,c6e5f3323dd2da09c74e66e43748dbddcb243ab4,c6e5f3323dd2da09c74e66e43748dbddcb243ab4,SPADE_MANUFACTURING_RECOVERY,Protect the publication reproduction path,ACTIVE,NONE,active regression test,pytest regression for multiround and the active reproduction path,NONE IDENTIFIED,INFRASTRUCTURE,software/tests/test_multiround.py,"Protects an active code, evidence, or provenance path."
tests/test_multiround_adaptive_theta.py,py,6947c810da2e293d5f425a2a67a3410b215f9b07,c6c034c1bf337c1c51f9d3660c0a6d40c12b7a33,SPADE_CONFIRMATION_AND_PAPER,Protect the publication reproduction path,ACTIVE,NONE,active regression test,pytest regression for multiround_adaptive_theta and the active reproduction path,NONE IDENTIFIED,INFRASTRUCTURE,software/tests/test_multiround_adaptive_theta.py,"Protects an active code, evidence, or provenance path."
tests/test_norms.py,py,11e5beef3940e4e3d1e5637face5cd2e84cadf22,147f1c0db76bff9da1e7a1c424fd85a908084294,DESIGN_SPACE_PRE_SPADE,Protect the publication reproduction path,ACTIVE,NONE,active regression test,pytest regression for norms and the active reproduction path,NONE IDENTIFIED,INFRASTRUCTURE,software/tests/test_norms.py,"Protects an active code, evidence, or provenance path."
tests/test_optimizers.py,py,89e4babce0bb1cbce717d49eaaf733459162a861,01d2ea532b92a178bdfa13fb023d7146f783b88d,SPADE_DEVELOPMENT_AND_LOCKBOX,Protect the publication reproduction path,ACTIVE,NONE,active regression test,pytest regression for optimizers and the active reproduction path,NONE IDENTIFIED,INFRASTRUCTURE,software/tests/test_optimizers.py,"Protects an active code, evidence, or provenance path."
tests/test_oracles.py,py,2cdc8ca9ad30f3320e0a0e164e983b6e071fd406,c962cd6ed7613fcc7ca31280266959fcc04518c2,E1-E4_FOUNDATION,Protect the publication reproduction path,ACTIVE,NONE,active regression test,pytest regression for oracles and the active reproduction path,NONE IDENTIFIED,INFRASTRUCTURE,software/tests/test_oracles.py,"Protects an active code, evidence, or provenance path."
tests/test_p1_kernel_gate.py,py,63cb6a3d88a0a489c655a5ad8e5c70bb8ce3af80,eca6b8f69c94f27c2370099a3ff09ee2e5f955cd,DESIGN_SPACE_PRE_SPADE,Historical experiment,HISTORICAL,NONE,historical regression test,NONE — no active claim consumer; preserved at archive/exploratory/tests/test_p1_kernel_gate.py,ACTIVE TEST SUITE DOES NOT CONSUME TARGET,ARCHIVE-VALID,archive/exploratory/tests/test_p1_kernel_gate.py,Test covers only an archived experiment or superseded implementation.
tests/test_p2_versionb_gamma.py,py,ddd1ec653bcbaa23e2c521edc0058d1f3c119379,1a3da0a6da79f786554a75169721a27b0fe3bd2f,DESIGN_SPACE_PRE_SPADE,Historical experiment,HISTORICAL,NONE,historical regression test,NONE — no active claim consumer; preserved at archive/exploratory/tests/test_p2_versionb_gamma.py,ACTIVE TEST SUITE DOES NOT CONSUME TARGET,ARCHIVE-VALID,archive/exploratory/tests/test_p2_versionb_gamma.py,Test covers only an archived experiment or superseded implementation.
tests/test_p3_cells.py,py,2467c0166ba808ab61a246c99bf344813c100ba6,a42dce6d3c553ac90cc1039b65065f9798e329a5,DESIGN_SPACE_PRE_SPADE,Historical experiment,HISTORICAL,NONE,historical regression test,NONE — no active claim consumer; preserved at archive/exploratory/tests/test_p3_cells.py,ACTIVE TEST SUITE DOES NOT CONSUME TARGET,ARCHIVE-VALID,archive/exploratory/tests/test_p3_cells.py,Test covers only an archived experiment or superseded implementation.
tests/test_p4_coord.py,py,e53d2b1fe1fed2e34a639459388e8fc93c5554fe,9aec8eeaeeaba26ec48e7212d5903e5b38d6f119,DESIGN_SPACE_PRE_SPADE,Historical experiment,HISTORICAL,NONE,historical regression test,NONE — no active claim consumer; preserved at archive/exploratory/tests/test_p4_coord.py,ACTIVE TEST SUITE DOES NOT CONSUME TARGET,ARCHIVE-VALID,archive/exploratory/tests/test_p4_coord.py,Test covers only an archived experiment or superseded implementation.
tests/test_p4b_alpha_anomaly.py,py,fa006ea83d29c14a5e839f9469554dec4da01b11,81fb9e6f86774f0b238df87ab46d076a655e7951,DESIGN_SPACE_PRE_SPADE,Historical experiment,HISTORICAL,NONE,historical regression test,NONE — no active claim consumer; preserved at archive/exploratory/tests/test_p4b_alpha_anomaly.py,ACTIVE TEST SUITE DOES NOT CONSUME TARGET,ARCHIVE-VALID,archive/exploratory/tests/test_p4b_alpha_anomaly.py,Test covers only an archived experiment or superseded implementation.
tests/test_p5_tau_quantile.py,py,383fcf05988b2e42fb195bb036fd734b896d1c51,541ce68fe8510a4d5b07ffaa98ea93b943da4607,DESIGN_SPACE_PRE_SPADE,Historical experiment,HISTORICAL,NONE,historical regression test,NONE — no active claim consumer; preserved at archive/exploratory/tests/test_p5_tau_quantile.py,ACTIVE TEST SUITE DOES NOT CONSUME TARGET,ARCHIVE-VALID,archive/exploratory/tests/test_p5_tau_quantile.py,Test covers only an archived experiment or superseded implementation.
tests/test_p6_families.py,py,9bd06b74051ffe1a7774c8be6b5d58a5177b8396,b22e78f25ace6a7842e00c580fcf16f78cc85172,DESIGN_SPACE_PRE_SPADE,Historical experiment,HISTORICAL,NONE,historical regression test,NONE — no active claim consumer; preserved at archive/exploratory/tests/test_p6_families.py,ACTIVE TEST SUITE DOES NOT CONSUME TARGET,ARCHIVE-VALID,archive/exploratory/tests/test_p6_families.py,Test covers only an archived experiment or superseded implementation.
tests/test_p8_analysis.py,py,08de57a9741d9e0ed7b9d7f939f276f9bf2a5efb,08de57a9741d9e0ed7b9d7f939f276f9bf2a5efb,DESIGN_SPACE_PRE_SPADE,Historical experiment,HISTORICAL,NONE,historical regression test,NONE — no active claim consumer; preserved at archive/exploratory/tests/test_p8_analysis.py,ACTIVE TEST SUITE DOES NOT CONSUME TARGET,ARCHIVE-VALID,archive/exploratory/tests/test_p8_analysis.py,Test covers only an archived experiment or superseded implementation.
tests/test_p8_certificate_families.py,py,2941a2032eb23886bdda7b709e8bf3b855468300,2941a2032eb23886bdda7b709e8bf3b855468300,DESIGN_SPACE_PRE_SPADE,Historical experiment,HISTORICAL,NONE,historical regression test,NONE — no active claim consumer; preserved at archive/exploratory/tests/test_p8_certificate_families.py,ACTIVE TEST SUITE DOES NOT CONSUME TARGET,ARCHIVE-VALID,archive/exploratory/tests/test_p8_certificate_families.py,Test covers only an archived experiment or superseded implementation.
tests/test_p8_predictions.py,py,12b6f9dcb94eddf5bf0f9ef1aad639b0c389e69e,12b6f9dcb94eddf5bf0f9ef1aad639b0c389e69e,DESIGN_SPACE_PRE_SPADE,Historical experiment,HISTORICAL,NONE,historical regression test,NONE — no active claim consumer; preserved at archive/exploratory/tests/test_p8_predictions.py,ACTIVE TEST SUITE DOES NOT CONSUME TARGET,ARCHIVE-VALID,archive/exploratory/tests/test_p8_predictions.py,Test covers only an archived experiment or superseded implementation.
tests/test_paper_figure_builders.py,py,9f9b4707f9936950b7a8ec8f67b4edba276cc9ca,d5f0a58b2302bb8780f3ad53d9c5e63782e3ad8f,SPADE_DEVELOPMENT_AND_LOCKBOX,Historical experiment,HISTORICAL,NONE,historical regression test,NONE — no active claim consumer; preserved at archive/exploratory/tests/test_paper_figure_builders.py,ACTIVE TEST SUITE DOES NOT CONSUME TARGET,ARCHIVE-VALID,archive/exploratory/tests/test_paper_figure_builders.py,Test covers only an archived experiment or superseded implementation.
tests/test_paper_figure_core.py,py,38e52324461bc18fb70cabebae888f2fc6a4fdb0,218517fc728ba0c7b9af387ada985336966d42c8,SPADE_DEVELOPMENT_AND_LOCKBOX,Historical experiment,HISTORICAL,NONE,historical regression test,NONE — no active claim consumer; preserved at archive/exploratory/tests/test_paper_figure_core.py,ACTIVE TEST SUITE DOES NOT CONSUME TARGET,ARCHIVE-VALID,archive/exploratory/tests/test_paper_figure_core.py,Test covers only an archived experiment or superseded implementation.
tests/test_paper_figure_evidence.py,py,e5ab10b27216d3beb51c22c5251dbb4dab9b2368,d5f0a58b2302bb8780f3ad53d9c5e63782e3ad8f,SPADE_DEVELOPMENT_AND_LOCKBOX,Historical experiment,HISTORICAL,NONE,historical regression test,NONE — no active claim consumer; preserved at archive/exploratory/tests/test_paper_figure_evidence.py,ACTIVE TEST SUITE DOES NOT CONSUME TARGET,ARCHIVE-VALID,archive/exploratory/tests/test_paper_figure_evidence.py,Test covers only an archived experiment or superseded implementation.
tests/test_paper_figure_export.py,py,74cb25d8bab23a9b14836dd373c0ee3fd1fcf18f,d343fda6b0015e706f74d3f29c20e6cb5f701a13,SPADE_DEVELOPMENT_AND_LOCKBOX,Historical experiment,HISTORICAL,NONE,historical regression test,NONE — no active claim consumer; preserved at archive/exploratory/tests/test_paper_figure_export.py,ACTIVE TEST SUITE DOES NOT CONSUME TARGET,ARCHIVE-VALID,archive/exploratory/tests/test_paper_figure_export.py,Test covers only an archived experiment or superseded implementation.
tests/test_paper_figure_layout.py,py,218517fc728ba0c7b9af387ada985336966d42c8,218517fc728ba0c7b9af387ada985336966d42c8,SPADE_DEVELOPMENT_AND_LOCKBOX,Historical experiment,HISTORICAL,NONE,historical regression test,NONE — no active claim consumer; preserved at archive/exploratory/tests/test_paper_figure_layout.py,ACTIVE TEST SUITE DOES NOT CONSUME TARGET,ARCHIVE-VALID,archive/exploratory/tests/test_paper_figure_layout.py,Test covers only an archived experiment or superseded implementation.
tests/test_parametric.py,py,89e4babce0bb1cbce717d49eaaf733459162a861,89e4babce0bb1cbce717d49eaaf733459162a861,E1-E4_FOUNDATION,Protect the publication reproduction path,ACTIVE,NONE,active regression test,pytest regression for parametric and the active reproduction path,NONE IDENTIFIED,INFRASTRUCTURE,software/tests/test_parametric.py,"Protects an active code, evidence, or provenance path."
tests/test_plate2_cert_mode.py,py,d9f371ed85895ae97d66206cda270f88c5c579fe,d9f371ed85895ae97d66206cda270f88c5c579fe,SPADE_MANUFACTURING_RECOVERY,Protect the publication reproduction path,ACTIVE,NONE,active regression test,pytest regression for plate2_cert_mode and the active reproduction path,NONE IDENTIFIED,INFRASTRUCTURE,software/tests/test_plate2_cert_mode.py,"Protects an active code, evidence, or provenance path."
tests/test_published.py,py,4ad56986d34996a69d596767920ef41ff4342300,f3602e7d622b95b7ec54648953e783e065ed6645,LAB_AND_PUBLISHED_DATA,Protect the publication reproduction path,ACTIVE,NONE,active regression test,pytest regression for published and the active reproduction path,NONE IDENTIFIED,INFRASTRUCTURE,software/tests/test_published.py,"Protects an active code, evidence, or provenance path."
tests/test_published_dataset.py,py,2347a54784a3afbc6d511cc08b05830017ed7742,f3602e7d622b95b7ec54648953e783e065ed6645,LAB_AND_PUBLISHED_DATA,Protect the publication reproduction path,ACTIVE,NONE,active regression test,pytest regression for published_dataset and the active reproduction path,NONE IDENTIFIED,INFRASTRUCTURE,software/tests/test_published_dataset.py,"Protects an active code, evidence, or provenance path."
tests/test_q29_locator.py,py,ae3295fd92df4aaba239d3c2a7afc6eec91b4f38,ae3295fd92df4aaba239d3c2a7afc6eec91b4f38,BO_VS_DOE_TERMINAL_RULE,Historical experiment,HISTORICAL,NONE,historical regression test,NONE — no active claim consumer; preserved at archive/exploratory/tests/test_q29_locator.py,ACTIVE TEST SUITE DOES NOT CONSUME TARGET,ARCHIVE-VALID,archive/exploratory/tests/test_q29_locator.py,Test covers only an archived experiment or superseded implementation.
tests/test_q33_extrapolation.py,py,3b8f82f8687cd926555c8c42cbd080141dda9e53,3b8f82f8687cd926555c8c42cbd080141dda9e53,BO_VS_DOE_TERMINAL_RULE,Historical experiment,HISTORICAL,NONE,historical regression test,NONE — no active claim consumer; preserved at archive/exploratory/tests/test_q33_extrapolation.py,ACTIVE TEST SUITE DOES NOT CONSUME TARGET,ARCHIVE-VALID,archive/exploratory/tests/test_q33_extrapolation.py,Test covers only an archived experiment or superseded implementation.
tests/test_q34_factorial.py,py,a1420d4fc21e02d4303ccdbb0e992ab5e663fd73,a1420d4fc21e02d4303ccdbb0e992ab5e663fd73,BO_VS_DOE_TERMINAL_RULE,Historical experiment,HISTORICAL,NONE,historical regression test,NONE — no active claim consumer; preserved at archive/exploratory/tests/test_q34_factorial.py,ACTIVE TEST SUITE DOES NOT CONSUME TARGET,ARCHIVE-VALID,archive/exploratory/tests/test_q34_factorial.py,Test covers only an archived experiment or superseded implementation.
tests/test_q50_paired.py,py,9a2161ba162ccdc947eb7a96f58fb0405e2cacd6,b576491eac86c7d9e6dc81b8a8c51e355efdc43b,BO_VS_DOE_TERMINAL_RULE,Historical experiment,HISTORICAL,NONE,historical regression test,NONE — no active claim consumer; preserved at archive/exploratory/tests/test_q50_paired.py,ACTIVE TEST SUITE DOES NOT CONSUME TARGET,ARCHIVE-VALID,archive/exploratory/tests/test_q50_paired.py,Test covers only an archived experiment or superseded implementation.
tests/test_q59_map_rescore.py,py,a0ea7879638e23f1ced203c2a28a363d7fbd55e5,0f8a9f5949a9c7ba2c7596cd3d15d656d7103894,DESIGN_SPACE_PRE_SPADE,Historical experiment,HISTORICAL,NONE,historical regression test,NONE — no active claim consumer; preserved at archive/exploratory/tests/test_q59_map_rescore.py,ACTIVE TEST SUITE DOES NOT CONSUME TARGET,ARCHIVE-VALID,archive/exploratory/tests/test_q59_map_rescore.py,Test covers only an archived experiment or superseded implementation.
tests/test_reliable_region.py,py,346bff050e5de18267ef20addd5d2e8e7447a7f5,7cd3bcf35e39c7e145a8248e506cad77b2327f2c,SPADE_MANUFACTURING_RECOVERY,Historical experiment,HISTORICAL,NONE,historical regression test,NONE — no active claim consumer; preserved at archive/exploratory/tests/test_reliable_region.py,ACTIVE TEST SUITE DOES NOT CONSUME TARGET,ARCHIVE-VALID,archive/exploratory/tests/test_reliable_region.py,Test covers only an archived experiment or superseded implementation.
tests/test_replay.py,py,11e5beef3940e4e3d1e5637face5cd2e84cadf22,fe6e0ab6256544ccb68cf1fb77ab8071b07c13d9,DESIGN_SPACE_PRE_SPADE,Historical experiment,HISTORICAL,NONE,historical regression test,NONE — no active claim consumer; preserved at archive/exploratory/tests/test_replay.py,ACTIVE TEST SUITE DOES NOT CONSUME TARGET,ARCHIVE-VALID,archive/exploratory/tests/test_replay.py,Test covers only an archived experiment or superseded implementation.
tests/test_resolution.py,py,7ae6fc6347d03bd0a23dec49434ae551fdc075b6,7ae6fc6347d03bd0a23dec49434ae551fdc075b6,SPADE_MANUFACTURING_RECOVERY,Historical experiment,HISTORICAL,NONE,historical regression test,NONE — no active claim consumer; preserved at archive/exploratory/tests/test_resolution.py,ACTIVE TEST SUITE DOES NOT CONSUME TARGET,ARCHIVE-VALID,archive/exploratory/tests/test_resolution.py,Test covers only an archived experiment or superseded implementation.
tests/test_rsm.py,py,89e4babce0bb1cbce717d49eaaf733459162a861,89e4babce0bb1cbce717d49eaaf733459162a861,E1-E4_FOUNDATION,Protect the publication reproduction path,ACTIVE,NONE,active regression test,pytest regression for rsm and the active reproduction path,NONE IDENTIFIED,INFRASTRUCTURE,software/tests/test_rsm.py,"Protects an active code, evidence, or provenance path."
tests/test_rsm_stepwise.py,py,89e4babce0bb1cbce717d49eaaf733459162a861,89e4babce0bb1cbce717d49eaaf733459162a861,E1-E4_FOUNDATION,Protect the publication reproduction path,ACTIVE,NONE,active regression test,pytest regression for rsm_stepwise and the active reproduction path,NONE IDENTIFIED,INFRASTRUCTURE,software/tests/test_rsm_stepwise.py,"Protects an active code, evidence, or provenance path."
tests/test_rule_a_is_not_oracle_best.py,py,e2ccd528a31c261a3cec2d6e96c9b38c649003cf,e2ccd528a31c261a3cec2d6e96c9b38c649003cf,BO_VS_DOE_TERMINAL_RULE,Historical experiment,HISTORICAL,NONE,historical regression test,NONE — no active claim consumer; preserved at archive/exploratory/tests/test_rule_a_is_not_oracle_best.py,ACTIVE TEST SUITE DOES NOT CONSUME TARGET,ARCHIVE-VALID,archive/exploratory/tests/test_rule_a_is_not_oracle_best.py,Test covers only an archived experiment or superseded implementation.
tests/test_runner.py,py,89e4babce0bb1cbce717d49eaaf733459162a861,1cc9a3081d03b2f0a55719a9ac54fa037d47f6f0,BO_VS_DOE_TERMINAL_RULE,Protect the publication reproduction path,ACTIVE,NONE,active regression test,pytest regression for runner and the active reproduction path,NONE IDENTIFIED,INFRASTRUCTURE,software/tests/test_runner.py,"Protects an active code, evidence, or provenance path."
tests/test_seedbook.py,py,b2ade0444640e34eda1c15b4ee2b296fa6b9091a,b2ade0444640e34eda1c15b4ee2b296fa6b9091a,SPADE_DEVELOPMENT_AND_LOCKBOX,Protect the publication reproduction path,ACTIVE,NONE,active regression test,pytest regression for seedbook and the active reproduction path,NONE IDENTIFIED,INFRASTRUCTURE,software/tests/test_seedbook.py,"Protects an active code, evidence, or provenance path."
tests/test_selection.py,py,e2b9e7b04fb2618f1b073404761c11bb0cc9c868,e2b9e7b04fb2618f1b073404761c11bb0cc9c868,BO_VS_DOE_TERMINAL_RULE,Historical experiment,HISTORICAL,NONE,historical regression test,NONE — no active claim consumer; preserved at archive/exploratory/tests/test_selection.py,ACTIVE TEST SUITE DOES NOT CONSUME TARGET,ARCHIVE-VALID,archive/exploratory/tests/test_selection.py,Test covers only an archived experiment or superseded implementation.
tests/test_selection_blind.py,py,ed0ccf9ce911e2c70f26131cdcab0d21f57f0a1e,ed0ccf9ce911e2c70f26131cdcab0d21f57f0a1e,SPADE_MANUFACTURING_RECOVERY,Historical experiment,HISTORICAL,NONE,historical regression test,NONE — no active claim consumer; preserved at archive/exploratory/tests/test_selection_blind.py,ACTIVE TEST SUITE DOES NOT CONSUME TARGET,ARCHIVE-VALID,archive/exploratory/tests/test_selection_blind.py,Test covers only an archived experiment or superseded implementation.
tests/test_selfcalib.py,py,434a987dc1c767cb423acdd8ab41d081c8287d84,ede920ea02f1fa4757a85b09fc30a68359f09637,SPADE_MANUFACTURING_RECOVERY,Protect the publication reproduction path,ACTIVE,NONE,active regression test,pytest regression for selfcalib and the active reproduction path,NONE IDENTIFIED,INFRASTRUCTURE,software/tests/test_selfcalib.py,"Protects an active code, evidence, or provenance path."
tests/test_sequential_rsm.py,py,fd842ac81b1b6aa701799970a4a117776afd5eaf,fd842ac81b1b6aa701799970a4a117776afd5eaf,BO_VS_DOE_TERMINAL_RULE,Historical experiment,HISTORICAL,NONE,historical regression test,NONE — no active claim consumer; preserved at archive/exploratory/tests/test_sequential_rsm.py,ACTIVE TEST SUITE DOES NOT CONSUME TARGET,ARCHIVE-VALID,archive/exploratory/tests/test_sequential_rsm.py,Test covers only an archived experiment or superseded implementation.
tests/test_spade.py,py,4a0f7d0d9ae8799de67a0467c1209868b0b789d3,13c5c933cbcacf52428f5b98703b6c6b265e8200,SPADE_DEVELOPMENT_AND_LOCKBOX,Historical experiment,HISTORICAL,NONE,historical regression test,NONE — no active claim consumer; preserved at archive/exploratory/tests/test_spade.py,ACTIVE TEST SUITE DOES NOT CONSUME TARGET,ARCHIVE-VALID,archive/exploratory/tests/test_spade.py,Test covers only an archived experiment or superseded implementation.
tests/test_spade_actions_matrix.py,py,4da57874183870b25823e2d648a995e318873868,4da57874183870b25823e2d648a995e318873868,SPADE_MANUFACTURING_RECOVERY,Historical experiment,HISTORICAL,NONE,historical regression test,NONE — no active claim consumer; preserved at archive/exploratory/tests/test_spade_actions_matrix.py,ACTIVE TEST SUITE DOES NOT CONSUME TARGET,ARCHIVE-VALID,archive/exploratory/tests/test_spade_actions_matrix.py,Test covers only an archived experiment or superseded implementation.
tests/test_spade_actions_workflow.py,py,2f10458d9e4444f66647491dd5ddd8a8c9a7e46f,2f10458d9e4444f66647491dd5ddd8a8c9a7e46f,SPADE_MANUFACTURING_RECOVERY,Historical experiment,HISTORICAL,NONE,historical regression test,NONE — no active claim consumer; preserved at archive/exploratory/tests/test_spade_actions_workflow.py,ACTIVE TEST SUITE DOES NOT CONSUME TARGET,ARCHIVE-VALID,archive/exploratory/tests/test_spade_actions_workflow.py,Test covers only an archived experiment or superseded implementation.
tests/test_spade_development.py,py,5ba499f4f50df4e041144603bcf92a16676c4028,eea2b308e06224fb5f3a7dceccfcd7242c5dc63a,SPADE_MANUFACTURING_RECOVERY,Historical experiment,HISTORICAL,NONE,historical regression test,NONE — no active claim consumer; preserved at archive/exploratory/tests/test_spade_development.py,ACTIVE TEST SUITE DOES NOT CONSUME TARGET,ARCHIVE-VALID,archive/exploratory/tests/test_spade_development.py,Test covers only an archived experiment or superseded implementation.
tests/test_spade_development_merge.py,py,c69296a84983394707622873b04d7cab7af22b02,e53f9e3485572660a5294c391a27e7ceeb915ef0,SPADE_MANUFACTURING_RECOVERY,Historical experiment,HISTORICAL,NONE,historical regression test,NONE — no active claim consumer; preserved at archive/exploratory/tests/test_spade_development_merge.py,ACTIVE TEST SUITE DOES NOT CONSUME TARGET,ARCHIVE-VALID,archive/exploratory/tests/test_spade_development_merge.py,Test covers only an archived experiment or superseded implementation.
tests/test_spade_lockbox.py,py,a7825b07ab8b4a4b538d1a794b711e21c3d6ed02,eea2b308e06224fb5f3a7dceccfcd7242c5dc63a,SPADE_MANUFACTURING_RECOVERY,Historical experiment,HISTORICAL,NONE,historical regression test,NONE — no active claim consumer; preserved at archive/exploratory/tests/test_spade_lockbox.py,ACTIVE TEST SUITE DOES NOT CONSUME TARGET,ARCHIVE-VALID,archive/exploratory/tests/test_spade_lockbox.py,Test covers only an archived experiment or superseded implementation.
tests/test_spade_power.py,py,eab61476ae2f52adf677b7929259d4a32200900a,6b679e2bb8041a988d73027f39dd5ffe25409b8f,SPADE_DEVELOPMENT_AND_LOCKBOX,Historical experiment,HISTORICAL,NONE,historical regression test,NONE — no active claim consumer; preserved at archive/exploratory/tests/test_spade_power.py,ACTIVE TEST SUITE DOES NOT CONSUME TARGET,ARCHIVE-VALID,archive/exploratory/tests/test_spade_power.py,Test covers only an archived experiment or superseded implementation.
tests/test_spade_power_plan.py,py,02730d8bed4d43005235a4453c37e726364c9c56,8582ae3fc602ad376919807fdff2271d48ad92d4,SPADE_DEVELOPMENT_AND_LOCKBOX,Historical experiment,HISTORICAL,NONE,historical regression test,NONE — no active claim consumer; preserved at archive/exploratory/tests/test_spade_power_plan.py,ACTIVE TEST SUITE DOES NOT CONSUME TARGET,ARCHIVE-VALID,archive/exploratory/tests/test_spade_power_plan.py,Test covers only an archived experiment or superseded implementation.
tests/test_spade_release.py,py,a7825b07ab8b4a4b538d1a794b711e21c3d6ed02,eea2b308e06224fb5f3a7dceccfcd7242c5dc63a,SPADE_MANUFACTURING_RECOVERY,Historical experiment,HISTORICAL,NONE,historical regression test,NONE — no active claim consumer; preserved at archive/exploratory/tests/test_spade_release.py,ACTIVE TEST SUITE DOES NOT CONSUME TARGET,ARCHIVE-VALID,archive/exploratory/tests/test_spade_release.py,Test covers only an archived experiment or superseded implementation.
tests/test_spade_study.py,py,6f3d42f6c658eac699c9b89d6c26509b3f548dbf,7cd3bcf35e39c7e145a8248e506cad77b2327f2c,SPADE_MANUFACTURING_RECOVERY,Historical experiment,HISTORICAL,NONE,historical regression test,NONE — no active claim consumer; preserved at archive/exploratory/tests/test_spade_study.py,ACTIVE TEST SUITE DOES NOT CONSUME TARGET,ARCHIVE-VALID,archive/exploratory/tests/test_spade_study.py,Test covers only an archived experiment or superseded implementation.
tests/test_spread_gp.py,py,9c7a0810176f3e533b8ec66c82c117b540f78119,9c7a0810176f3e533b8ec66c82c117b540f78119,BO_VS_DOE_TERMINAL_RULE,Historical experiment,HISTORICAL,NONE,historical regression test,NONE — no active claim consumer; preserved at archive/exploratory/tests/test_spread_gp.py,ACTIVE TEST SUITE DOES NOT CONSUME TARGET,ARCHIVE-VALID,archive/exploratory/tests/test_spread_gp.py,Test covers only an archived experiment or superseded implementation.
tests/test_sur.py,py,458ff424614fefdcc23415f6837889043c9ac978,458ff424614fefdcc23415f6837889043c9ac978,SPADE_MANUFACTURING_RECOVERY,Historical experiment,HISTORICAL,NONE,historical regression test,NONE — no active claim consumer; preserved at archive/exploratory/tests/test_sur.py,ACTIVE TEST SUITE DOES NOT CONSUME TARGET,ARCHIVE-VALID,archive/exploratory/tests/test_sur.py,Test covers only an archived experiment or superseded implementation.
tests/test_surrogate.py,py,89e4babce0bb1cbce717d49eaaf733459162a861,01d2ea532b92a178bdfa13fb023d7146f783b88d,SPADE_DEVELOPMENT_AND_LOCKBOX,Protect the publication reproduction path,ACTIVE,NONE,active regression test,pytest regression for surrogate and the active reproduction path,NONE IDENTIFIED,INFRASTRUCTURE,software/tests/test_surrogate.py,"Protects an active code, evidence, or provenance path."
tests/test_topk.py,py,bf4845bb462252829dec3edab55eb1e845b7fdba,bf4845bb462252829dec3edab55eb1e845b7fdba,SPADE_MANUFACTURING_RECOVERY,Protect the publication reproduction path,ACTIVE,NONE,active regression test,pytest regression for topk and the active reproduction path,NONE IDENTIFIED,INFRASTRUCTURE,software/tests/test_topk.py,"Protects an active code, evidence, or provenance path."
tests/test_torch_oracle.py,py,2cdc8ca9ad30f3320e0a0e164e983b6e071fd406,398ed731cb8e632cd482d0bfd3465a358a0aec45,SPADE_DEVELOPMENT_AND_LOCKBOX,Protect the publication reproduction path,ACTIVE,NONE,active regression test,pytest regression for torch_oracle and the active reproduction path,NONE IDENTIFIED,INFRASTRUCTURE,software/tests/test_torch_oracle.py,"Protects an active code, evidence, or provenance path."
tests/test_variance_reduction.py,py,01d2ea532b92a178bdfa13fb023d7146f783b88d,9160a511ef3cbcca45f20889f01e5d5615c3eea8,SPADE_DEVELOPMENT_AND_LOCKBOX,Historical experiment,HISTORICAL,NONE,historical regression test,NONE — no active claim consumer; preserved at archive/exploratory/tests/test_variance_reduction.py,ACTIVE TEST SUITE DOES NOT CONSUME TARGET,ARCHIVE-VALID,archive/exploratory/tests/test_variance_reduction.py,Test covers only an archived experiment or superseded implementation.
tests/test_versionc.py,py,827d22eb13c1b6866c4a45bcd3bf3e051a391f2d,0f8a9f5949a9c7ba2c7596cd3d15d656d7103894,DESIGN_SPACE_PRE_SPADE,Historical experiment,HISTORICAL,NONE,historical regression test,NONE — no active claim consumer; preserved at archive/exploratory/tests/test_versionc.py,ACTIVE TEST SUITE DOES NOT CONSUME TARGET,ARCHIVE-VALID,archive/exploratory/tests/test_versionc.py,Test covers only an archived experiment or superseded implementation.
tests/test_versionc_analysis.py,py,4f7371e730defe7b10a33620a325fb41d312c55c,4f7371e730defe7b10a33620a325fb41d312c55c,DESIGN_SPACE_PRE_SPADE,Historical experiment,HISTORICAL,NONE,historical regression test,NONE — no active claim consumer; preserved at archive/exploratory/tests/test_versionc_analysis.py,ACTIVE TEST SUITE DOES NOT CONSUME TARGET,ARCHIVE-VALID,archive/exploratory/tests/test_versionc_analysis.py,Test covers only an archived experiment or superseded implementation.
tests/test_versionc_boundary.py,py,2ca82dde218e39e020283cd0e3a2c36cdd4f3d2f,f086b341059b4821b8abb1caf6c82f580ce27b9b,DESIGN_SPACE_PRE_SPADE,Historical experiment,HISTORICAL,NONE,historical regression test,NONE — no active claim consumer; preserved at archive/exploratory/tests/test_versionc_boundary.py,ACTIVE TEST SUITE DOES NOT CONSUME TARGET,ARCHIVE-VALID,archive/exploratory/tests/test_versionc_boundary.py,Test covers only an archived experiment or superseded implementation.
tests/test_versionc_components_family.py,py,932809df117465cd4bd7f4e96a4df87945f582f1,10deca84b3c23768b20f248b814c55754af1ceb6,DESIGN_SPACE_PRE_SPADE,Historical experiment,HISTORICAL,NONE,historical regression test,NONE — no active claim consumer; preserved at archive/exploratory/tests/test_versionc_components_family.py,ACTIVE TEST SUITE DOES NOT CONSUME TARGET,ARCHIVE-VALID,archive/exploratory/tests/test_versionc_components_family.py,Test covers only an archived experiment or superseded implementation.
tests/test_versionc_conventions.py,py,186e32e08de08eb7e6030522426712fd7e976891,186e32e08de08eb7e6030522426712fd7e976891,DESIGN_SPACE_PRE_SPADE,Historical experiment,HISTORICAL,NONE,historical regression test,NONE — no active claim consumer; preserved at archive/exploratory/tests/test_versionc_conventions.py,ACTIVE TEST SUITE DOES NOT CONSUME TARGET,ARCHIVE-VALID,archive/exploratory/tests/test_versionc_conventions.py,Test covers only an archived experiment or superseded implementation.
tests/test_versionc_detector_heldout.py,py,56713be5b8022f85f1db6d158be1060f77fc6426,56713be5b8022f85f1db6d158be1060f77fc6426,DESIGN_SPACE_PRE_SPADE,Historical experiment,HISTORICAL,NONE,historical regression test,NONE — no active claim consumer; preserved at archive/exploratory/tests/test_versionc_detector_heldout.py,ACTIVE TEST SUITE DOES NOT CONSUME TARGET,ARCHIVE-VALID,archive/exploratory/tests/test_versionc_detector_heldout.py,Test covers only an archived experiment or superseded implementation.
tests/test_versionc_detector_run.py,py,9a03fb3fea65c4bd14c41bdcc9da18c56e93c018,9a03fb3fea65c4bd14c41bdcc9da18c56e93c018,DESIGN_SPACE_PRE_SPADE,Historical experiment,HISTORICAL,NONE,historical regression test,NONE — no active claim consumer; preserved at archive/exploratory/tests/test_versionc_detector_run.py,ACTIVE TEST SUITE DOES NOT CONSUME TARGET,ARCHIVE-VALID,archive/exploratory/tests/test_versionc_detector_run.py,Test covers only an archived experiment or superseded implementation.
tests/test_versionc_form1.py,py,0f8a9f5949a9c7ba2c7596cd3d15d656d7103894,0f8a9f5949a9c7ba2c7596cd3d15d656d7103894,DESIGN_SPACE_PRE_SPADE,Historical experiment,HISTORICAL,NONE,historical regression test,NONE — no active claim consumer; preserved at archive/exploratory/tests/test_versionc_form1.py,ACTIVE TEST SUITE DOES NOT CONSUME TARGET,ARCHIVE-VALID,archive/exploratory/tests/test_versionc_form1.py,Test covers only an archived experiment or superseded implementation.
tests/test_versionc_gate.py,py,02a4728620f09139c335a0f447f8a5f28384accf,02a4728620f09139c335a0f447f8a5f28384accf,DESIGN_SPACE_PRE_SPADE,Historical experiment,HISTORICAL,NONE,historical regression test,NONE — no active claim consumer; preserved at archive/exploratory/tests/test_versionc_gate.py,ACTIVE TEST SUITE DOES NOT CONSUME TARGET,ARCHIVE-VALID,archive/exploratory/tests/test_versionc_gate.py,Test covers only an archived experiment or superseded implementation.
tests/test_versionc_kills.py,py,8a677414c1c6a91a5421297712971d42659b8a0f,b22bb58ed5dbf9a1a7955a71f5c036c55b38ec9b,DESIGN_SPACE_PRE_SPADE,Historical experiment,HISTORICAL,NONE,historical regression test,NONE — no active claim consumer; preserved at archive/exploratory/tests/test_versionc_kills.py,ACTIVE TEST SUITE DOES NOT CONSUME TARGET,ARCHIVE-VALID,archive/exploratory/tests/test_versionc_kills.py,Test covers only an archived experiment or superseded implementation.
tests/test_versionc_kills_summary.py,py,fc30aa434794ce76b55d57fc2a8e9b7458635537,fc30aa434794ce76b55d57fc2a8e9b7458635537,DESIGN_SPACE_PRE_SPADE,Historical experiment,HISTORICAL,NONE,historical regression test,NONE — no active claim consumer; preserved at archive/exploratory/tests/test_versionc_kills_summary.py,ACTIVE TEST SUITE DOES NOT CONSUME TARGET,ARCHIVE-VALID,archive/exploratory/tests/test_versionc_kills_summary.py,Test covers only an archived experiment or superseded implementation.
tests/test_vorobev.py,py,4620979561dc9ff8a1f1c78ffe53d494b778a91d,346bff050e5de18267ef20addd5d2e8e7447a7f5,SPADE_DEVELOPMENT_AND_LOCKBOX,Protect the publication reproduction path,ACTIVE,NONE,active regression test,pytest regression for vorobev and the active reproduction path,NONE IDENTIFIED,INFRASTRUCTURE,software/tests/test_vorobev.py,"Protects an active code, evidence, or provenance path."
